[0m19:16:40.662006 [debug] [MainThread]: Sending event: {'category': 'dbt', 'action': 'invocation', 'label': 'start', 'context': [<snowplow_tracker.self_describing_json.SelfDescribingJson object at 0x108cfff50>, <snowplow_tracker.self_describing_json.SelfDescribingJson object at 0x108d76190>, <snowplow_tracker.self_describing_json.SelfDescribingJson object at 0x108d4acd0>]}


============================== 19:16:40.664627 | 378ad0e5-9970-4a0f-9c72-cc807e454338 ==============================
[0m19:16:40.664627 [info ] [MainThread]: Running with dbt=1.8.0
[0m19:16:40.664961 [debug] [MainThread]: running dbt with arguments {'printer_width': '80', 'indirect_selection': 'eager', 'write_json': 'True', 'log_cache_events': 'False', 'partial_parse': 'True', 'cache_selected_only': 'False', 'warn_error': 'None', 'fail_fast': 'False', 'version_check': 'True', 'log_path': '/Users/admin/Desktop/Portfolio/dbt_financial/logs', 'debug': 'False', 'profiles_dir': '.', 'use_colors': 'True', 'use_experimental_parser': 'False', 'no_print': 'None', 'quiet': 'False', 'warn_error_options': 'WarnErrorOptions(include=[], exclude=[])', 'static_parser': 'True', 'log_format': 'default', 'invocation_command': 'dbt debug --profiles-dir .', 'target_path': 'None', 'introspect': 'True', 'send_anonymous_usage_stats': 'True'}
[0m19:16:40.672975 [info ] [MainThread]: dbt version: 1.8.0
[0m19:16:40.673245 [info ] [MainThread]: python version: 3.11.12
[0m19:16:40.673409 [info ] [MainThread]: python path: /opt/homebrew/opt/python@3.11/bin/python3.11
[0m19:16:40.673549 [info ] [MainThread]: os info: macOS-13.5-arm64-arm-64bit
[0m19:16:40.779446 [info ] [MainThread]: Using profiles dir at .
[0m19:16:40.779754 [info ] [MainThread]: Using profiles.yml file at ./profiles.yml
[0m19:16:40.779907 [info ] [MainThread]: Using dbt_project.yml file at /Users/admin/Desktop/Portfolio/dbt_financial/dbt_project.yml
[0m19:16:40.780945 [info ] [MainThread]: adapter type: duckdb
[0m19:16:40.781130 [info ] [MainThread]: adapter version: 1.10.0
[0m19:16:40.816622 [info ] [MainThread]: Configuration:
[0m19:16:40.816940 [info ] [MainThread]:   profiles.yml file [[32mOK found and valid[0m]
[0m19:16:40.817083 [info ] [MainThread]:   dbt_project.yml file [[32mOK found and valid[0m]
[0m19:16:40.817213 [info ] [MainThread]: Required dependencies:
[0m19:16:40.817380 [debug] [MainThread]: Executing "git --help"
[0m19:16:40.831232 [debug] [MainThread]: STDOUT: "b"usage: git [-v | --version] [-h | --help] [-C <path>] [-c <name>=<value>]\n           [--exec-path[=<path>]] [--html-path] [--man-path] [--info-path]\n           [-p | --paginate | -P | --no-pager] [--no-replace-objects] [--no-lazy-fetch]\n           [--no-optional-locks] [--no-advice] [--bare] [--git-dir=<path>]\n           [--work-tree=<path>] [--namespace=<name>] [--config-env=<name>=<envvar>]\n           <command> [<args>]\n\nThese are common Git commands used in various situations:\n\nstart a working area (see also: git help tutorial)\n   clone      Clone a repository into a new directory\n   init       Create an empty Git repository or reinitialize an existing one\n\nwork on the current change (see also: git help everyday)\n   add        Add file contents to the index\n   mv         Move or rename a file, a directory, or a symlink\n   restore    Restore working tree files\n   rm         Remove files from the working tree and from the index\n\nexamine the history and state (see also: git help revisions)\n   bisect     Use binary search to find the commit that introduced a bug\n   diff       Show changes between commits, commit and working tree, etc\n   grep       Print lines matching a pattern\n   log        Show commit logs\n   show       Show various types of objects\n   status     Show the working tree status\n\ngrow, mark and tweak your common history\n   backfill   Download missing objects in a partial clone\n   branch     List, create, or delete branches\n   commit     Record changes to the repository\n   merge      Join two or more development histories together\n   rebase     Reapply commits on top of another base tip\n   reset      Reset current HEAD to the specified state\n   switch     Switch branches\n   tag        Create, list, delete or verify a tag object signed with GPG\n\ncollaborate (see also: git help workflows)\n   fetch      Download objects and refs from another repository\n   pull       Fetch from and integrate with another repository or a local branch\n   push       Update remote refs along with associated objects\n\n'git help -a' and 'git help -g' list available subcommands and some\nconcept guides. See 'git help <command>' or 'git help <concept>'\nto read about a specific subcommand or concept.\nSee 'git help git' for an overview of the system.\n""
[0m19:16:40.831764 [debug] [MainThread]: STDERR: "b''"
[0m19:16:40.831959 [info ] [MainThread]:  - git [[32mOK found[0m]

[0m19:16:40.832119 [info ] [MainThread]: Connection:
[0m19:16:40.832298 [info ] [MainThread]:   database: financial_model
[0m19:16:40.832422 [info ] [MainThread]:   schema: main
[0m19:16:40.832546 [info ] [MainThread]:   path: /Users/admin/Desktop/Portfolio/financial_model.duckdb
[0m19:16:40.832665 [info ] [MainThread]:   config_options: None
[0m19:16:40.832785 [info ] [MainThread]:   extensions: None
[0m19:16:40.832903 [info ] [MainThread]:   settings: {}
[0m19:16:40.833017 [info ] [MainThread]:   external_root: .
[0m19:16:40.833137 [info ] [MainThread]:   use_credential_provider: None
[0m19:16:40.833251 [info ] [MainThread]:   attach: None
[0m19:16:40.833366 [info ] [MainThread]:   filesystems: None
[0m19:16:40.833497 [info ] [MainThread]:   remote: None
[0m19:16:40.833613 [info ] [MainThread]:   plugins: None
[0m19:16:40.833731 [info ] [MainThread]:   disable_transactions: False
[0m19:16:40.834045 [info ] [MainThread]: Registered adapter: duckdb=1.10.0
[0m19:16:41.089499 [debug] [MainThread]: Acquiring new duckdb connection 'debug'
[0m19:16:41.120610 [debug] [MainThread]: Using duckdb connection "debug"
[0m19:16:41.121111 [debug] [MainThread]: On debug: select 1 as id
[0m19:16:41.121357 [debug] [MainThread]: Opening a new connection, currently in state init
[0m19:16:41.138216 [debug] [MainThread]: SQL status: OK in 0.017 seconds
[0m19:16:41.138837 [debug] [MainThread]: On debug: Close
[0m19:16:41.139049 [info ] [MainThread]:   Connection test: [[32mOK connection ok[0m]

[0m19:16:41.139213 [info ] [MainThread]: [32mAll checks passed![0m
[0m19:16:41.174511 [debug] [MainThread]: Resource report: {"command_name": "debug", "command_success": true, "command_wall_clock_time": 0.54752773, "process_user_time": 0.778676, "process_kernel_time": 0.220726, "process_mem_max_rss": "135036928", "process_in_blocks": "0", "process_out_blocks": "0"}
[0m19:16:41.175013 [debug] [MainThread]: Command `dbt debug` succeeded at 19:16:41.174941 after 0.55 seconds
[0m19:16:41.175235 [debug] [MainThread]: Connection 'debug' was properly closed.
[0m19:16:41.175468 [debug] [MainThread]: Sending event: {'category': 'dbt', 'action': 'invocation', 'label': 'end', 'context': [<snowplow_tracker.self_describing_json.SelfDescribingJson object at 0x104b2b190>, <snowplow_tracker.self_describing_json.SelfDescribingJson object at 0x108e2c090>, <snowplow_tracker.self_describing_json.SelfDescribingJson object at 0x108e2f650>]}
[0m19:16:41.175723 [debug] [MainThread]: Flushing usage events
[0m19:17:08.081023 [debug] [MainThread]: Sending event: {'category': 'dbt', 'action': 'invocation', 'label': 'start', 'context': [<snowplow_tracker.self_describing_json.SelfDescribingJson object at 0x10abd60d0>, <snowplow_tracker.self_describing_json.SelfDescribingJson object at 0x10a8707d0>, <snowplow_tracker.self_describing_json.SelfDescribingJson object at 0x10ac2fa50>]}


============================== 19:17:08.083726 | ff65c22c-6f58-4c48-8a68-a03a3b21648d ==============================
[0m19:17:08.083726 [info ] [MainThread]: Running with dbt=1.8.0
[0m19:17:08.084088 [debug] [MainThread]: running dbt with arguments {'printer_width': '80', 'indirect_selection': 'eager', 'log_cache_events': 'False', 'write_json': 'True', 'partial_parse': 'True', 'cache_selected_only': 'False', 'profiles_dir': '.', 'debug': 'False', 'warn_error': 'None', 'log_path': '/Users/admin/Desktop/Portfolio/dbt_financial/logs', 'version_check': 'True', 'fail_fast': 'False', 'use_colors': 'True', 'use_experimental_parser': 'False', 'no_print': 'None', 'quiet': 'False', 'warn_error_options': 'WarnErrorOptions(include=[], exclude=[])', 'static_parser': 'True', 'introspect': 'True', 'invocation_command': 'dbt run --profiles-dir .', 'target_path': 'None', 'log_format': 'default', 'send_anonymous_usage_stats': 'True'}
[0m19:17:08.333741 [debug] [MainThread]: Sending event: {'category': 'dbt', 'action': 'project_id', 'label': 'ff65c22c-6f58-4c48-8a68-a03a3b21648d', 'context': [<snowplow_tracker.self_describing_json.SelfDescribingJson object at 0x10ac57c90>]}
[0m19:17:08.356857 [debug] [MainThread]: Sending event: {'category': 'dbt', 'action': 'adapter_info', 'label': 'ff65c22c-6f58-4c48-8a68-a03a3b21648d', 'context': [<snowplow_tracker.self_describing_json.SelfDescribingJson object at 0x108297b90>]}
[0m19:17:08.358381 [info ] [MainThread]: Registered adapter: duckdb=1.10.0
[0m19:17:08.419833 [debug] [MainThread]: checksum: dbb12d416fdb55e3665e4828703bbedf40c5c90ed7ca6ff39bbbfb29b12b0a92, vars: {}, profile: , target: , version: 1.8.0
[0m19:17:08.420367 [info ] [MainThread]: Unable to do partial parsing because saved manifest not found. Starting full parse.
[0m19:17:08.420581 [debug] [MainThread]: Sending event: {'category': 'dbt', 'action': 'partial_parser', 'label': 'ff65c22c-6f58-4c48-8a68-a03a3b21648d', 'context': [<snowplow_tracker.self_describing_json.SelfDescribingJson object at 0x10ac98d50>]}
[0m19:17:08.924471 [debug] [MainThread]: Sending event: {'category': 'dbt', 'action': 'load_project', 'label': 'ff65c22c-6f58-4c48-8a68-a03a3b21648d', 'context': [<snowplow_tracker.self_describing_json.SelfDescribingJson object at 0x10b5677d0>]}
[0m19:17:08.966980 [debug] [MainThread]: Sending event: {'category': 'dbt', 'action': 'resource_counts', 'label': 'ff65c22c-6f58-4c48-8a68-a03a3b21648d', 'context': [<snowplow_tracker.self_describing_json.SelfDescribingJson object at 0x10b5275d0>]}
[0m19:17:08.967275 [info ] [MainThread]: Found 6 models, 4 sources, 438 macros
[0m19:17:08.967441 [debug] [MainThread]: Sending event: {'category': 'dbt', 'action': 'runnable_timing', 'label': 'ff65c22c-6f58-4c48-8a68-a03a3b21648d', 'context': [<snowplow_tracker.self_describing_json.SelfDescribingJson object at 0x10aca91d0>]}
[0m19:17:08.968334 [info ] [MainThread]: 
[0m19:17:08.968588 [debug] [MainThread]: Acquiring new duckdb connection 'master'
[0m19:17:08.971032 [debug] [ThreadPool]: Acquiring new duckdb connection 'list_financial_model'
[0m19:17:08.996224 [debug] [ThreadPool]: Using duckdb connection "list_financial_model"
[0m19:17:08.996460 [debug] [ThreadPool]: On list_financial_model: /* {"app": "dbt", "dbt_version": "1.8.0", "profile_name": "financial_twin", "target_name": "dev", "connection_name": "list_financial_model"} */

    
    select schema_name
    from system.information_schema.schemata
    
    where lower(catalog_name) = '"financial_model"'
    
  
  
[0m19:17:08.996599 [debug] [ThreadPool]: Opening a new connection, currently in state init
[0m19:17:09.013159 [debug] [ThreadPool]: SQL status: OK in 0.016 seconds
[0m19:17:09.014325 [debug] [ThreadPool]: On list_financial_model: Close
[0m19:17:09.014688 [debug] [ThreadPool]: Re-using an available connection from the pool (formerly list_financial_model, now create_financial_model_main)
[0m19:17:09.014942 [debug] [ThreadPool]: Creating schema "database: "financial_model"
schema: "main"
"
[0m19:17:09.018088 [debug] [ThreadPool]: Using duckdb connection "create_financial_model_main"
[0m19:17:09.018257 [debug] [ThreadPool]: On create_financial_model_main: /* {"app": "dbt", "dbt_version": "1.8.0", "profile_name": "financial_twin", "target_name": "dev", "connection_name": "create_financial_model_main"} */

    
        select type from duckdb_databases()
        where lower(database_name)='financial_model'
        and type='sqlite'
    
  
[0m19:17:09.018397 [debug] [ThreadPool]: Opening a new connection, currently in state closed
[0m19:17:09.019214 [debug] [ThreadPool]: SQL status: OK in 0.001 seconds
[0m19:17:09.019983 [debug] [ThreadPool]: Using duckdb connection "create_financial_model_main"
[0m19:17:09.020148 [debug] [ThreadPool]: On create_financial_model_main: BEGIN
[0m19:17:09.020403 [debug] [ThreadPool]: SQL status: OK in 0.000 seconds
[0m19:17:09.020533 [debug] [ThreadPool]: Using duckdb connection "create_financial_model_main"
[0m19:17:09.020663 [debug] [ThreadPool]: On create_financial_model_main: /* {"app": "dbt", "dbt_version": "1.8.0", "profile_name": "financial_twin", "target_name": "dev", "connection_name": "create_financial_model_main"} */

    
    
        create schema if not exists "financial_model"."main"
    
[0m19:17:09.021064 [debug] [ThreadPool]: SQL status: OK in 0.000 seconds
[0m19:17:09.021426 [debug] [ThreadPool]: On create_financial_model_main: COMMIT
[0m19:17:09.021558 [debug] [ThreadPool]: Using duckdb connection "create_financial_model_main"
[0m19:17:09.021674 [debug] [ThreadPool]: On create_financial_model_main: COMMIT
[0m19:17:09.021871 [debug] [ThreadPool]: SQL status: OK in 0.000 seconds
[0m19:17:09.022001 [debug] [ThreadPool]: On create_financial_model_main: Close
[0m19:17:09.022618 [debug] [ThreadPool]: Re-using an available connection from the pool (formerly create_financial_model_main, now list_financial_model_main)
[0m19:17:09.025141 [debug] [ThreadPool]: Using duckdb connection "list_financial_model_main"
[0m19:17:09.025289 [debug] [ThreadPool]: On list_financial_model_main: BEGIN
[0m19:17:09.025409 [debug] [ThreadPool]: Opening a new connection, currently in state closed
[0m19:17:09.025645 [debug] [ThreadPool]: SQL status: OK in 0.000 seconds
[0m19:17:09.025773 [debug] [ThreadPool]: Using duckdb connection "list_financial_model_main"
[0m19:17:09.025909 [debug] [ThreadPool]: On list_financial_model_main: /* {"app": "dbt", "dbt_version": "1.8.0", "profile_name": "financial_twin", "target_name": "dev", "connection_name": "list_financial_model_main"} */
select
      'financial_model' as database,
      table_name as name,
      table_schema as schema,
      CASE table_type
        WHEN 'BASE TABLE' THEN 'table'
        WHEN 'VIEW' THEN 'view'
        WHEN 'LOCAL TEMPORARY' THEN 'table'
        END as type
    from system.information_schema.tables
    where lower(table_schema) = 'main'
    and lower(table_catalog) = 'financial_model'
  
[0m19:17:09.035958 [debug] [ThreadPool]: SQL status: OK in 0.010 seconds
[0m19:17:09.036840 [debug] [ThreadPool]: On list_financial_model_main: ROLLBACK
[0m19:17:09.037468 [debug] [ThreadPool]: Failed to rollback 'list_financial_model_main'
[0m19:17:09.037624 [debug] [ThreadPool]: On list_financial_model_main: Close
[0m19:17:09.038304 [debug] [MainThread]: Sending event: {'category': 'dbt', 'action': 'runnable_timing', 'label': 'ff65c22c-6f58-4c48-8a68-a03a3b21648d', 'context': [<snowplow_tracker.self_describing_json.SelfDescribingJson object at 0x10b31c890>]}
[0m19:17:09.038539 [debug] [MainThread]: Using duckdb connection "master"
[0m19:17:09.038671 [debug] [MainThread]: On master: BEGIN
[0m19:17:09.038789 [debug] [MainThread]: Opening a new connection, currently in state init
[0m19:17:09.039082 [debug] [MainThread]: SQL status: OK in 0.000 seconds
[0m19:17:09.039211 [debug] [MainThread]: On master: COMMIT
[0m19:17:09.039330 [debug] [MainThread]: Using duckdb connection "master"
[0m19:17:09.039449 [debug] [MainThread]: On master: COMMIT
[0m19:17:09.039641 [debug] [MainThread]: SQL status: OK in 0.000 seconds
[0m19:17:09.039771 [debug] [MainThread]: On master: Close
[0m19:17:09.039956 [info ] [MainThread]: Concurrency: 4 threads (target='dev')
[0m19:17:09.040111 [info ] [MainThread]: 
[0m19:17:09.041477 [debug] [Thread-1 (]: Began running node model.financial_twin.stg_budget
[0m19:17:09.041646 [debug] [Thread-2 (]: Began running node model.financial_twin.stg_customers
[0m19:17:09.041817 [debug] [Thread-3 (]: Began running node model.financial_twin.stg_subscriptions
[0m19:17:09.042042 [info ] [Thread-1 (]: 1 of 6 START sql view model main.stg_budget .................................... [RUN]
[0m19:17:09.042278 [info ] [Thread-2 (]: 2 of 6 START sql view model main.stg_customers ................................. [RUN]
[0m19:17:09.042509 [info ] [Thread-3 (]: 3 of 6 START sql view model main.stg_subscriptions ............................. [RUN]
[0m19:17:09.042709 [debug] [Thread-1 (]: Re-using an available connection from the pool (formerly list_financial_model_main, now model.financial_twin.stg_budget)
[0m19:17:09.042921 [debug] [Thread-2 (]: Acquiring new duckdb connection 'model.financial_twin.stg_customers'
[0m19:17:09.043116 [debug] [Thread-3 (]: Acquiring new duckdb connection 'model.financial_twin.stg_subscriptions'
[0m19:17:09.043266 [debug] [Thread-1 (]: Began compiling node model.financial_twin.stg_budget
[0m19:17:09.043451 [debug] [Thread-2 (]: Began compiling node model.financial_twin.stg_customers
[0m19:17:09.043672 [debug] [Thread-3 (]: Began compiling node model.financial_twin.stg_subscriptions
[0m19:17:09.047704 [debug] [Thread-1 (]: Writing injected SQL for node "model.financial_twin.stg_budget"
[0m19:17:09.049068 [debug] [Thread-2 (]: Writing injected SQL for node "model.financial_twin.stg_customers"
[0m19:17:09.050310 [debug] [Thread-3 (]: Writing injected SQL for node "model.financial_twin.stg_subscriptions"
[0m19:17:09.050905 [debug] [Thread-3 (]: Began executing node model.financial_twin.stg_subscriptions
[0m19:17:09.051073 [debug] [Thread-1 (]: Began executing node model.financial_twin.stg_budget
[0m19:17:09.051236 [debug] [Thread-2 (]: Began executing node model.financial_twin.stg_customers
[0m19:17:09.065693 [debug] [Thread-3 (]: Writing runtime sql for node "model.financial_twin.stg_subscriptions"
[0m19:17:09.067393 [debug] [Thread-1 (]: Writing runtime sql for node "model.financial_twin.stg_budget"
[0m19:17:09.069742 [debug] [Thread-2 (]: Writing runtime sql for node "model.financial_twin.stg_customers"
[0m19:17:09.070400 [debug] [Thread-1 (]: Using duckdb connection "model.financial_twin.stg_budget"
[0m19:17:09.070585 [debug] [Thread-1 (]: On model.financial_twin.stg_budget: BEGIN
[0m19:17:09.070745 [debug] [Thread-1 (]: Opening a new connection, currently in state closed
[0m19:17:09.071054 [debug] [Thread-3 (]: Using duckdb connection "model.financial_twin.stg_subscriptions"
[0m19:17:09.071230 [debug] [Thread-3 (]: On model.financial_twin.stg_subscriptions: BEGIN
[0m19:17:09.071381 [debug] [Thread-3 (]: Opening a new connection, currently in state init
[0m19:17:09.071617 [debug] [Thread-2 (]: Using duckdb connection "model.financial_twin.stg_customers"
[0m19:17:09.071868 [debug] [Thread-2 (]: On model.financial_twin.stg_customers: BEGIN
[0m19:17:09.072057 [debug] [Thread-1 (]: SQL status: OK in 0.001 seconds
[0m19:17:09.072599 [debug] [Thread-3 (]: SQL status: OK in 0.001 seconds
[0m19:17:09.072757 [debug] [Thread-2 (]: Opening a new connection, currently in state init
[0m19:17:09.073065 [debug] [Thread-1 (]: Using duckdb connection "model.financial_twin.stg_budget"
[0m19:17:09.073255 [debug] [Thread-3 (]: Using duckdb connection "model.financial_twin.stg_subscriptions"
[0m19:17:09.073669 [debug] [Thread-1 (]: On model.financial_twin.stg_budget: /* {"app": "dbt", "dbt_version": "1.8.0", "profile_name": "financial_twin", "target_name": "dev", "node_id": "model.financial_twin.stg_budget"} */

  
  create view "financial_model"."main"."stg_budget__dbt_tmp" as (
    with source as (
    select * from "financial_model"."main"."fct_budget_monthly"
)
select
    scenario_id,
    month_end::date as month_end,
    fiscal_year,
    budget_mrr,
    budget_customers,
    budget_arr,
    ev_multiple
from source
  );

[0m19:17:09.073884 [debug] [Thread-3 (]: On model.financial_twin.stg_subscriptions: /* {"app": "dbt", "dbt_version": "1.8.0", "profile_name": "financial_twin", "target_name": "dev", "node_id": "model.financial_twin.stg_subscriptions"} */

  
  create view "financial_model"."main"."stg_subscriptions__dbt_tmp" as (
    with source as (
    select * from "financial_model"."main"."raw_subscriptions"
)
select
    subscription_id,
    customer_id,
    start_date::date as start_date,
    end_date::date as end_date,
    mrr,
    currency
from source
  );

[0m19:17:09.074055 [debug] [Thread-2 (]: SQL status: OK in 0.001 seconds
[0m19:17:09.074446 [debug] [Thread-2 (]: Using duckdb connection "model.financial_twin.stg_customers"
[0m19:17:09.074674 [debug] [Thread-2 (]: On model.financial_twin.stg_customers: /* {"app": "dbt", "dbt_version": "1.8.0", "profile_name": "financial_twin", "target_name": "dev", "node_id": "model.financial_twin.stg_customers"} */

  
  create view "financial_model"."main"."stg_customers__dbt_tmp" as (
    with source as (
    select * from "financial_model"."main"."raw_customers"
)
select
    customer_id,
    acquisition_date::date as acquisition_date,
    segment
from source
  );

[0m19:17:09.074833 [debug] [Thread-3 (]: SQL status: OK in 0.000 seconds
[0m19:17:09.074969 [debug] [Thread-1 (]: SQL status: OK in 0.001 seconds
[0m19:17:09.078093 [debug] [Thread-3 (]: Using duckdb connection "model.financial_twin.stg_subscriptions"
[0m19:17:09.078306 [debug] [Thread-2 (]: SQL status: OK in 0.003 seconds
[0m19:17:09.079607 [debug] [Thread-1 (]: Using duckdb connection "model.financial_twin.stg_budget"
[0m19:17:09.079793 [debug] [Thread-3 (]: On model.financial_twin.stg_subscriptions: /* {"app": "dbt", "dbt_version": "1.8.0", "profile_name": "financial_twin", "target_name": "dev", "node_id": "model.financial_twin.stg_subscriptions"} */
alter view "financial_model"."main"."stg_subscriptions__dbt_tmp" rename to "stg_subscriptions"
[0m19:17:09.081181 [debug] [Thread-2 (]: Using duckdb connection "model.financial_twin.stg_customers"
[0m19:17:09.081364 [debug] [Thread-1 (]: On model.financial_twin.stg_budget: /* {"app": "dbt", "dbt_version": "1.8.0", "profile_name": "financial_twin", "target_name": "dev", "node_id": "model.financial_twin.stg_budget"} */
alter view "financial_model"."main"."stg_budget__dbt_tmp" rename to "stg_budget"
[0m19:17:09.081843 [debug] [Thread-2 (]: On model.financial_twin.stg_customers: /* {"app": "dbt", "dbt_version": "1.8.0", "profile_name": "financial_twin", "target_name": "dev", "node_id": "model.financial_twin.stg_customers"} */
alter view "financial_model"."main"."stg_customers__dbt_tmp" rename to "stg_customers"
[0m19:17:09.082523 [debug] [Thread-1 (]: SQL status: OK in 0.001 seconds
[0m19:17:09.087395 [debug] [Thread-1 (]: On model.financial_twin.stg_budget: COMMIT
[0m19:17:09.087658 [debug] [Thread-1 (]: Using duckdb connection "model.financial_twin.stg_budget"
[0m19:17:09.087830 [debug] [Thread-3 (]: SQL status: OK in 0.006 seconds
[0m19:17:09.087988 [debug] [Thread-2 (]: SQL status: OK in 0.006 seconds
[0m19:17:09.088154 [debug] [Thread-1 (]: On model.financial_twin.stg_budget: COMMIT
[0m19:17:09.088805 [debug] [Thread-3 (]: On model.financial_twin.stg_subscriptions: COMMIT
[0m19:17:09.089402 [debug] [Thread-2 (]: On model.financial_twin.stg_customers: COMMIT
[0m19:17:09.089643 [debug] [Thread-3 (]: Using duckdb connection "model.financial_twin.stg_subscriptions"
[0m19:17:09.089872 [debug] [Thread-2 (]: Using duckdb connection "model.financial_twin.stg_customers"
[0m19:17:09.090097 [debug] [Thread-3 (]: On model.financial_twin.stg_subscriptions: COMMIT
[0m19:17:09.090283 [debug] [Thread-2 (]: On model.financial_twin.stg_customers: COMMIT
[0m19:17:09.090563 [debug] [Thread-1 (]: SQL status: OK in 0.001 seconds
[0m19:17:09.093151 [debug] [Thread-1 (]: Using duckdb connection "model.financial_twin.stg_budget"
[0m19:17:09.093334 [debug] [Thread-1 (]: On model.financial_twin.stg_budget: /* {"app": "dbt", "dbt_version": "1.8.0", "profile_name": "financial_twin", "target_name": "dev", "node_id": "model.financial_twin.stg_budget"} */

      drop view if exists "financial_model"."main"."stg_budget__dbt_backup" cascade
    
[0m19:17:09.093489 [debug] [Thread-3 (]: SQL status: OK in 0.003 seconds
[0m19:17:09.093636 [debug] [Thread-2 (]: SQL status: OK in 0.003 seconds
[0m19:17:09.094887 [debug] [Thread-3 (]: Using duckdb connection "model.financial_twin.stg_subscriptions"
[0m19:17:09.095904 [debug] [Thread-2 (]: Using duckdb connection "model.financial_twin.stg_customers"
[0m19:17:09.096067 [debug] [Thread-3 (]: On model.financial_twin.stg_subscriptions: /* {"app": "dbt", "dbt_version": "1.8.0", "profile_name": "financial_twin", "target_name": "dev", "node_id": "model.financial_twin.stg_subscriptions"} */

      drop view if exists "financial_model"."main"."stg_subscriptions__dbt_backup" cascade
    
[0m19:17:09.096256 [debug] [Thread-1 (]: SQL status: OK in 0.002 seconds
[0m19:17:09.096419 [debug] [Thread-2 (]: On model.financial_twin.stg_customers: /* {"app": "dbt", "dbt_version": "1.8.0", "profile_name": "financial_twin", "target_name": "dev", "node_id": "model.financial_twin.stg_customers"} */

      drop view if exists "financial_model"."main"."stg_customers__dbt_backup" cascade
    
[0m19:17:09.097542 [debug] [Thread-1 (]: On model.financial_twin.stg_budget: Close
[0m19:17:09.097782 [debug] [Thread-3 (]: SQL status: OK in 0.001 seconds
[0m19:17:09.098622 [debug] [Thread-3 (]: On model.financial_twin.stg_subscriptions: Close
[0m19:17:09.098803 [debug] [Thread-2 (]: SQL status: OK in 0.001 seconds
[0m19:17:09.099214 [debug] [Thread-1 (]: Sending event: {'category': 'dbt', 'action': 'run_model', 'label': 'ff65c22c-6f58-4c48-8a68-a03a3b21648d', 'context': [<snowplow_tracker.self_describing_json.SelfDescribingJson object at 0x10c3cd6d0>]}
[0m19:17:09.099481 [debug] [Thread-3 (]: Sending event: {'category': 'dbt', 'action': 'run_model', 'label': 'ff65c22c-6f58-4c48-8a68-a03a3b21648d', 'context': [<snowplow_tracker.self_describing_json.SelfDescribingJson object at 0x10c32fd10>]}
[0m19:17:09.100017 [debug] [Thread-2 (]: On model.financial_twin.stg_customers: Close
[0m19:17:09.100298 [info ] [Thread-1 (]: 1 of 6 OK created sql view model main.stg_budget ............................... [[32mOK[0m in 0.06s]
[0m19:17:09.100596 [info ] [Thread-3 (]: 3 of 6 OK created sql view model main.stg_subscriptions ........................ [[32mOK[0m in 0.06s]
[0m19:17:09.100845 [debug] [Thread-2 (]: Sending event: {'category': 'dbt', 'action': 'run_model', 'label': 'ff65c22c-6f58-4c48-8a68-a03a3b21648d', 'context': [<snowplow_tracker.self_describing_json.SelfDescribingJson object at 0x10c395f50>]}
[0m19:17:09.101086 [debug] [Thread-1 (]: Finished running node model.financial_twin.stg_budget
[0m19:17:09.101308 [debug] [Thread-3 (]: Finished running node model.financial_twin.stg_subscriptions
[0m19:17:09.101558 [info ] [Thread-2 (]: 2 of 6 OK created sql view model main.stg_customers ............................ [[32mOK[0m in 0.06s]
[0m19:17:09.101933 [debug] [Thread-4 (]: Began running node model.financial_twin.int_subscription_months
[0m19:17:09.102143 [debug] [Thread-2 (]: Finished running node model.financial_twin.stg_customers
[0m19:17:09.102372 [info ] [Thread-4 (]: 4 of 6 START sql table model main.int_subscription_months ...................... [RUN]
[0m19:17:09.102704 [debug] [Thread-4 (]: Acquiring new duckdb connection 'model.financial_twin.int_subscription_months'
[0m19:17:09.102966 [debug] [Thread-4 (]: Began compiling node model.financial_twin.int_subscription_months
[0m19:17:09.104413 [debug] [Thread-4 (]: Writing injected SQL for node "model.financial_twin.int_subscription_months"
[0m19:17:09.104780 [debug] [Thread-4 (]: Began executing node model.financial_twin.int_subscription_months
[0m19:17:09.114255 [debug] [Thread-4 (]: Writing runtime sql for node "model.financial_twin.int_subscription_months"
[0m19:17:09.114761 [debug] [Thread-4 (]: Using duckdb connection "model.financial_twin.int_subscription_months"
[0m19:17:09.114940 [debug] [Thread-4 (]: On model.financial_twin.int_subscription_months: BEGIN
[0m19:17:09.115103 [debug] [Thread-4 (]: Opening a new connection, currently in state init
[0m19:17:09.115511 [debug] [Thread-4 (]: SQL status: OK in 0.000 seconds
[0m19:17:09.115673 [debug] [Thread-4 (]: Using duckdb connection "model.financial_twin.int_subscription_months"
[0m19:17:09.115842 [debug] [Thread-4 (]: On model.financial_twin.int_subscription_months: /* {"app": "dbt", "dbt_version": "1.8.0", "profile_name": "financial_twin", "target_name": "dev", "node_id": "model.financial_twin.int_subscription_months"} */

  
    
    

    create  table
      "financial_model"."main"."int_subscription_months__dbt_tmp"
  
    as (
      with calendar as (
    select * from "financial_model"."main"."dim_calendar"
    where month_end = date_trunc('month', month_end) + interval '1 month' - interval '1 day'
),
subs as (
    select * from "financial_model"."main"."stg_subscriptions"
)
select
    c.month_end,
    s.subscription_id,
    s.customer_id,
    s.mrr,
    s.currency
from calendar c
cross join subs s
where s.start_date <= c.month_end
  and (s.end_date is null or s.end_date > c.month_end)
    );
  
  
[0m19:17:09.153804 [debug] [Thread-4 (]: SQL status: OK in 0.038 seconds
[0m19:17:09.155683 [debug] [Thread-4 (]: Using duckdb connection "model.financial_twin.int_subscription_months"
[0m19:17:09.155916 [debug] [Thread-4 (]: On model.financial_twin.int_subscription_months: /* {"app": "dbt", "dbt_version": "1.8.0", "profile_name": "financial_twin", "target_name": "dev", "node_id": "model.financial_twin.int_subscription_months"} */
alter table "financial_model"."main"."int_subscription_months__dbt_tmp" rename to "int_subscription_months"
[0m19:17:09.156363 [debug] [Thread-4 (]: SQL status: OK in 0.000 seconds
[0m19:17:09.158935 [debug] [Thread-4 (]: On model.financial_twin.int_subscription_months: COMMIT
[0m19:17:09.159198 [debug] [Thread-4 (]: Using duckdb connection "model.financial_twin.int_subscription_months"
[0m19:17:09.159358 [debug] [Thread-4 (]: On model.financial_twin.int_subscription_months: COMMIT
[0m19:17:09.160770 [debug] [Thread-4 (]: SQL status: OK in 0.001 seconds
[0m19:17:09.163028 [debug] [Thread-4 (]: Using duckdb connection "model.financial_twin.int_subscription_months"
[0m19:17:09.163216 [debug] [Thread-4 (]: On model.financial_twin.int_subscription_months: /* {"app": "dbt", "dbt_version": "1.8.0", "profile_name": "financial_twin", "target_name": "dev", "node_id": "model.financial_twin.int_subscription_months"} */

      drop table if exists "financial_model"."main"."int_subscription_months__dbt_backup" cascade
    
[0m19:17:09.163584 [debug] [Thread-4 (]: SQL status: OK in 0.000 seconds
[0m19:17:09.164214 [debug] [Thread-4 (]: On model.financial_twin.int_subscription_months: Close
[0m19:17:09.164472 [debug] [Thread-4 (]: Sending event: {'category': 'dbt', 'action': 'run_model', 'label': 'ff65c22c-6f58-4c48-8a68-a03a3b21648d', 'context': [<snowplow_tracker.self_describing_json.SelfDescribingJson object at 0x10c74aad0>]}
[0m19:17:09.164753 [info ] [Thread-4 (]: 4 of 6 OK created sql table model main.int_subscription_months ................. [[32mOK[0m in 0.06s]
[0m19:17:09.165008 [debug] [Thread-4 (]: Finished running node model.financial_twin.int_subscription_months
[0m19:17:09.165360 [debug] [Thread-3 (]: Began running node model.financial_twin.mart_finance_monthly
[0m19:17:09.165657 [info ] [Thread-3 (]: 5 of 6 START sql table model main.mart_finance_monthly ......................... [RUN]
[0m19:17:09.165894 [debug] [Thread-3 (]: Re-using an available connection from the pool (formerly model.financial_twin.stg_subscriptions, now model.financial_twin.mart_finance_monthly)
[0m19:17:09.166066 [debug] [Thread-3 (]: Began compiling node model.financial_twin.mart_finance_monthly
[0m19:17:09.167512 [debug] [Thread-3 (]: Writing injected SQL for node "model.financial_twin.mart_finance_monthly"
[0m19:17:09.167942 [debug] [Thread-3 (]: Began executing node model.financial_twin.mart_finance_monthly
[0m19:17:09.169434 [debug] [Thread-3 (]: Writing runtime sql for node "model.financial_twin.mart_finance_monthly"
[0m19:17:09.169794 [debug] [Thread-3 (]: Using duckdb connection "model.financial_twin.mart_finance_monthly"
[0m19:17:09.169964 [debug] [Thread-3 (]: On model.financial_twin.mart_finance_monthly: BEGIN
[0m19:17:09.170380 [debug] [Thread-3 (]: Opening a new connection, currently in state closed
[0m19:17:09.170925 [debug] [Thread-3 (]: SQL status: OK in 0.001 seconds
[0m19:17:09.171087 [debug] [Thread-3 (]: Using duckdb connection "model.financial_twin.mart_finance_monthly"
[0m19:17:09.171259 [debug] [Thread-3 (]: On model.financial_twin.mart_finance_monthly: /* {"app": "dbt", "dbt_version": "1.8.0", "profile_name": "financial_twin", "target_name": "dev", "node_id": "model.financial_twin.mart_finance_monthly"} */

  
    
    

    create  table
      "financial_model"."main"."mart_finance_monthly__dbt_tmp"
  
    as (
      with act as (
    select
        month_end,
        'ACT' as scenario,
        2 as scenario_id,
        count(distinct customer_id) as customers,
        sum(mrr) as mrr,
        sum(mrr) * 12 as arr
    from "financial_model"."main"."int_subscription_months"
    group by 1
),
bud as (
    select
        month_end,
        'BUD' as scenario,
        1 as scenario_id,
        budget_customers as customers,
        budget_mrr as mrr,
        budget_arr as arr
    from "financial_model"."main"."stg_budget"
)

select * from act
union all
select * from bud
    );
  
  
[0m19:17:09.179364 [debug] [Thread-3 (]: SQL status: OK in 0.008 seconds
[0m19:17:09.181066 [debug] [Thread-3 (]: Using duckdb connection "model.financial_twin.mart_finance_monthly"
[0m19:17:09.181261 [debug] [Thread-3 (]: On model.financial_twin.mart_finance_monthly: /* {"app": "dbt", "dbt_version": "1.8.0", "profile_name": "financial_twin", "target_name": "dev", "node_id": "model.financial_twin.mart_finance_monthly"} */
alter table "financial_model"."main"."mart_finance_monthly__dbt_tmp" rename to "mart_finance_monthly"
[0m19:17:09.181658 [debug] [Thread-3 (]: SQL status: OK in 0.000 seconds
[0m19:17:09.182439 [debug] [Thread-3 (]: On model.financial_twin.mart_finance_monthly: COMMIT
[0m19:17:09.182598 [debug] [Thread-3 (]: Using duckdb connection "model.financial_twin.mart_finance_monthly"
[0m19:17:09.182738 [debug] [Thread-3 (]: On model.financial_twin.mart_finance_monthly: COMMIT
[0m19:17:09.183254 [debug] [Thread-3 (]: SQL status: OK in 0.000 seconds
[0m19:17:09.184312 [debug] [Thread-3 (]: Using duckdb connection "model.financial_twin.mart_finance_monthly"
[0m19:17:09.184482 [debug] [Thread-3 (]: On model.financial_twin.mart_finance_monthly: /* {"app": "dbt", "dbt_version": "1.8.0", "profile_name": "financial_twin", "target_name": "dev", "node_id": "model.financial_twin.mart_finance_monthly"} */

      drop table if exists "financial_model"."main"."mart_finance_monthly__dbt_backup" cascade
    
[0m19:17:09.184823 [debug] [Thread-3 (]: SQL status: OK in 0.000 seconds
[0m19:17:09.185446 [debug] [Thread-3 (]: On model.financial_twin.mart_finance_monthly: Close
[0m19:17:09.185734 [debug] [Thread-3 (]: Sending event: {'category': 'dbt', 'action': 'run_model', 'label': 'ff65c22c-6f58-4c48-8a68-a03a3b21648d', 'context': [<snowplow_tracker.self_describing_json.SelfDescribingJson object at 0x10b23b6d0>]}
[0m19:17:09.186034 [info ] [Thread-3 (]: 5 of 6 OK created sql table model main.mart_finance_monthly .................... [[32mOK[0m in 0.02s]
[0m19:17:09.186307 [debug] [Thread-3 (]: Finished running node model.financial_twin.mart_finance_monthly
[0m19:17:09.186684 [debug] [Thread-2 (]: Began running node model.financial_twin.mart_forecast_input
[0m19:17:09.187011 [info ] [Thread-2 (]: 6 of 6 START sql table model main.mart_forecast_input .......................... [RUN]
[0m19:17:09.187316 [debug] [Thread-2 (]: Re-using an available connection from the pool (formerly model.financial_twin.stg_customers, now model.financial_twin.mart_forecast_input)
[0m19:17:09.187495 [debug] [Thread-2 (]: Began compiling node model.financial_twin.mart_forecast_input
[0m19:17:09.188846 [debug] [Thread-2 (]: Writing injected SQL for node "model.financial_twin.mart_forecast_input"
[0m19:17:09.189219 [debug] [Thread-2 (]: Began executing node model.financial_twin.mart_forecast_input
[0m19:17:09.190874 [debug] [Thread-2 (]: Writing runtime sql for node "model.financial_twin.mart_forecast_input"
[0m19:17:09.191193 [debug] [Thread-2 (]: Using duckdb connection "model.financial_twin.mart_forecast_input"
[0m19:17:09.191349 [debug] [Thread-2 (]: On model.financial_twin.mart_forecast_input: BEGIN
[0m19:17:09.191490 [debug] [Thread-2 (]: Opening a new connection, currently in state closed
[0m19:17:09.191835 [debug] [Thread-2 (]: SQL status: OK in 0.000 seconds
[0m19:17:09.191984 [debug] [Thread-2 (]: Using duckdb connection "model.financial_twin.mart_forecast_input"
[0m19:17:09.192138 [debug] [Thread-2 (]: On model.financial_twin.mart_forecast_input: /* {"app": "dbt", "dbt_version": "1.8.0", "profile_name": "financial_twin", "target_name": "dev", "node_id": "model.financial_twin.mart_forecast_input"} */

  
    
    

    create  table
      "financial_model"."main"."mart_forecast_input__dbt_tmp"
  
    as (
      select
    month_end as ds,
    mrr as y
from "financial_model"."main"."mart_finance_monthly"
where scenario = 'ACT'
order by ds
    );
  
  
[0m19:17:09.194505 [debug] [Thread-2 (]: SQL status: OK in 0.002 seconds
[0m19:17:09.196064 [debug] [Thread-2 (]: Using duckdb connection "model.financial_twin.mart_forecast_input"
[0m19:17:09.196238 [debug] [Thread-2 (]: On model.financial_twin.mart_forecast_input: /* {"app": "dbt", "dbt_version": "1.8.0", "profile_name": "financial_twin", "target_name": "dev", "node_id": "model.financial_twin.mart_forecast_input"} */
alter table "financial_model"."main"."mart_forecast_input__dbt_tmp" rename to "mart_forecast_input"
[0m19:17:09.196581 [debug] [Thread-2 (]: SQL status: OK in 0.000 seconds
[0m19:17:09.197222 [debug] [Thread-2 (]: On model.financial_twin.mart_forecast_input: COMMIT
[0m19:17:09.197370 [debug] [Thread-2 (]: Using duckdb connection "model.financial_twin.mart_forecast_input"
[0m19:17:09.197509 [debug] [Thread-2 (]: On model.financial_twin.mart_forecast_input: COMMIT
[0m19:17:09.197867 [debug] [Thread-2 (]: SQL status: OK in 0.000 seconds
[0m19:17:09.198932 [debug] [Thread-2 (]: Using duckdb connection "model.financial_twin.mart_forecast_input"
[0m19:17:09.199104 [debug] [Thread-2 (]: On model.financial_twin.mart_forecast_input: /* {"app": "dbt", "dbt_version": "1.8.0", "profile_name": "financial_twin", "target_name": "dev", "node_id": "model.financial_twin.mart_forecast_input"} */

      drop table if exists "financial_model"."main"."mart_forecast_input__dbt_backup" cascade
    
[0m19:17:09.199388 [debug] [Thread-2 (]: SQL status: OK in 0.000 seconds
[0m19:17:09.199932 [debug] [Thread-2 (]: On model.financial_twin.mart_forecast_input: Close
[0m19:17:09.200164 [debug] [Thread-2 (]: Sending event: {'category': 'dbt', 'action': 'run_model', 'label': 'ff65c22c-6f58-4c48-8a68-a03a3b21648d', 'context': [<snowplow_tracker.self_describing_json.SelfDescribingJson object at 0x10c347590>]}
[0m19:17:09.200420 [info ] [Thread-2 (]: 6 of 6 OK created sql table model main.mart_forecast_input ..................... [[32mOK[0m in 0.01s]
[0m19:17:09.200667 [debug] [Thread-2 (]: Finished running node model.financial_twin.mart_forecast_input
[0m19:17:09.201263 [debug] [MainThread]: Using duckdb connection "master"
[0m19:17:09.201429 [debug] [MainThread]: On master: BEGIN
[0m19:17:09.201557 [debug] [MainThread]: Opening a new connection, currently in state closed
[0m19:17:09.201814 [debug] [MainThread]: SQL status: OK in 0.000 seconds
[0m19:17:09.201945 [debug] [MainThread]: On master: COMMIT
[0m19:17:09.202067 [debug] [MainThread]: Using duckdb connection "master"
[0m19:17:09.202180 [debug] [MainThread]: On master: COMMIT
[0m19:17:09.202381 [debug] [MainThread]: SQL status: OK in 0.000 seconds
[0m19:17:09.202506 [debug] [MainThread]: On master: Close
[0m19:17:09.202791 [debug] [MainThread]: Connection 'master' was properly closed.
[0m19:17:09.202929 [debug] [MainThread]: Connection 'model.financial_twin.stg_budget' was properly closed.
[0m19:17:09.203046 [debug] [MainThread]: Connection 'model.financial_twin.mart_forecast_input' was properly closed.
[0m19:17:09.203158 [debug] [MainThread]: Connection 'model.financial_twin.mart_finance_monthly' was properly closed.
[0m19:17:09.203270 [debug] [MainThread]: Connection 'model.financial_twin.int_subscription_months' was properly closed.
[0m19:17:09.203459 [info ] [MainThread]: 
[0m19:17:09.203743 [info ] [MainThread]: Finished running 3 view models, 3 table models in 0 hours 0 minutes and 0.23 seconds (0.23s).
[0m19:17:09.204516 [debug] [MainThread]: Command end result
[0m19:17:09.220730 [info ] [MainThread]: 
[0m19:17:09.221087 [info ] [MainThread]: [32mCompleted successfully[0m
[0m19:17:09.221308 [info ] [MainThread]: 
[0m19:17:09.221697 [info ] [MainThread]: Done. PASS=6 WARN=0 ERROR=0 SKIP=0 TOTAL=6
[0m19:17:09.223413 [debug] [MainThread]: Resource report: {"command_name": "run", "command_success": true, "command_wall_clock_time": 1.1735839, "process_user_time": 1.493201, "process_kernel_time": 0.220094, "process_mem_max_rss": "168312832", "process_in_blocks": "0", "process_out_blocks": "0"}
[0m19:17:09.223721 [debug] [MainThread]: Command `dbt run` succeeded at 19:17:09.223681 after 1.17 seconds
[0m19:17:09.223904 [debug] [MainThread]: Sending event: {'category': 'dbt', 'action': 'invocation', 'label': 'end', 'context': [<snowplow_tracker.self_describing_json.SelfDescribingJson object at 0x1031ab190>, <snowplow_tracker.self_describing_json.SelfDescribingJson object at 0x1029b3fd0>, <snowplow_tracker.self_describing_json.SelfDescribingJson object at 0x103181210>]}
[0m19:17:09.224070 [debug] [MainThread]: Flushing usage events
[0m19:19:10.802168 [debug] [MainThread]: Sending event: {'category': 'dbt', 'action': 'invocation', 'label': 'start', 'context': [<snowplow_tracker.self_describing_json.SelfDescribingJson object at 0x109377b50>, <snowplow_tracker.self_describing_json.SelfDescribingJson object at 0x109014f90>, <snowplow_tracker.self_describing_json.SelfDescribingJson object at 0x1093cacd0>]}


============================== 19:19:10.805563 | 3a28684b-932b-4e3f-9776-e33b20f9a213 ==============================
[0m19:19:10.805563 [info ] [MainThread]: Running with dbt=1.8.0
[0m19:19:10.805944 [debug] [MainThread]: running dbt with arguments {'printer_width': '80', 'indirect_selection': 'eager', 'log_cache_events': 'False', 'write_json': 'True', 'partial_parse': 'True', 'cache_selected_only': 'False', 'profiles_dir': '.', 'fail_fast': 'False', 'debug': 'False', 'log_path': '/Users/admin/Desktop/Portfolio/dbt_financial/logs', 'warn_error': 'None', 'version_check': 'True', 'use_colors': 'True', 'use_experimental_parser': 'False', 'no_print': 'None', 'quiet': 'False', 'warn_error_options': 'WarnErrorOptions(include=[], exclude=[])', 'invocation_command': 'dbt run --profiles-dir .', 'introspect': 'True', 'log_format': 'default', 'target_path': 'None', 'static_parser': 'True', 'send_anonymous_usage_stats': 'True'}
[0m19:19:10.977341 [debug] [MainThread]: Sending event: {'category': 'dbt', 'action': 'project_id', 'label': '3a28684b-932b-4e3f-9776-e33b20f9a213', 'context': [<snowplow_tracker.self_describing_json.SelfDescribingJson object at 0x10941d990>]}
[0m19:19:11.000516 [debug] [MainThread]: Sending event: {'category': 'dbt', 'action': 'adapter_info', 'label': '3a28684b-932b-4e3f-9776-e33b20f9a213', 'context': [<snowplow_tracker.self_describing_json.SelfDescribingJson object at 0x10788ab90>]}
[0m19:19:11.002332 [info ] [MainThread]: Registered adapter: duckdb=1.10.0
[0m19:19:11.063539 [debug] [MainThread]: checksum: dbb12d416fdb55e3665e4828703bbedf40c5c90ed7ca6ff39bbbfb29b12b0a92, vars: {}, profile: , target: , version: 1.8.0
[0m19:19:11.123605 [debug] [MainThread]: Partial parsing enabled: 0 files deleted, 1 files added, 1 files changed.
[0m19:19:11.124097 [debug] [MainThread]: Partial parsing: added file: financial_twin://models/gold/mart_consolidated_reporting.sql
[0m19:19:11.124543 [debug] [MainThread]: Partial parsing: updated file: financial_twin://models/bronze/sources.yml
[0m19:19:11.276861 [debug] [MainThread]: Sending event: {'category': 'dbt', 'action': 'load_project', 'label': '3a28684b-932b-4e3f-9776-e33b20f9a213', 'context': [<snowplow_tracker.self_describing_json.SelfDescribingJson object at 0x109521cd0>]}
[0m19:19:11.323227 [debug] [MainThread]: Sending event: {'category': 'dbt', 'action': 'resource_counts', 'label': '3a28684b-932b-4e3f-9776-e33b20f9a213', 'context': [<snowplow_tracker.self_describing_json.SelfDescribingJson object at 0x109bb9590>]}
[0m19:19:11.323584 [info ] [MainThread]: Found 7 models, 5 sources, 438 macros
[0m19:19:11.323773 [debug] [MainThread]: Sending event: {'category': 'dbt', 'action': 'runnable_timing', 'label': '3a28684b-932b-4e3f-9776-e33b20f9a213', 'context': [<snowplow_tracker.self_describing_json.SelfDescribingJson object at 0x109a51050>]}
[0m19:19:11.324861 [info ] [MainThread]: 
[0m19:19:11.325165 [debug] [MainThread]: Acquiring new duckdb connection 'master'
[0m19:19:11.327722 [debug] [ThreadPool]: Acquiring new duckdb connection 'list_financial_model'
[0m19:19:11.386326 [debug] [ThreadPool]: Using duckdb connection "list_financial_model"
[0m19:19:11.386592 [debug] [ThreadPool]: On list_financial_model: /* {"app": "dbt", "dbt_version": "1.8.0", "profile_name": "financial_twin", "target_name": "dev", "connection_name": "list_financial_model"} */

    
    select schema_name
    from system.information_schema.schemata
    
    where lower(catalog_name) = '"financial_model"'
    
  
  
[0m19:19:11.386737 [debug] [ThreadPool]: Opening a new connection, currently in state init
[0m19:19:11.396176 [debug] [ThreadPool]: SQL status: OK in 0.009 seconds
[0m19:19:11.397202 [debug] [ThreadPool]: On list_financial_model: Close
[0m19:19:11.397543 [debug] [ThreadPool]: Re-using an available connection from the pool (formerly list_financial_model, now create_financial_model_main)
[0m19:19:11.397778 [debug] [ThreadPool]: Creating schema "database: "financial_model"
schema: "main"
"
[0m19:19:11.400951 [debug] [ThreadPool]: Using duckdb connection "create_financial_model_main"
[0m19:19:11.401120 [debug] [ThreadPool]: On create_financial_model_main: /* {"app": "dbt", "dbt_version": "1.8.0", "profile_name": "financial_twin", "target_name": "dev", "connection_name": "create_financial_model_main"} */

    
        select type from duckdb_databases()
        where lower(database_name)='financial_model'
        and type='sqlite'
    
  
[0m19:19:11.401256 [debug] [ThreadPool]: Opening a new connection, currently in state closed
[0m19:19:11.402056 [debug] [ThreadPool]: SQL status: OK in 0.001 seconds
[0m19:19:11.403019 [debug] [ThreadPool]: Using duckdb connection "create_financial_model_main"
[0m19:19:11.403199 [debug] [ThreadPool]: On create_financial_model_main: BEGIN
[0m19:19:11.403468 [debug] [ThreadPool]: SQL status: OK in 0.000 seconds
[0m19:19:11.403603 [debug] [ThreadPool]: Using duckdb connection "create_financial_model_main"
[0m19:19:11.403742 [debug] [ThreadPool]: On create_financial_model_main: /* {"app": "dbt", "dbt_version": "1.8.0", "profile_name": "financial_twin", "target_name": "dev", "connection_name": "create_financial_model_main"} */

    
    
        create schema if not exists "financial_model"."main"
    
[0m19:19:11.404026 [debug] [ThreadPool]: SQL status: OK in 0.000 seconds
[0m19:19:11.404455 [debug] [ThreadPool]: On create_financial_model_main: COMMIT
[0m19:19:11.404610 [debug] [ThreadPool]: Using duckdb connection "create_financial_model_main"
[0m19:19:11.404740 [debug] [ThreadPool]: On create_financial_model_main: COMMIT
[0m19:19:11.404972 [debug] [ThreadPool]: SQL status: OK in 0.000 seconds
[0m19:19:11.405123 [debug] [ThreadPool]: On create_financial_model_main: Close
[0m19:19:11.405849 [debug] [ThreadPool]: Re-using an available connection from the pool (formerly create_financial_model_main, now list_financial_model_main)
[0m19:19:11.408763 [debug] [ThreadPool]: Using duckdb connection "list_financial_model_main"
[0m19:19:11.408980 [debug] [ThreadPool]: On list_financial_model_main: BEGIN
[0m19:19:11.409114 [debug] [ThreadPool]: Opening a new connection, currently in state closed
[0m19:19:11.409464 [debug] [ThreadPool]: SQL status: OK in 0.000 seconds
[0m19:19:11.409599 [debug] [ThreadPool]: Using duckdb connection "list_financial_model_main"
[0m19:19:11.409757 [debug] [ThreadPool]: On list_financial_model_main: /* {"app": "dbt", "dbt_version": "1.8.0", "profile_name": "financial_twin", "target_name": "dev", "connection_name": "list_financial_model_main"} */
select
      'financial_model' as database,
      table_name as name,
      table_schema as schema,
      CASE table_type
        WHEN 'BASE TABLE' THEN 'table'
        WHEN 'VIEW' THEN 'view'
        WHEN 'LOCAL TEMPORARY' THEN 'table'
        END as type
    from system.information_schema.tables
    where lower(table_schema) = 'main'
    and lower(table_catalog) = 'financial_model'
  
[0m19:19:11.419483 [debug] [ThreadPool]: SQL status: OK in 0.010 seconds
[0m19:19:11.420755 [debug] [ThreadPool]: On list_financial_model_main: ROLLBACK
[0m19:19:11.421601 [debug] [ThreadPool]: Failed to rollback 'list_financial_model_main'
[0m19:19:11.421791 [debug] [ThreadPool]: On list_financial_model_main: Close
[0m19:19:11.422906 [debug] [MainThread]: Sending event: {'category': 'dbt', 'action': 'runnable_timing', 'label': '3a28684b-932b-4e3f-9776-e33b20f9a213', 'context': [<snowplow_tracker.self_describing_json.SelfDescribingJson object at 0x109a37710>]}
[0m19:19:11.423168 [debug] [MainThread]: Using duckdb connection "master"
[0m19:19:11.423309 [debug] [MainThread]: On master: BEGIN
[0m19:19:11.423432 [debug] [MainThread]: Opening a new connection, currently in state init
[0m19:19:11.423757 [debug] [MainThread]: SQL status: OK in 0.000 seconds
[0m19:19:11.423895 [debug] [MainThread]: On master: COMMIT
[0m19:19:11.424021 [debug] [MainThread]: Using duckdb connection "master"
[0m19:19:11.424138 [debug] [MainThread]: On master: COMMIT
[0m19:19:11.424334 [debug] [MainThread]: SQL status: OK in 0.000 seconds
[0m19:19:11.424467 [debug] [MainThread]: On master: Close
[0m19:19:11.424658 [info ] [MainThread]: Concurrency: 4 threads (target='dev')
[0m19:19:11.424805 [info ] [MainThread]: 
[0m19:19:11.426078 [debug] [Thread-1 (]: Began running node model.financial_twin.stg_budget
[0m19:19:11.426255 [debug] [Thread-2 (]: Began running node model.financial_twin.stg_customers
[0m19:19:11.426436 [debug] [Thread-3 (]: Began running node model.financial_twin.stg_subscriptions
[0m19:19:11.426674 [info ] [Thread-1 (]: 1 of 7 START sql view model main.stg_budget .................................... [RUN]
[0m19:19:11.426912 [info ] [Thread-2 (]: 2 of 7 START sql view model main.stg_customers ................................. [RUN]
[0m19:19:11.427134 [info ] [Thread-3 (]: 3 of 7 START sql view model main.stg_subscriptions ............................. [RUN]
[0m19:19:11.427345 [debug] [Thread-1 (]: Re-using an available connection from the pool (formerly list_financial_model_main, now model.financial_twin.stg_budget)
[0m19:19:11.427653 [debug] [Thread-2 (]: Acquiring new duckdb connection 'model.financial_twin.stg_customers'
[0m19:19:11.427859 [debug] [Thread-3 (]: Acquiring new duckdb connection 'model.financial_twin.stg_subscriptions'
[0m19:19:11.428030 [debug] [Thread-1 (]: Began compiling node model.financial_twin.stg_budget
[0m19:19:11.428189 [debug] [Thread-2 (]: Began compiling node model.financial_twin.stg_customers
[0m19:19:11.428339 [debug] [Thread-3 (]: Began compiling node model.financial_twin.stg_subscriptions
[0m19:19:11.432119 [debug] [Thread-1 (]: Writing injected SQL for node "model.financial_twin.stg_budget"
[0m19:19:11.433427 [debug] [Thread-2 (]: Writing injected SQL for node "model.financial_twin.stg_customers"
[0m19:19:11.434623 [debug] [Thread-3 (]: Writing injected SQL for node "model.financial_twin.stg_subscriptions"
[0m19:19:11.435105 [debug] [Thread-2 (]: Began executing node model.financial_twin.stg_customers
[0m19:19:11.435274 [debug] [Thread-3 (]: Began executing node model.financial_twin.stg_subscriptions
[0m19:19:11.435412 [debug] [Thread-1 (]: Began executing node model.financial_twin.stg_budget
[0m19:19:11.449536 [debug] [Thread-2 (]: Writing runtime sql for node "model.financial_twin.stg_customers"
[0m19:19:11.452098 [debug] [Thread-3 (]: Writing runtime sql for node "model.financial_twin.stg_subscriptions"
[0m19:19:11.453892 [debug] [Thread-1 (]: Writing runtime sql for node "model.financial_twin.stg_budget"
[0m19:19:11.454385 [debug] [Thread-3 (]: Using duckdb connection "model.financial_twin.stg_subscriptions"
[0m19:19:11.454569 [debug] [Thread-3 (]: On model.financial_twin.stg_subscriptions: BEGIN
[0m19:19:11.454727 [debug] [Thread-3 (]: Opening a new connection, currently in state init
[0m19:19:11.455018 [debug] [Thread-2 (]: Using duckdb connection "model.financial_twin.stg_customers"
[0m19:19:11.455183 [debug] [Thread-2 (]: On model.financial_twin.stg_customers: BEGIN
[0m19:19:11.455326 [debug] [Thread-2 (]: Opening a new connection, currently in state init
[0m19:19:11.455558 [debug] [Thread-3 (]: SQL status: OK in 0.001 seconds
[0m19:19:11.455740 [debug] [Thread-3 (]: Using duckdb connection "model.financial_twin.stg_subscriptions"
[0m19:19:11.455886 [debug] [Thread-2 (]: SQL status: OK in 0.001 seconds
[0m19:19:11.456043 [debug] [Thread-1 (]: Using duckdb connection "model.financial_twin.stg_budget"
[0m19:19:11.456214 [debug] [Thread-3 (]: On model.financial_twin.stg_subscriptions: /* {"app": "dbt", "dbt_version": "1.8.0", "profile_name": "financial_twin", "target_name": "dev", "node_id": "model.financial_twin.stg_subscriptions"} */

  
  create view "financial_model"."main"."stg_subscriptions__dbt_tmp" as (
    with source as (
    select * from "financial_model"."main"."raw_subscriptions"
)
select
    subscription_id,
    customer_id,
    start_date::date as start_date,
    end_date::date as end_date,
    mrr,
    currency
from source
  );

[0m19:19:11.456385 [debug] [Thread-2 (]: Using duckdb connection "model.financial_twin.stg_customers"
[0m19:19:11.456533 [debug] [Thread-1 (]: On model.financial_twin.stg_budget: BEGIN
[0m19:19:11.456779 [debug] [Thread-2 (]: On model.financial_twin.stg_customers: /* {"app": "dbt", "dbt_version": "1.8.0", "profile_name": "financial_twin", "target_name": "dev", "node_id": "model.financial_twin.stg_customers"} */

  
  create view "financial_model"."main"."stg_customers__dbt_tmp" as (
    with source as (
    select * from "financial_model"."main"."raw_customers"
)
select
    customer_id,
    acquisition_date::date as acquisition_date,
    segment
from source
  );

[0m19:19:11.456961 [debug] [Thread-1 (]: Opening a new connection, currently in state closed
[0m19:19:11.457107 [debug] [Thread-3 (]: SQL status: OK in 0.000 seconds
[0m19:19:11.460155 [debug] [Thread-3 (]: Using duckdb connection "model.financial_twin.stg_subscriptions"
[0m19:19:11.460349 [debug] [Thread-3 (]: On model.financial_twin.stg_subscriptions: /* {"app": "dbt", "dbt_version": "1.8.0", "profile_name": "financial_twin", "target_name": "dev", "node_id": "model.financial_twin.stg_subscriptions"} */
alter view "financial_model"."main"."stg_subscriptions" rename to "stg_subscriptions__dbt_backup"
[0m19:19:11.460513 [debug] [Thread-1 (]: SQL status: OK in 0.004 seconds
[0m19:19:11.460659 [debug] [Thread-2 (]: SQL status: OK in 0.003 seconds
[0m19:19:11.461043 [debug] [Thread-1 (]: Using duckdb connection "model.financial_twin.stg_budget"
[0m19:19:11.462418 [debug] [Thread-2 (]: Using duckdb connection "model.financial_twin.stg_customers"
[0m19:19:11.462568 [debug] [Thread-3 (]: SQL status: OK in 0.002 seconds
[0m19:19:11.462740 [debug] [Thread-1 (]: On model.financial_twin.stg_budget: /* {"app": "dbt", "dbt_version": "1.8.0", "profile_name": "financial_twin", "target_name": "dev", "node_id": "model.financial_twin.stg_budget"} */

  
  create view "financial_model"."main"."stg_budget__dbt_tmp" as (
    with source as (
    select * from "financial_model"."main"."fct_budget_monthly"
)
select
    scenario_id,
    month_end::date as month_end,
    fiscal_year,
    budget_mrr,
    budget_customers,
    budget_arr,
    ev_multiple
from source
  );

[0m19:19:11.462919 [debug] [Thread-2 (]: On model.financial_twin.stg_customers: /* {"app": "dbt", "dbt_version": "1.8.0", "profile_name": "financial_twin", "target_name": "dev", "node_id": "model.financial_twin.stg_customers"} */
alter view "financial_model"."main"."stg_customers" rename to "stg_customers__dbt_backup"
[0m19:19:11.464321 [debug] [Thread-3 (]: Using duckdb connection "model.financial_twin.stg_subscriptions"
[0m19:19:11.464661 [debug] [Thread-3 (]: On model.financial_twin.stg_subscriptions: /* {"app": "dbt", "dbt_version": "1.8.0", "profile_name": "financial_twin", "target_name": "dev", "node_id": "model.financial_twin.stg_subscriptions"} */
alter view "financial_model"."main"."stg_subscriptions__dbt_tmp" rename to "stg_subscriptions"
[0m19:19:11.464875 [debug] [Thread-1 (]: SQL status: OK in 0.000 seconds
[0m19:19:11.465024 [debug] [Thread-2 (]: SQL status: OK in 0.000 seconds
[0m19:19:11.466420 [debug] [Thread-1 (]: Using duckdb connection "model.financial_twin.stg_budget"
[0m19:19:11.467707 [debug] [Thread-2 (]: Using duckdb connection "model.financial_twin.stg_customers"
[0m19:19:11.467856 [debug] [Thread-3 (]: SQL status: OK in 0.003 seconds
[0m19:19:11.468035 [debug] [Thread-1 (]: On model.financial_twin.stg_budget: /* {"app": "dbt", "dbt_version": "1.8.0", "profile_name": "financial_twin", "target_name": "dev", "node_id": "model.financial_twin.stg_budget"} */
alter view "financial_model"."main"."stg_budget" rename to "stg_budget__dbt_backup"
[0m19:19:11.468202 [debug] [Thread-2 (]: On model.financial_twin.stg_customers: /* {"app": "dbt", "dbt_version": "1.8.0", "profile_name": "financial_twin", "target_name": "dev", "node_id": "model.financial_twin.stg_customers"} */
alter view "financial_model"."main"."stg_customers__dbt_tmp" rename to "stg_customers"
[0m19:19:11.473856 [debug] [Thread-3 (]: On model.financial_twin.stg_subscriptions: COMMIT
[0m19:19:11.474237 [debug] [Thread-3 (]: Using duckdb connection "model.financial_twin.stg_subscriptions"
[0m19:19:11.474408 [debug] [Thread-3 (]: On model.financial_twin.stg_subscriptions: COMMIT
[0m19:19:11.474564 [debug] [Thread-1 (]: SQL status: OK in 0.000 seconds
[0m19:19:11.474717 [debug] [Thread-2 (]: SQL status: OK in 0.001 seconds
[0m19:19:11.476209 [debug] [Thread-1 (]: Using duckdb connection "model.financial_twin.stg_budget"
[0m19:19:11.476978 [debug] [Thread-2 (]: On model.financial_twin.stg_customers: COMMIT
[0m19:19:11.477147 [debug] [Thread-1 (]: On model.financial_twin.stg_budget: /* {"app": "dbt", "dbt_version": "1.8.0", "profile_name": "financial_twin", "target_name": "dev", "node_id": "model.financial_twin.stg_budget"} */
alter view "financial_model"."main"."stg_budget__dbt_tmp" rename to "stg_budget"
[0m19:19:11.477303 [debug] [Thread-3 (]: SQL status: OK in 0.002 seconds
[0m19:19:11.477464 [debug] [Thread-2 (]: Using duckdb connection "model.financial_twin.stg_customers"
[0m19:19:11.480015 [debug] [Thread-3 (]: Using duckdb connection "model.financial_twin.stg_subscriptions"
[0m19:19:11.480195 [debug] [Thread-2 (]: On model.financial_twin.stg_customers: COMMIT
[0m19:19:11.480344 [debug] [Thread-1 (]: SQL status: OK in 0.003 seconds
[0m19:19:11.480514 [debug] [Thread-3 (]: On model.financial_twin.stg_subscriptions: /* {"app": "dbt", "dbt_version": "1.8.0", "profile_name": "financial_twin", "target_name": "dev", "node_id": "model.financial_twin.stg_subscriptions"} */

      drop view if exists "financial_model"."main"."stg_subscriptions__dbt_backup" cascade
    
[0m19:19:11.481293 [debug] [Thread-1 (]: On model.financial_twin.stg_budget: COMMIT
[0m19:19:11.481466 [debug] [Thread-2 (]: SQL status: OK in 0.001 seconds
[0m19:19:11.481833 [debug] [Thread-1 (]: Using duckdb connection "model.financial_twin.stg_budget"
[0m19:19:11.482939 [debug] [Thread-2 (]: Using duckdb connection "model.financial_twin.stg_customers"
[0m19:19:11.483122 [debug] [Thread-3 (]: SQL status: OK in 0.001 seconds
[0m19:19:11.483273 [debug] [Thread-1 (]: On model.financial_twin.stg_budget: COMMIT
[0m19:19:11.483488 [debug] [Thread-2 (]: On model.financial_twin.stg_customers: /* {"app": "dbt", "dbt_version": "1.8.0", "profile_name": "financial_twin", "target_name": "dev", "node_id": "model.financial_twin.stg_customers"} */

      drop view if exists "financial_model"."main"."stg_customers__dbt_backup" cascade
    
[0m19:19:11.484826 [debug] [Thread-3 (]: On model.financial_twin.stg_subscriptions: Close
[0m19:19:11.485747 [debug] [Thread-2 (]: SQL status: OK in 0.001 seconds
[0m19:19:11.486007 [debug] [Thread-1 (]: SQL status: OK in 0.001 seconds
[0m19:19:11.486312 [debug] [Thread-3 (]: Sending event: {'category': 'dbt', 'action': 'run_model', 'label': '3a28684b-932b-4e3f-9776-e33b20f9a213', 'context': [<snowplow_tracker.self_describing_json.SelfDescribingJson object at 0x109714050>]}
[0m19:19:11.486963 [debug] [Thread-2 (]: On model.financial_twin.stg_customers: Close
[0m19:19:11.489337 [debug] [Thread-1 (]: Using duckdb connection "model.financial_twin.stg_budget"
[0m19:19:11.489722 [info ] [Thread-3 (]: 3 of 7 OK created sql view model main.stg_subscriptions ........................ [[32mOK[0m in 0.06s]
[0m19:19:11.490026 [debug] [Thread-2 (]: Sending event: {'category': 'dbt', 'action': 'run_model', 'label': '3a28684b-932b-4e3f-9776-e33b20f9a213', 'context': [<snowplow_tracker.self_describing_json.SelfDescribingJson object at 0x109f5cd10>]}
[0m19:19:11.490269 [debug] [Thread-1 (]: On model.financial_twin.stg_budget: /* {"app": "dbt", "dbt_version": "1.8.0", "profile_name": "financial_twin", "target_name": "dev", "node_id": "model.financial_twin.stg_budget"} */

      drop view if exists "financial_model"."main"."stg_budget__dbt_backup" cascade
    
[0m19:19:11.490520 [debug] [Thread-3 (]: Finished running node model.financial_twin.stg_subscriptions
[0m19:19:11.490797 [info ] [Thread-2 (]: 2 of 7 OK created sql view model main.stg_customers ............................ [[32mOK[0m in 0.06s]
[0m19:19:11.491291 [debug] [Thread-2 (]: Finished running node model.financial_twin.stg_customers
[0m19:19:11.491467 [debug] [Thread-4 (]: Began running node model.financial_twin.int_subscription_months
[0m19:19:11.491624 [debug] [Thread-1 (]: SQL status: OK in 0.001 seconds
[0m19:19:11.491900 [info ] [Thread-4 (]: 4 of 7 START sql table model main.int_subscription_months ...................... [RUN]
[0m19:19:11.492666 [debug] [Thread-1 (]: On model.financial_twin.stg_budget: Close
[0m19:19:11.492961 [debug] [Thread-4 (]: Acquiring new duckdb connection 'model.financial_twin.int_subscription_months'
[0m19:19:11.493269 [debug] [Thread-1 (]: Sending event: {'category': 'dbt', 'action': 'run_model', 'label': '3a28684b-932b-4e3f-9776-e33b20f9a213', 'context': [<snowplow_tracker.self_describing_json.SelfDescribingJson object at 0x109f5eb50>]}
[0m19:19:11.493445 [debug] [Thread-4 (]: Began compiling node model.financial_twin.int_subscription_months
[0m19:19:11.493772 [info ] [Thread-1 (]: 1 of 7 OK created sql view model main.stg_budget ............................... [[32mOK[0m in 0.07s]
[0m19:19:11.495980 [debug] [Thread-4 (]: Writing injected SQL for node "model.financial_twin.int_subscription_months"
[0m19:19:11.496374 [debug] [Thread-1 (]: Finished running node model.financial_twin.stg_budget
[0m19:19:11.496819 [debug] [Thread-4 (]: Began executing node model.financial_twin.int_subscription_months
[0m19:19:11.507339 [debug] [Thread-4 (]: Writing runtime sql for node "model.financial_twin.int_subscription_months"
[0m19:19:11.507936 [debug] [Thread-4 (]: Using duckdb connection "model.financial_twin.int_subscription_months"
[0m19:19:11.508131 [debug] [Thread-4 (]: On model.financial_twin.int_subscription_months: BEGIN
[0m19:19:11.508292 [debug] [Thread-4 (]: Opening a new connection, currently in state init
[0m19:19:11.508709 [debug] [Thread-4 (]: SQL status: OK in 0.000 seconds
[0m19:19:11.508870 [debug] [Thread-4 (]: Using duckdb connection "model.financial_twin.int_subscription_months"
[0m19:19:11.509062 [debug] [Thread-4 (]: On model.financial_twin.int_subscription_months: /* {"app": "dbt", "dbt_version": "1.8.0", "profile_name": "financial_twin", "target_name": "dev", "node_id": "model.financial_twin.int_subscription_months"} */

  
    
    

    create  table
      "financial_model"."main"."int_subscription_months__dbt_tmp"
  
    as (
      with calendar as (
    select * from "financial_model"."main"."dim_calendar"
    where month_end = date_trunc('month', month_end) + interval '1 month' - interval '1 day'
),
subs as (
    select * from "financial_model"."main"."stg_subscriptions"
)
select
    c.month_end,
    s.subscription_id,
    s.customer_id,
    s.mrr,
    s.currency
from calendar c
cross join subs s
where s.start_date <= c.month_end
  and (s.end_date is null or s.end_date > c.month_end)
    );
  
  
[0m19:19:11.541709 [debug] [Thread-4 (]: SQL status: OK in 0.032 seconds
[0m19:19:11.544464 [debug] [Thread-4 (]: Using duckdb connection "model.financial_twin.int_subscription_months"
[0m19:19:11.544660 [debug] [Thread-4 (]: On model.financial_twin.int_subscription_months: /* {"app": "dbt", "dbt_version": "1.8.0", "profile_name": "financial_twin", "target_name": "dev", "node_id": "model.financial_twin.int_subscription_months"} */

    SELECT index_name
    FROM duckdb_indexes()
    WHERE schema_name = 'main'
      AND table_name = 'int_subscription_months'
  
[0m19:19:11.545185 [debug] [Thread-4 (]: SQL status: OK in 0.000 seconds
[0m19:19:11.545846 [debug] [Thread-4 (]: Using duckdb connection "model.financial_twin.int_subscription_months"
[0m19:19:11.546011 [debug] [Thread-4 (]: On model.financial_twin.int_subscription_months: /* {"app": "dbt", "dbt_version": "1.8.0", "profile_name": "financial_twin", "target_name": "dev", "node_id": "model.financial_twin.int_subscription_months"} */

    SELECT COUNT(*) as remaining_indexes
    FROM duckdb_indexes()
    WHERE schema_name = 'main'
      AND table_name = 'int_subscription_months'
  
[0m19:19:11.546616 [debug] [Thread-4 (]: SQL status: OK in 0.000 seconds
[0m19:19:11.548224 [debug] [Thread-4 (]: Using duckdb connection "model.financial_twin.int_subscription_months"
[0m19:19:11.548447 [debug] [Thread-4 (]: On model.financial_twin.int_subscription_months: /* {"app": "dbt", "dbt_version": "1.8.0", "profile_name": "financial_twin", "target_name": "dev", "node_id": "model.financial_twin.int_subscription_months"} */
alter table "financial_model"."main"."int_subscription_months" rename to "int_subscription_months__dbt_backup"
[0m19:19:11.548815 [debug] [Thread-4 (]: SQL status: OK in 0.000 seconds
[0m19:19:11.550156 [debug] [Thread-4 (]: Using duckdb connection "model.financial_twin.int_subscription_months"
[0m19:19:11.550323 [debug] [Thread-4 (]: On model.financial_twin.int_subscription_months: /* {"app": "dbt", "dbt_version": "1.8.0", "profile_name": "financial_twin", "target_name": "dev", "node_id": "model.financial_twin.int_subscription_months"} */
alter table "financial_model"."main"."int_subscription_months__dbt_tmp" rename to "int_subscription_months"
[0m19:19:11.550602 [debug] [Thread-4 (]: SQL status: OK in 0.000 seconds
[0m19:19:11.553063 [debug] [Thread-4 (]: On model.financial_twin.int_subscription_months: COMMIT
[0m19:19:11.553258 [debug] [Thread-4 (]: Using duckdb connection "model.financial_twin.int_subscription_months"
[0m19:19:11.553413 [debug] [Thread-4 (]: On model.financial_twin.int_subscription_months: COMMIT
[0m19:19:11.553987 [debug] [Thread-4 (]: SQL status: OK in 0.000 seconds
[0m19:19:11.555129 [debug] [Thread-4 (]: Using duckdb connection "model.financial_twin.int_subscription_months"
[0m19:19:11.555296 [debug] [Thread-4 (]: On model.financial_twin.int_subscription_months: /* {"app": "dbt", "dbt_version": "1.8.0", "profile_name": "financial_twin", "target_name": "dev", "node_id": "model.financial_twin.int_subscription_months"} */

      drop table if exists "financial_model"."main"."int_subscription_months__dbt_backup" cascade
    
[0m19:19:11.555671 [debug] [Thread-4 (]: SQL status: OK in 0.000 seconds
[0m19:19:11.556252 [debug] [Thread-4 (]: On model.financial_twin.int_subscription_months: Close
[0m19:19:11.556497 [debug] [Thread-4 (]: Sending event: {'category': 'dbt', 'action': 'run_model', 'label': '3a28684b-932b-4e3f-9776-e33b20f9a213', 'context': [<snowplow_tracker.self_describing_json.SelfDescribingJson object at 0x10953aad0>]}
[0m19:19:11.556773 [info ] [Thread-4 (]: 4 of 7 OK created sql table model main.int_subscription_months ................. [[32mOK[0m in 0.06s]
[0m19:19:11.557026 [debug] [Thread-4 (]: Finished running node model.financial_twin.int_subscription_months
[0m19:19:11.557373 [debug] [Thread-3 (]: Began running node model.financial_twin.mart_finance_monthly
[0m19:19:11.557601 [info ] [Thread-3 (]: 5 of 7 START sql table model main.mart_finance_monthly ......................... [RUN]
[0m19:19:11.557794 [debug] [Thread-3 (]: Re-using an available connection from the pool (formerly model.financial_twin.stg_subscriptions, now model.financial_twin.mart_finance_monthly)
[0m19:19:11.557954 [debug] [Thread-3 (]: Began compiling node model.financial_twin.mart_finance_monthly
[0m19:19:11.559254 [debug] [Thread-3 (]: Writing injected SQL for node "model.financial_twin.mart_finance_monthly"
[0m19:19:11.559580 [debug] [Thread-3 (]: Began executing node model.financial_twin.mart_finance_monthly
[0m19:19:11.561188 [debug] [Thread-3 (]: Writing runtime sql for node "model.financial_twin.mart_finance_monthly"
[0m19:19:11.561460 [debug] [Thread-3 (]: Using duckdb connection "model.financial_twin.mart_finance_monthly"
[0m19:19:11.561611 [debug] [Thread-3 (]: On model.financial_twin.mart_finance_monthly: BEGIN
[0m19:19:11.561749 [debug] [Thread-3 (]: Opening a new connection, currently in state closed
[0m19:19:11.562041 [debug] [Thread-3 (]: SQL status: OK in 0.000 seconds
[0m19:19:11.562189 [debug] [Thread-3 (]: Using duckdb connection "model.financial_twin.mart_finance_monthly"
[0m19:19:11.562352 [debug] [Thread-3 (]: On model.financial_twin.mart_finance_monthly: /* {"app": "dbt", "dbt_version": "1.8.0", "profile_name": "financial_twin", "target_name": "dev", "node_id": "model.financial_twin.mart_finance_monthly"} */

  
    
    

    create  table
      "financial_model"."main"."mart_finance_monthly__dbt_tmp"
  
    as (
      with act as (
    select
        month_end,
        'ACT' as scenario,
        2 as scenario_id,
        count(distinct customer_id) as customers,
        sum(mrr) as mrr,
        sum(mrr) * 12 as arr
    from "financial_model"."main"."int_subscription_months"
    group by 1
),
bud as (
    select
        month_end,
        'BUD' as scenario,
        1 as scenario_id,
        budget_customers as customers,
        budget_mrr as mrr,
        budget_arr as arr
    from "financial_model"."main"."stg_budget"
)

select * from act
union all
select * from bud
    );
  
  
[0m19:19:11.570083 [debug] [Thread-3 (]: SQL status: OK in 0.007 seconds
[0m19:19:11.570751 [debug] [Thread-3 (]: Using duckdb connection "model.financial_twin.mart_finance_monthly"
[0m19:19:11.570926 [debug] [Thread-3 (]: On model.financial_twin.mart_finance_monthly: /* {"app": "dbt", "dbt_version": "1.8.0", "profile_name": "financial_twin", "target_name": "dev", "node_id": "model.financial_twin.mart_finance_monthly"} */

    SELECT index_name
    FROM duckdb_indexes()
    WHERE schema_name = 'main'
      AND table_name = 'mart_finance_monthly'
  
[0m19:19:11.571399 [debug] [Thread-3 (]: SQL status: OK in 0.000 seconds
[0m19:19:11.571963 [debug] [Thread-3 (]: Using duckdb connection "model.financial_twin.mart_finance_monthly"
[0m19:19:11.572146 [debug] [Thread-3 (]: On model.financial_twin.mart_finance_monthly: /* {"app": "dbt", "dbt_version": "1.8.0", "profile_name": "financial_twin", "target_name": "dev", "node_id": "model.financial_twin.mart_finance_monthly"} */

    SELECT COUNT(*) as remaining_indexes
    FROM duckdb_indexes()
    WHERE schema_name = 'main'
      AND table_name = 'mart_finance_monthly'
  
[0m19:19:11.572551 [debug] [Thread-3 (]: SQL status: OK in 0.000 seconds
[0m19:19:11.574123 [debug] [Thread-3 (]: Using duckdb connection "model.financial_twin.mart_finance_monthly"
[0m19:19:11.574291 [debug] [Thread-3 (]: On model.financial_twin.mart_finance_monthly: /* {"app": "dbt", "dbt_version": "1.8.0", "profile_name": "financial_twin", "target_name": "dev", "node_id": "model.financial_twin.mart_finance_monthly"} */
alter table "financial_model"."main"."mart_finance_monthly" rename to "mart_finance_monthly__dbt_backup"
[0m19:19:11.574587 [debug] [Thread-3 (]: SQL status: OK in 0.000 seconds
[0m19:19:11.575903 [debug] [Thread-3 (]: Using duckdb connection "model.financial_twin.mart_finance_monthly"
[0m19:19:11.576061 [debug] [Thread-3 (]: On model.financial_twin.mart_finance_monthly: /* {"app": "dbt", "dbt_version": "1.8.0", "profile_name": "financial_twin", "target_name": "dev", "node_id": "model.financial_twin.mart_finance_monthly"} */
alter table "financial_model"."main"."mart_finance_monthly__dbt_tmp" rename to "mart_finance_monthly"
[0m19:19:11.576327 [debug] [Thread-3 (]: SQL status: OK in 0.000 seconds
[0m19:19:11.577047 [debug] [Thread-3 (]: On model.financial_twin.mart_finance_monthly: COMMIT
[0m19:19:11.577198 [debug] [Thread-3 (]: Using duckdb connection "model.financial_twin.mart_finance_monthly"
[0m19:19:11.577337 [debug] [Thread-3 (]: On model.financial_twin.mart_finance_monthly: COMMIT
[0m19:19:11.577912 [debug] [Thread-3 (]: SQL status: OK in 0.000 seconds
[0m19:19:11.579068 [debug] [Thread-3 (]: Using duckdb connection "model.financial_twin.mart_finance_monthly"
[0m19:19:11.579236 [debug] [Thread-3 (]: On model.financial_twin.mart_finance_monthly: /* {"app": "dbt", "dbt_version": "1.8.0", "profile_name": "financial_twin", "target_name": "dev", "node_id": "model.financial_twin.mart_finance_monthly"} */

      drop table if exists "financial_model"."main"."mart_finance_monthly__dbt_backup" cascade
    
[0m19:19:11.579605 [debug] [Thread-3 (]: SQL status: OK in 0.000 seconds
[0m19:19:11.580184 [debug] [Thread-3 (]: On model.financial_twin.mart_finance_monthly: Close
[0m19:19:11.580425 [debug] [Thread-3 (]: Sending event: {'category': 'dbt', 'action': 'run_model', 'label': '3a28684b-932b-4e3f-9776-e33b20f9a213', 'context': [<snowplow_tracker.self_describing_json.SelfDescribingJson object at 0x1099e2250>]}
[0m19:19:11.580695 [info ] [Thread-3 (]: 5 of 7 OK created sql table model main.mart_finance_monthly .................... [[32mOK[0m in 0.02s]
[0m19:19:11.580953 [debug] [Thread-3 (]: Finished running node model.financial_twin.mart_finance_monthly
[0m19:19:11.581351 [debug] [Thread-1 (]: Began running node model.financial_twin.mart_consolidated_reporting
[0m19:19:11.581519 [debug] [Thread-4 (]: Began running node model.financial_twin.mart_forecast_input
[0m19:19:11.581753 [info ] [Thread-1 (]: 6 of 7 START sql table model main.mart_consolidated_reporting .................. [RUN]
[0m19:19:11.582001 [info ] [Thread-4 (]: 7 of 7 START sql table model main.mart_forecast_input .......................... [RUN]
[0m19:19:11.582232 [debug] [Thread-1 (]: Re-using an available connection from the pool (formerly model.financial_twin.stg_budget, now model.financial_twin.mart_consolidated_reporting)
[0m19:19:11.582417 [debug] [Thread-4 (]: Re-using an available connection from the pool (formerly model.financial_twin.int_subscription_months, now model.financial_twin.mart_forecast_input)
[0m19:19:11.582581 [debug] [Thread-1 (]: Began compiling node model.financial_twin.mart_consolidated_reporting
[0m19:19:11.582734 [debug] [Thread-4 (]: Began compiling node model.financial_twin.mart_forecast_input
[0m19:19:11.585392 [debug] [Thread-1 (]: Writing injected SQL for node "model.financial_twin.mart_consolidated_reporting"
[0m19:19:11.587069 [debug] [Thread-4 (]: Writing injected SQL for node "model.financial_twin.mart_forecast_input"
[0m19:19:11.587795 [debug] [Thread-1 (]: Began executing node model.financial_twin.mart_consolidated_reporting
[0m19:19:11.587954 [debug] [Thread-4 (]: Began executing node model.financial_twin.mart_forecast_input
[0m19:19:11.589988 [debug] [Thread-1 (]: Writing runtime sql for node "model.financial_twin.mart_consolidated_reporting"
[0m19:19:11.591832 [debug] [Thread-4 (]: Writing runtime sql for node "model.financial_twin.mart_forecast_input"
[0m19:19:11.592316 [debug] [Thread-1 (]: Using duckdb connection "model.financial_twin.mart_consolidated_reporting"
[0m19:19:11.592503 [debug] [Thread-4 (]: Using duckdb connection "model.financial_twin.mart_forecast_input"
[0m19:19:11.592718 [debug] [Thread-1 (]: On model.financial_twin.mart_consolidated_reporting: BEGIN
[0m19:19:11.592895 [debug] [Thread-4 (]: On model.financial_twin.mart_forecast_input: BEGIN
[0m19:19:11.593073 [debug] [Thread-1 (]: Opening a new connection, currently in state closed
[0m19:19:11.593223 [debug] [Thread-4 (]: Opening a new connection, currently in state closed
[0m19:19:11.593614 [debug] [Thread-1 (]: SQL status: OK in 0.001 seconds
[0m19:19:11.593774 [debug] [Thread-1 (]: Using duckdb connection "model.financial_twin.mart_consolidated_reporting"
[0m19:19:11.593915 [debug] [Thread-4 (]: SQL status: OK in 0.001 seconds
[0m19:19:11.594097 [debug] [Thread-1 (]: On model.financial_twin.mart_consolidated_reporting: /* {"app": "dbt", "dbt_version": "1.8.0", "profile_name": "financial_twin", "target_name": "dev", "node_id": "model.financial_twin.mart_consolidated_reporting"} */

  
    
    

    create  table
      "financial_model"."main"."mart_consolidated_reporting__dbt_tmp"
  
    as (
      with act as (
    select
        month_end,
        'ACT' as scenario,
        2 as scenario_id,
        customers,
        mrr,
        arr
    from "financial_model"."main"."mart_finance_monthly"
    where scenario = 'ACT'
),
bud as (
    select
        month_end,
        'BUD' as scenario,
        1 as scenario_id,
        customers,
        mrr,
        arr
    from "financial_model"."main"."mart_finance_monthly"
    where scenario = 'BUD'
),
fct as (
    select
        month_end,
        'FCT' as scenario,
        3 as scenario_id,
        customers,
        mrr,
        arr
    from "financial_model"."main"."raw_forecast"
)

select * from act
union all
select * from bud
union all
select * from fct
    );
  
  
[0m19:19:11.594276 [debug] [Thread-4 (]: Using duckdb connection "model.financial_twin.mart_forecast_input"
[0m19:19:11.594544 [debug] [Thread-4 (]: On model.financial_twin.mart_forecast_input: /* {"app": "dbt", "dbt_version": "1.8.0", "profile_name": "financial_twin", "target_name": "dev", "node_id": "model.financial_twin.mart_forecast_input"} */

  
    
    

    create  table
      "financial_model"."main"."mart_forecast_input__dbt_tmp"
  
    as (
      select
    month_end as ds,
    mrr as y
from "financial_model"."main"."mart_finance_monthly"
where scenario = 'ACT'
order by ds
    );
  
  
[0m19:19:11.596312 [debug] [Thread-1 (]: SQL status: OK in 0.002 seconds
[0m19:19:11.598098 [debug] [Thread-1 (]: Using duckdb connection "model.financial_twin.mart_consolidated_reporting"
[0m19:19:11.598328 [debug] [Thread-1 (]: On model.financial_twin.mart_consolidated_reporting: /* {"app": "dbt", "dbt_version": "1.8.0", "profile_name": "financial_twin", "target_name": "dev", "node_id": "model.financial_twin.mart_consolidated_reporting"} */
alter table "financial_model"."main"."mart_consolidated_reporting__dbt_tmp" rename to "mart_consolidated_reporting"
[0m19:19:11.598597 [debug] [Thread-4 (]: SQL status: OK in 0.004 seconds
[0m19:19:11.598799 [debug] [Thread-1 (]: SQL status: OK in 0.000 seconds
[0m19:19:11.599321 [debug] [Thread-4 (]: Using duckdb connection "model.financial_twin.mart_forecast_input"
[0m19:19:11.600079 [debug] [Thread-1 (]: On model.financial_twin.mart_consolidated_reporting: COMMIT
[0m19:19:11.600286 [debug] [Thread-4 (]: On model.financial_twin.mart_forecast_input: /* {"app": "dbt", "dbt_version": "1.8.0", "profile_name": "financial_twin", "target_name": "dev", "node_id": "model.financial_twin.mart_forecast_input"} */

    SELECT index_name
    FROM duckdb_indexes()
    WHERE schema_name = 'main'
      AND table_name = 'mart_forecast_input'
  
[0m19:19:11.600508 [debug] [Thread-1 (]: Using duckdb connection "model.financial_twin.mart_consolidated_reporting"
[0m19:19:11.601010 [debug] [Thread-1 (]: On model.financial_twin.mart_consolidated_reporting: COMMIT
[0m19:19:11.601342 [debug] [Thread-4 (]: SQL status: OK in 0.000 seconds
[0m19:19:11.602634 [debug] [Thread-4 (]: Using duckdb connection "model.financial_twin.mart_forecast_input"
[0m19:19:11.602912 [debug] [Thread-4 (]: On model.financial_twin.mart_forecast_input: /* {"app": "dbt", "dbt_version": "1.8.0", "profile_name": "financial_twin", "target_name": "dev", "node_id": "model.financial_twin.mart_forecast_input"} */

    SELECT COUNT(*) as remaining_indexes
    FROM duckdb_indexes()
    WHERE schema_name = 'main'
      AND table_name = 'mart_forecast_input'
  
[0m19:19:11.603100 [debug] [Thread-1 (]: SQL status: OK in 0.002 seconds
[0m19:19:11.604682 [debug] [Thread-1 (]: Using duckdb connection "model.financial_twin.mart_consolidated_reporting"
[0m19:19:11.605041 [debug] [Thread-4 (]: SQL status: OK in 0.002 seconds
[0m19:19:11.605216 [debug] [Thread-1 (]: On model.financial_twin.mart_consolidated_reporting: /* {"app": "dbt", "dbt_version": "1.8.0", "profile_name": "financial_twin", "target_name": "dev", "node_id": "model.financial_twin.mart_consolidated_reporting"} */

      drop table if exists "financial_model"."main"."mart_consolidated_reporting__dbt_backup" cascade
    
[0m19:19:11.607000 [debug] [Thread-4 (]: Using duckdb connection "model.financial_twin.mart_forecast_input"
[0m19:19:11.607556 [debug] [Thread-4 (]: On model.financial_twin.mart_forecast_input: /* {"app": "dbt", "dbt_version": "1.8.0", "profile_name": "financial_twin", "target_name": "dev", "node_id": "model.financial_twin.mart_forecast_input"} */
alter table "financial_model"."main"."mart_forecast_input" rename to "mart_forecast_input__dbt_backup"
[0m19:19:11.608002 [debug] [Thread-1 (]: SQL status: OK in 0.001 seconds
[0m19:19:11.609094 [debug] [Thread-1 (]: On model.financial_twin.mart_consolidated_reporting: Close
[0m19:19:11.609444 [debug] [Thread-1 (]: Sending event: {'category': 'dbt', 'action': 'run_model', 'label': '3a28684b-932b-4e3f-9776-e33b20f9a213', 'context': [<snowplow_tracker.self_describing_json.SelfDescribingJson object at 0x10975b490>]}
[0m19:19:11.609628 [debug] [Thread-4 (]: SQL status: OK in 0.002 seconds
[0m19:19:11.611625 [debug] [Thread-4 (]: Using duckdb connection "model.financial_twin.mart_forecast_input"
[0m19:19:11.609957 [info ] [Thread-1 (]: 6 of 7 OK created sql table model main.mart_consolidated_reporting ............. [[32mOK[0m in 0.03s]
[0m19:19:11.611917 [debug] [Thread-4 (]: On model.financial_twin.mart_forecast_input: /* {"app": "dbt", "dbt_version": "1.8.0", "profile_name": "financial_twin", "target_name": "dev", "node_id": "model.financial_twin.mart_forecast_input"} */
alter table "financial_model"."main"."mart_forecast_input__dbt_tmp" rename to "mart_forecast_input"
[0m19:19:11.612197 [debug] [Thread-1 (]: Finished running node model.financial_twin.mart_consolidated_reporting
[0m19:19:11.612671 [debug] [Thread-4 (]: SQL status: OK in 0.000 seconds
[0m19:19:11.613836 [debug] [Thread-4 (]: On model.financial_twin.mart_forecast_input: COMMIT
[0m19:19:11.614054 [debug] [Thread-4 (]: Using duckdb connection "model.financial_twin.mart_forecast_input"
[0m19:19:11.614211 [debug] [Thread-4 (]: On model.financial_twin.mart_forecast_input: COMMIT
[0m19:19:11.614787 [debug] [Thread-4 (]: SQL status: OK in 0.000 seconds
[0m19:19:11.616358 [debug] [Thread-4 (]: Using duckdb connection "model.financial_twin.mart_forecast_input"
[0m19:19:11.616656 [debug] [Thread-4 (]: On model.financial_twin.mart_forecast_input: /* {"app": "dbt", "dbt_version": "1.8.0", "profile_name": "financial_twin", "target_name": "dev", "node_id": "model.financial_twin.mart_forecast_input"} */

      drop table if exists "financial_model"."main"."mart_forecast_input__dbt_backup" cascade
    
[0m19:19:11.617267 [debug] [Thread-4 (]: SQL status: OK in 0.000 seconds
[0m19:19:11.617999 [debug] [Thread-4 (]: On model.financial_twin.mart_forecast_input: Close
[0m19:19:11.618297 [debug] [Thread-4 (]: Sending event: {'category': 'dbt', 'action': 'run_model', 'label': '3a28684b-932b-4e3f-9776-e33b20f9a213', 'context': [<snowplow_tracker.self_describing_json.SelfDescribingJson object at 0x109523490>]}
[0m19:19:11.618617 [info ] [Thread-4 (]: 7 of 7 OK created sql table model main.mart_forecast_input ..................... [[32mOK[0m in 0.04s]
[0m19:19:11.618890 [debug] [Thread-4 (]: Finished running node model.financial_twin.mart_forecast_input
[0m19:19:11.620037 [debug] [MainThread]: Using duckdb connection "master"
[0m19:19:11.620235 [debug] [MainThread]: On master: BEGIN
[0m19:19:11.620373 [debug] [MainThread]: Opening a new connection, currently in state closed
[0m19:19:11.620766 [debug] [MainThread]: SQL status: OK in 0.000 seconds
[0m19:19:11.620909 [debug] [MainThread]: On master: COMMIT
[0m19:19:11.621033 [debug] [MainThread]: Using duckdb connection "master"
[0m19:19:11.621173 [debug] [MainThread]: On master: COMMIT
[0m19:19:11.621429 [debug] [MainThread]: SQL status: OK in 0.000 seconds
[0m19:19:11.621565 [debug] [MainThread]: On master: Close
[0m19:19:11.621769 [debug] [MainThread]: Connection 'master' was properly closed.
[0m19:19:11.621951 [debug] [MainThread]: Connection 'model.financial_twin.mart_consolidated_reporting' was properly closed.
[0m19:19:11.622080 [debug] [MainThread]: Connection 'model.financial_twin.stg_customers' was properly closed.
[0m19:19:11.622199 [debug] [MainThread]: Connection 'model.financial_twin.mart_finance_monthly' was properly closed.
[0m19:19:11.622311 [debug] [MainThread]: Connection 'model.financial_twin.mart_forecast_input' was properly closed.
[0m19:19:11.622510 [info ] [MainThread]: 
[0m19:19:11.622672 [info ] [MainThread]: Finished running 3 view models, 4 table models in 0 hours 0 minutes and 0.30 seconds (0.30s).
[0m19:19:11.623267 [debug] [MainThread]: Command end result
[0m19:19:11.638433 [info ] [MainThread]: 
[0m19:19:11.638705 [info ] [MainThread]: [32mCompleted successfully[0m
[0m19:19:11.638859 [info ] [MainThread]: 
[0m19:19:11.639020 [info ] [MainThread]: Done. PASS=7 WARN=0 ERROR=0 SKIP=0 TOTAL=7
[0m19:19:11.640460 [debug] [MainThread]: Resource report: {"command_name": "run", "command_success": true, "command_wall_clock_time": 0.8686358, "process_user_time": 1.245062, "process_kernel_time": 0.206545, "process_mem_max_rss": "168476672", "process_in_blocks": "0", "process_out_blocks": "0"}
[0m19:19:11.640764 [debug] [MainThread]: Command `dbt run` succeeded at 19:19:11.640720 after 0.87 seconds
[0m19:19:11.640957 [debug] [MainThread]: Sending event: {'category': 'dbt', 'action': 'invocation', 'label': 'end', 'context': [<snowplow_tracker.self_describing_json.SelfDescribingJson object at 0x1051a3190>, <snowplow_tracker.self_describing_json.SelfDescribingJson object at 0x105117fd0>, <snowplow_tracker.self_describing_json.SelfDescribingJson object at 0x105179210>]}
[0m19:19:11.641134 [debug] [MainThread]: Flushing usage events
[0m19:31:56.200733 [debug] [MainThread]: Sending event: {'category': 'dbt', 'action': 'invocation', 'label': 'start', 'context': [<snowplow_tracker.self_describing_json.SelfDescribingJson object at 0x107e2fcd0>, <snowplow_tracker.self_describing_json.SelfDescribingJson object at 0x107e2fa50>, <snowplow_tracker.self_describing_json.SelfDescribingJson object at 0x107dd68d0>]}


============================== 19:31:56.203339 | 7cb37723-23ea-48ea-870b-223b906afaa3 ==============================
[0m19:31:56.203339 [info ] [MainThread]: Running with dbt=1.8.0
[0m19:31:56.203661 [debug] [MainThread]: running dbt with arguments {'printer_width': '80', 'indirect_selection': 'eager', 'write_json': 'True', 'log_cache_events': 'False', 'partial_parse': 'True', 'cache_selected_only': 'False', 'profiles_dir': '.', 'version_check': 'True', 'debug': 'False', 'log_path': '/Users/admin/Desktop/Portfolio/dbt_financial/logs', 'warn_error': 'None', 'fail_fast': 'False', 'use_colors': 'True', 'use_experimental_parser': 'False', 'no_print': 'None', 'quiet': 'False', 'warn_error_options': 'WarnErrorOptions(include=[], exclude=[])', 'static_parser': 'True', 'invocation_command': 'dbt run --profiles-dir .', 'introspect': 'True', 'target_path': 'None', 'log_format': 'default', 'send_anonymous_usage_stats': 'True'}
[0m19:31:56.377166 [debug] [MainThread]: Sending event: {'category': 'dbt', 'action': 'project_id', 'label': '7cb37723-23ea-48ea-870b-223b906afaa3', 'context': [<snowplow_tracker.self_describing_json.SelfDescribingJson object at 0x107cf1310>]}
[0m19:31:56.400117 [debug] [MainThread]: Sending event: {'category': 'dbt', 'action': 'adapter_info', 'label': '7cb37723-23ea-48ea-870b-223b906afaa3', 'context': [<snowplow_tracker.self_describing_json.SelfDescribingJson object at 0x105396f90>]}
[0m19:31:56.401768 [info ] [MainThread]: Registered adapter: duckdb=1.10.0
[0m19:31:56.462660 [debug] [MainThread]: checksum: dbb12d416fdb55e3665e4828703bbedf40c5c90ed7ca6ff39bbbfb29b12b0a92, vars: {}, profile: , target: , version: 1.8.0
[0m19:31:56.521953 [debug] [MainThread]: Partial parsing enabled: 0 files deleted, 0 files added, 0 files changed.
[0m19:31:56.522308 [debug] [MainThread]: Partial parsing enabled, no changes found, skipping parsing
[0m19:31:56.538444 [debug] [MainThread]: Sending event: {'category': 'dbt', 'action': 'load_project', 'label': '7cb37723-23ea-48ea-870b-223b906afaa3', 'context': [<snowplow_tracker.self_describing_json.SelfDescribingJson object at 0x108650fd0>]}
[0m19:31:56.581988 [debug] [MainThread]: Sending event: {'category': 'dbt', 'action': 'resource_counts', 'label': '7cb37723-23ea-48ea-870b-223b906afaa3', 'context': [<snowplow_tracker.self_describing_json.SelfDescribingJson object at 0x10854bd50>]}
[0m19:31:56.582283 [info ] [MainThread]: Found 7 models, 5 sources, 438 macros
[0m19:31:56.582451 [debug] [MainThread]: Sending event: {'category': 'dbt', 'action': 'runnable_timing', 'label': '7cb37723-23ea-48ea-870b-223b906afaa3', 'context': [<snowplow_tracker.self_describing_json.SelfDescribingJson object at 0x107e87090>]}
[0m19:31:56.583478 [info ] [MainThread]: 
[0m19:31:56.583808 [debug] [MainThread]: Acquiring new duckdb connection 'master'
[0m19:31:56.586080 [debug] [ThreadPool]: Acquiring new duckdb connection 'list_financial_model'
[0m19:31:56.612494 [debug] [ThreadPool]: Using duckdb connection "list_financial_model"
[0m19:31:56.612749 [debug] [ThreadPool]: On list_financial_model: /* {"app": "dbt", "dbt_version": "1.8.0", "profile_name": "financial_twin", "target_name": "dev", "connection_name": "list_financial_model"} */

    
    select schema_name
    from system.information_schema.schemata
    
    where lower(catalog_name) = '"financial_model"'
    
  
  
[0m19:31:56.612894 [debug] [ThreadPool]: Opening a new connection, currently in state init
[0m19:31:56.621790 [debug] [ThreadPool]: SQL status: OK in 0.009 seconds
[0m19:31:56.622651 [debug] [ThreadPool]: On list_financial_model: Close
[0m19:31:56.622989 [debug] [ThreadPool]: Re-using an available connection from the pool (formerly list_financial_model, now create_financial_model_main)
[0m19:31:56.623217 [debug] [ThreadPool]: Creating schema "database: "financial_model"
schema: "main"
"
[0m19:31:56.626422 [debug] [ThreadPool]: Using duckdb connection "create_financial_model_main"
[0m19:31:56.626589 [debug] [ThreadPool]: On create_financial_model_main: /* {"app": "dbt", "dbt_version": "1.8.0", "profile_name": "financial_twin", "target_name": "dev", "connection_name": "create_financial_model_main"} */

    
        select type from duckdb_databases()
        where lower(database_name)='financial_model'
        and type='sqlite'
    
  
[0m19:31:56.626726 [debug] [ThreadPool]: Opening a new connection, currently in state closed
[0m19:31:56.627406 [debug] [ThreadPool]: SQL status: OK in 0.001 seconds
[0m19:31:56.628178 [debug] [ThreadPool]: Using duckdb connection "create_financial_model_main"
[0m19:31:56.628312 [debug] [ThreadPool]: On create_financial_model_main: BEGIN
[0m19:31:56.628531 [debug] [ThreadPool]: SQL status: OK in 0.000 seconds
[0m19:31:56.628658 [debug] [ThreadPool]: Using duckdb connection "create_financial_model_main"
[0m19:31:56.628786 [debug] [ThreadPool]: On create_financial_model_main: /* {"app": "dbt", "dbt_version": "1.8.0", "profile_name": "financial_twin", "target_name": "dev", "connection_name": "create_financial_model_main"} */

    
    
        create schema if not exists "financial_model"."main"
    
[0m19:31:56.629023 [debug] [ThreadPool]: SQL status: OK in 0.000 seconds
[0m19:31:56.629372 [debug] [ThreadPool]: On create_financial_model_main: COMMIT
[0m19:31:56.629499 [debug] [ThreadPool]: Using duckdb connection "create_financial_model_main"
[0m19:31:56.629614 [debug] [ThreadPool]: On create_financial_model_main: COMMIT
[0m19:31:56.629828 [debug] [ThreadPool]: SQL status: OK in 0.000 seconds
[0m19:31:56.629961 [debug] [ThreadPool]: On create_financial_model_main: Close
[0m19:31:56.630609 [debug] [ThreadPool]: Re-using an available connection from the pool (formerly create_financial_model_main, now list_financial_model_main)
[0m19:31:56.633126 [debug] [ThreadPool]: Using duckdb connection "list_financial_model_main"
[0m19:31:56.633277 [debug] [ThreadPool]: On list_financial_model_main: BEGIN
[0m19:31:56.633397 [debug] [ThreadPool]: Opening a new connection, currently in state closed
[0m19:31:56.633638 [debug] [ThreadPool]: SQL status: OK in 0.000 seconds
[0m19:31:56.633765 [debug] [ThreadPool]: Using duckdb connection "list_financial_model_main"
[0m19:31:56.633902 [debug] [ThreadPool]: On list_financial_model_main: /* {"app": "dbt", "dbt_version": "1.8.0", "profile_name": "financial_twin", "target_name": "dev", "connection_name": "list_financial_model_main"} */
select
      'financial_model' as database,
      table_name as name,
      table_schema as schema,
      CASE table_type
        WHEN 'BASE TABLE' THEN 'table'
        WHEN 'VIEW' THEN 'view'
        WHEN 'LOCAL TEMPORARY' THEN 'table'
        END as type
    from system.information_schema.tables
    where lower(table_schema) = 'main'
    and lower(table_catalog) = 'financial_model'
  
[0m19:31:56.642828 [debug] [ThreadPool]: SQL status: OK in 0.009 seconds
[0m19:31:56.643678 [debug] [ThreadPool]: On list_financial_model_main: ROLLBACK
[0m19:31:56.644341 [debug] [ThreadPool]: Failed to rollback 'list_financial_model_main'
[0m19:31:56.644478 [debug] [ThreadPool]: On list_financial_model_main: Close
[0m19:31:56.646041 [debug] [MainThread]: Sending event: {'category': 'dbt', 'action': 'runnable_timing', 'label': '7cb37723-23ea-48ea-870b-223b906afaa3', 'context': [<snowplow_tracker.self_describing_json.SelfDescribingJson object at 0x1087a7e10>]}
[0m19:31:56.646289 [debug] [MainThread]: Using duckdb connection "master"
[0m19:31:56.646434 [debug] [MainThread]: On master: BEGIN
[0m19:31:56.646554 [debug] [MainThread]: Opening a new connection, currently in state init
[0m19:31:56.646847 [debug] [MainThread]: SQL status: OK in 0.000 seconds
[0m19:31:56.646985 [debug] [MainThread]: On master: COMMIT
[0m19:31:56.647106 [debug] [MainThread]: Using duckdb connection "master"
[0m19:31:56.647218 [debug] [MainThread]: On master: COMMIT
[0m19:31:56.647413 [debug] [MainThread]: SQL status: OK in 0.000 seconds
[0m19:31:56.647536 [debug] [MainThread]: On master: Close
[0m19:31:56.647734 [info ] [MainThread]: Concurrency: 4 threads (target='dev')
[0m19:31:56.647881 [info ] [MainThread]: 
[0m19:31:56.649084 [debug] [Thread-1 (]: Began running node model.financial_twin.stg_budget
[0m19:31:56.649258 [debug] [Thread-2 (]: Began running node model.financial_twin.stg_customers
[0m19:31:56.649418 [debug] [Thread-3 (]: Began running node model.financial_twin.stg_subscriptions
[0m19:31:56.649663 [info ] [Thread-1 (]: 1 of 7 START sql view model main.stg_budget .................................... [RUN]
[0m19:31:56.649927 [info ] [Thread-2 (]: 2 of 7 START sql view model main.stg_customers ................................. [RUN]
[0m19:31:56.650173 [info ] [Thread-3 (]: 3 of 7 START sql view model main.stg_subscriptions ............................. [RUN]
[0m19:31:56.650389 [debug] [Thread-1 (]: Re-using an available connection from the pool (formerly list_financial_model_main, now model.financial_twin.stg_budget)
[0m19:31:56.650601 [debug] [Thread-2 (]: Acquiring new duckdb connection 'model.financial_twin.stg_customers'
[0m19:31:56.650795 [debug] [Thread-3 (]: Acquiring new duckdb connection 'model.financial_twin.stg_subscriptions'
[0m19:31:56.650946 [debug] [Thread-1 (]: Began compiling node model.financial_twin.stg_budget
[0m19:31:56.651093 [debug] [Thread-2 (]: Began compiling node model.financial_twin.stg_customers
[0m19:31:56.651242 [debug] [Thread-3 (]: Began compiling node model.financial_twin.stg_subscriptions
[0m19:31:56.655466 [debug] [Thread-1 (]: Writing injected SQL for node "model.financial_twin.stg_budget"
[0m19:31:56.656776 [debug] [Thread-2 (]: Writing injected SQL for node "model.financial_twin.stg_customers"
[0m19:31:56.658020 [debug] [Thread-3 (]: Writing injected SQL for node "model.financial_twin.stg_subscriptions"
[0m19:31:56.658447 [debug] [Thread-1 (]: Began executing node model.financial_twin.stg_budget
[0m19:31:56.658601 [debug] [Thread-2 (]: Began executing node model.financial_twin.stg_customers
[0m19:31:56.658746 [debug] [Thread-3 (]: Began executing node model.financial_twin.stg_subscriptions
[0m19:31:56.673301 [debug] [Thread-1 (]: Writing runtime sql for node "model.financial_twin.stg_budget"
[0m19:31:56.675268 [debug] [Thread-2 (]: Writing runtime sql for node "model.financial_twin.stg_customers"
[0m19:31:56.677525 [debug] [Thread-3 (]: Writing runtime sql for node "model.financial_twin.stg_subscriptions"
[0m19:31:56.677997 [debug] [Thread-1 (]: Using duckdb connection "model.financial_twin.stg_budget"
[0m19:31:56.678163 [debug] [Thread-1 (]: On model.financial_twin.stg_budget: BEGIN
[0m19:31:56.678316 [debug] [Thread-1 (]: Opening a new connection, currently in state closed
[0m19:31:56.678663 [debug] [Thread-2 (]: Using duckdb connection "model.financial_twin.stg_customers"
[0m19:31:56.678851 [debug] [Thread-2 (]: On model.financial_twin.stg_customers: BEGIN
[0m19:31:56.679010 [debug] [Thread-2 (]: Opening a new connection, currently in state init
[0m19:31:56.679293 [debug] [Thread-1 (]: SQL status: OK in 0.001 seconds
[0m19:31:56.679468 [debug] [Thread-1 (]: Using duckdb connection "model.financial_twin.stg_budget"
[0m19:31:56.679632 [debug] [Thread-1 (]: On model.financial_twin.stg_budget: /* {"app": "dbt", "dbt_version": "1.8.0", "profile_name": "financial_twin", "target_name": "dev", "node_id": "model.financial_twin.stg_budget"} */

  
  create view "financial_model"."main"."stg_budget__dbt_tmp" as (
    with source as (
    select * from "financial_model"."main"."fct_budget_monthly"
)
select
    scenario_id,
    month_end::date as month_end,
    fiscal_year,
    budget_mrr,
    budget_customers,
    budget_arr,
    ev_multiple
from source
  );

[0m19:31:56.679908 [debug] [Thread-3 (]: Using duckdb connection "model.financial_twin.stg_subscriptions"
[0m19:31:56.680057 [debug] [Thread-2 (]: SQL status: OK in 0.001 seconds
[0m19:31:56.680222 [debug] [Thread-3 (]: On model.financial_twin.stg_subscriptions: BEGIN
[0m19:31:56.680360 [debug] [Thread-1 (]: SQL status: OK in 0.001 seconds
[0m19:31:56.680510 [debug] [Thread-2 (]: Using duckdb connection "model.financial_twin.stg_customers"
[0m19:31:56.680659 [debug] [Thread-3 (]: Opening a new connection, currently in state init
[0m19:31:56.683565 [debug] [Thread-1 (]: Using duckdb connection "model.financial_twin.stg_budget"
[0m19:31:56.683753 [debug] [Thread-2 (]: On model.financial_twin.stg_customers: /* {"app": "dbt", "dbt_version": "1.8.0", "profile_name": "financial_twin", "target_name": "dev", "node_id": "model.financial_twin.stg_customers"} */

  
  create view "financial_model"."main"."stg_customers__dbt_tmp" as (
    with source as (
    select * from "financial_model"."main"."raw_customers"
)
select
    customer_id,
    acquisition_date::date as acquisition_date,
    segment
from source
  );

[0m19:31:56.683987 [debug] [Thread-1 (]: On model.financial_twin.stg_budget: /* {"app": "dbt", "dbt_version": "1.8.0", "profile_name": "financial_twin", "target_name": "dev", "node_id": "model.financial_twin.stg_budget"} */
alter view "financial_model"."main"."stg_budget" rename to "stg_budget__dbt_backup"
[0m19:31:56.684153 [debug] [Thread-3 (]: SQL status: OK in 0.003 seconds
[0m19:31:56.684611 [debug] [Thread-3 (]: Using duckdb connection "model.financial_twin.stg_subscriptions"
[0m19:31:56.684755 [debug] [Thread-2 (]: SQL status: OK in 0.000 seconds
[0m19:31:56.684926 [debug] [Thread-3 (]: On model.financial_twin.stg_subscriptions: /* {"app": "dbt", "dbt_version": "1.8.0", "profile_name": "financial_twin", "target_name": "dev", "node_id": "model.financial_twin.stg_subscriptions"} */

  
  create view "financial_model"."main"."stg_subscriptions__dbt_tmp" as (
    with source as (
    select * from "financial_model"."main"."raw_subscriptions"
)
select
    subscription_id,
    customer_id,
    start_date::date as start_date,
    end_date::date as end_date,
    mrr,
    currency
from source
  );

[0m19:31:56.685085 [debug] [Thread-1 (]: SQL status: OK in 0.001 seconds
[0m19:31:56.686527 [debug] [Thread-2 (]: Using duckdb connection "model.financial_twin.stg_customers"
[0m19:31:56.689429 [debug] [Thread-1 (]: Using duckdb connection "model.financial_twin.stg_budget"
[0m19:31:56.689710 [debug] [Thread-2 (]: On model.financial_twin.stg_customers: /* {"app": "dbt", "dbt_version": "1.8.0", "profile_name": "financial_twin", "target_name": "dev", "node_id": "model.financial_twin.stg_customers"} */
alter view "financial_model"."main"."stg_customers" rename to "stg_customers__dbt_backup"
[0m19:31:56.689883 [debug] [Thread-3 (]: SQL status: OK in 0.003 seconds
[0m19:31:56.690043 [debug] [Thread-1 (]: On model.financial_twin.stg_budget: /* {"app": "dbt", "dbt_version": "1.8.0", "profile_name": "financial_twin", "target_name": "dev", "node_id": "model.financial_twin.stg_budget"} */
alter view "financial_model"."main"."stg_budget__dbt_tmp" rename to "stg_budget"
[0m19:31:56.691565 [debug] [Thread-3 (]: Using duckdb connection "model.financial_twin.stg_subscriptions"
[0m19:31:56.691790 [debug] [Thread-2 (]: SQL status: OK in 0.002 seconds
[0m19:31:56.691959 [debug] [Thread-3 (]: On model.financial_twin.stg_subscriptions: /* {"app": "dbt", "dbt_version": "1.8.0", "profile_name": "financial_twin", "target_name": "dev", "node_id": "model.financial_twin.stg_subscriptions"} */
alter view "financial_model"."main"."stg_subscriptions" rename to "stg_subscriptions__dbt_backup"
[0m19:31:56.692107 [debug] [Thread-1 (]: SQL status: OK in 0.000 seconds
[0m19:31:56.693407 [debug] [Thread-2 (]: Using duckdb connection "model.financial_twin.stg_customers"
[0m19:31:56.698777 [debug] [Thread-1 (]: On model.financial_twin.stg_budget: COMMIT
[0m19:31:56.698974 [debug] [Thread-2 (]: On model.financial_twin.stg_customers: /* {"app": "dbt", "dbt_version": "1.8.0", "profile_name": "financial_twin", "target_name": "dev", "node_id": "model.financial_twin.stg_customers"} */
alter view "financial_model"."main"."stg_customers__dbt_tmp" rename to "stg_customers"
[0m19:31:56.699130 [debug] [Thread-3 (]: SQL status: OK in 0.006 seconds
[0m19:31:56.699288 [debug] [Thread-1 (]: Using duckdb connection "model.financial_twin.stg_budget"
[0m19:31:56.700650 [debug] [Thread-3 (]: Using duckdb connection "model.financial_twin.stg_subscriptions"
[0m19:31:56.700826 [debug] [Thread-2 (]: SQL status: OK in 0.001 seconds
[0m19:31:56.700969 [debug] [Thread-1 (]: On model.financial_twin.stg_budget: COMMIT
[0m19:31:56.701122 [debug] [Thread-3 (]: On model.financial_twin.stg_subscriptions: /* {"app": "dbt", "dbt_version": "1.8.0", "profile_name": "financial_twin", "target_name": "dev", "node_id": "model.financial_twin.stg_subscriptions"} */
alter view "financial_model"."main"."stg_subscriptions__dbt_tmp" rename to "stg_subscriptions"
[0m19:31:56.701744 [debug] [Thread-2 (]: On model.financial_twin.stg_customers: COMMIT
[0m19:31:56.702142 [debug] [Thread-2 (]: Using duckdb connection "model.financial_twin.stg_customers"
[0m19:31:56.702308 [debug] [Thread-2 (]: On model.financial_twin.stg_customers: COMMIT
[0m19:31:56.702544 [debug] [Thread-1 (]: SQL status: OK in 0.001 seconds
[0m19:31:56.705300 [debug] [Thread-1 (]: Using duckdb connection "model.financial_twin.stg_budget"
[0m19:31:56.705483 [debug] [Thread-3 (]: SQL status: OK in 0.004 seconds
[0m19:31:56.705686 [debug] [Thread-1 (]: On model.financial_twin.stg_budget: /* {"app": "dbt", "dbt_version": "1.8.0", "profile_name": "financial_twin", "target_name": "dev", "node_id": "model.financial_twin.stg_budget"} */

      drop view if exists "financial_model"."main"."stg_budget__dbt_backup" cascade
    
[0m19:31:56.705832 [debug] [Thread-2 (]: SQL status: OK in 0.003 seconds
[0m19:31:56.706711 [debug] [Thread-3 (]: On model.financial_twin.stg_subscriptions: COMMIT
[0m19:31:56.708155 [debug] [Thread-2 (]: Using duckdb connection "model.financial_twin.stg_customers"
[0m19:31:56.708323 [debug] [Thread-3 (]: Using duckdb connection "model.financial_twin.stg_subscriptions"
[0m19:31:56.708486 [debug] [Thread-2 (]: On model.financial_twin.stg_customers: /* {"app": "dbt", "dbt_version": "1.8.0", "profile_name": "financial_twin", "target_name": "dev", "node_id": "model.financial_twin.stg_customers"} */

      drop view if exists "financial_model"."main"."stg_customers__dbt_backup" cascade
    
[0m19:31:56.708628 [debug] [Thread-1 (]: SQL status: OK in 0.002 seconds
[0m19:31:56.708786 [debug] [Thread-3 (]: On model.financial_twin.stg_subscriptions: COMMIT
[0m19:31:56.709949 [debug] [Thread-1 (]: On model.financial_twin.stg_budget: Close
[0m19:31:56.710206 [debug] [Thread-2 (]: SQL status: OK in 0.001 seconds
[0m19:31:56.711054 [debug] [Thread-2 (]: On model.financial_twin.stg_customers: Close
[0m19:31:56.711228 [debug] [Thread-3 (]: SQL status: OK in 0.001 seconds
[0m19:31:56.711804 [debug] [Thread-2 (]: Sending event: {'category': 'dbt', 'action': 'run_model', 'label': '7cb37723-23ea-48ea-870b-223b906afaa3', 'context': [<snowplow_tracker.self_describing_json.SelfDescribingJson object at 0x1093c3ad0>]}
[0m19:31:56.712172 [debug] [Thread-1 (]: Sending event: {'category': 'dbt', 'action': 'run_model', 'label': '7cb37723-23ea-48ea-870b-223b906afaa3', 'context': [<snowplow_tracker.self_describing_json.SelfDescribingJson object at 0x10928ce90>]}
[0m19:31:56.713476 [debug] [Thread-3 (]: Using duckdb connection "model.financial_twin.stg_subscriptions"
[0m19:31:56.713921 [info ] [Thread-2 (]: 2 of 7 OK created sql view model main.stg_customers ............................ [[32mOK[0m in 0.06s]
[0m19:31:56.714239 [info ] [Thread-1 (]: 1 of 7 OK created sql view model main.stg_budget ............................... [[32mOK[0m in 0.06s]
[0m19:31:56.714461 [debug] [Thread-3 (]: On model.financial_twin.stg_subscriptions: /* {"app": "dbt", "dbt_version": "1.8.0", "profile_name": "financial_twin", "target_name": "dev", "node_id": "model.financial_twin.stg_subscriptions"} */

      drop view if exists "financial_model"."main"."stg_subscriptions__dbt_backup" cascade
    
[0m19:31:56.714739 [debug] [Thread-2 (]: Finished running node model.financial_twin.stg_customers
[0m19:31:56.714963 [debug] [Thread-1 (]: Finished running node model.financial_twin.stg_budget
[0m19:31:56.715444 [debug] [Thread-3 (]: SQL status: OK in 0.000 seconds
[0m19:31:56.716049 [debug] [Thread-3 (]: On model.financial_twin.stg_subscriptions: Close
[0m19:31:56.716268 [debug] [Thread-3 (]: Sending event: {'category': 'dbt', 'action': 'run_model', 'label': '7cb37723-23ea-48ea-870b-223b906afaa3', 'context': [<snowplow_tracker.self_describing_json.SelfDescribingJson object at 0x1093ff890>]}
[0m19:31:56.716507 [info ] [Thread-3 (]: 3 of 7 OK created sql view model main.stg_subscriptions ........................ [[32mOK[0m in 0.07s]
[0m19:31:56.716736 [debug] [Thread-3 (]: Finished running node model.financial_twin.stg_subscriptions
[0m19:31:56.717073 [debug] [Thread-4 (]: Began running node model.financial_twin.int_subscription_months
[0m19:31:56.717321 [info ] [Thread-4 (]: 4 of 7 START sql table model main.int_subscription_months ...................... [RUN]
[0m19:31:56.717554 [debug] [Thread-4 (]: Acquiring new duckdb connection 'model.financial_twin.int_subscription_months'
[0m19:31:56.717719 [debug] [Thread-4 (]: Began compiling node model.financial_twin.int_subscription_months
[0m19:31:56.719266 [debug] [Thread-4 (]: Writing injected SQL for node "model.financial_twin.int_subscription_months"
[0m19:31:56.719757 [debug] [Thread-4 (]: Began executing node model.financial_twin.int_subscription_months
[0m19:31:56.729741 [debug] [Thread-4 (]: Writing runtime sql for node "model.financial_twin.int_subscription_months"
[0m19:31:56.730247 [debug] [Thread-4 (]: Using duckdb connection "model.financial_twin.int_subscription_months"
[0m19:31:56.730421 [debug] [Thread-4 (]: On model.financial_twin.int_subscription_months: BEGIN
[0m19:31:56.730567 [debug] [Thread-4 (]: Opening a new connection, currently in state init
[0m19:31:56.730940 [debug] [Thread-4 (]: SQL status: OK in 0.000 seconds
[0m19:31:56.731101 [debug] [Thread-4 (]: Using duckdb connection "model.financial_twin.int_subscription_months"
[0m19:31:56.731271 [debug] [Thread-4 (]: On model.financial_twin.int_subscription_months: /* {"app": "dbt", "dbt_version": "1.8.0", "profile_name": "financial_twin", "target_name": "dev", "node_id": "model.financial_twin.int_subscription_months"} */

  
    
    

    create  table
      "financial_model"."main"."int_subscription_months__dbt_tmp"
  
    as (
      with calendar as (
    select * from "financial_model"."main"."dim_calendar"
    where month_end = date_trunc('month', month_end) + interval '1 month' - interval '1 day'
),
subs as (
    select * from "financial_model"."main"."stg_subscriptions"
)
select
    c.month_end,
    s.subscription_id,
    s.customer_id,
    s.mrr,
    s.currency
from calendar c
cross join subs s
where s.start_date <= c.month_end
  and (s.end_date is null or s.end_date > c.month_end)
    );
  
  
[0m19:31:56.760813 [debug] [Thread-4 (]: SQL status: OK in 0.029 seconds
[0m19:31:56.763606 [debug] [Thread-4 (]: Using duckdb connection "model.financial_twin.int_subscription_months"
[0m19:31:56.763818 [debug] [Thread-4 (]: On model.financial_twin.int_subscription_months: /* {"app": "dbt", "dbt_version": "1.8.0", "profile_name": "financial_twin", "target_name": "dev", "node_id": "model.financial_twin.int_subscription_months"} */

    SELECT index_name
    FROM duckdb_indexes()
    WHERE schema_name = 'main'
      AND table_name = 'int_subscription_months'
  
[0m19:31:56.764345 [debug] [Thread-4 (]: SQL status: OK in 0.000 seconds
[0m19:31:56.765022 [debug] [Thread-4 (]: Using duckdb connection "model.financial_twin.int_subscription_months"
[0m19:31:56.765205 [debug] [Thread-4 (]: On model.financial_twin.int_subscription_months: /* {"app": "dbt", "dbt_version": "1.8.0", "profile_name": "financial_twin", "target_name": "dev", "node_id": "model.financial_twin.int_subscription_months"} */

    SELECT COUNT(*) as remaining_indexes
    FROM duckdb_indexes()
    WHERE schema_name = 'main'
      AND table_name = 'int_subscription_months'
  
[0m19:31:56.765637 [debug] [Thread-4 (]: SQL status: OK in 0.000 seconds
[0m19:31:56.767094 [debug] [Thread-4 (]: Using duckdb connection "model.financial_twin.int_subscription_months"
[0m19:31:56.767259 [debug] [Thread-4 (]: On model.financial_twin.int_subscription_months: /* {"app": "dbt", "dbt_version": "1.8.0", "profile_name": "financial_twin", "target_name": "dev", "node_id": "model.financial_twin.int_subscription_months"} */
alter table "financial_model"."main"."int_subscription_months" rename to "int_subscription_months__dbt_backup"
[0m19:31:56.767558 [debug] [Thread-4 (]: SQL status: OK in 0.000 seconds
[0m19:31:56.768902 [debug] [Thread-4 (]: Using duckdb connection "model.financial_twin.int_subscription_months"
[0m19:31:56.769079 [debug] [Thread-4 (]: On model.financial_twin.int_subscription_months: /* {"app": "dbt", "dbt_version": "1.8.0", "profile_name": "financial_twin", "target_name": "dev", "node_id": "model.financial_twin.int_subscription_months"} */
alter table "financial_model"."main"."int_subscription_months__dbt_tmp" rename to "int_subscription_months"
[0m19:31:56.769418 [debug] [Thread-4 (]: SQL status: OK in 0.000 seconds
[0m19:31:56.772693 [debug] [Thread-4 (]: On model.financial_twin.int_subscription_months: COMMIT
[0m19:31:56.772891 [debug] [Thread-4 (]: Using duckdb connection "model.financial_twin.int_subscription_months"
[0m19:31:56.773047 [debug] [Thread-4 (]: On model.financial_twin.int_subscription_months: COMMIT
[0m19:31:56.773748 [debug] [Thread-4 (]: SQL status: OK in 0.001 seconds
[0m19:31:56.804980 [debug] [Thread-4 (]: Using duckdb connection "model.financial_twin.int_subscription_months"
[0m19:31:56.805242 [debug] [Thread-4 (]: On model.financial_twin.int_subscription_months: /* {"app": "dbt", "dbt_version": "1.8.0", "profile_name": "financial_twin", "target_name": "dev", "node_id": "model.financial_twin.int_subscription_months"} */

      drop table if exists "financial_model"."main"."int_subscription_months__dbt_backup" cascade
    
[0m19:31:56.805784 [debug] [Thread-4 (]: SQL status: OK in 0.000 seconds
[0m19:31:56.806425 [debug] [Thread-4 (]: On model.financial_twin.int_subscription_months: Close
[0m19:31:56.806689 [debug] [Thread-4 (]: Sending event: {'category': 'dbt', 'action': 'run_model', 'label': '7cb37723-23ea-48ea-870b-223b906afaa3', 'context': [<snowplow_tracker.self_describing_json.SelfDescribingJson object at 0x1096a4b50>]}
[0m19:31:56.806972 [info ] [Thread-4 (]: 4 of 7 OK created sql table model main.int_subscription_months ................. [[32mOK[0m in 0.09s]
[0m19:31:56.807232 [debug] [Thread-4 (]: Finished running node model.financial_twin.int_subscription_months
[0m19:31:56.807563 [debug] [Thread-1 (]: Began running node model.financial_twin.mart_finance_monthly
[0m19:31:56.807846 [info ] [Thread-1 (]: 5 of 7 START sql table model main.mart_finance_monthly ......................... [RUN]
[0m19:31:56.808090 [debug] [Thread-1 (]: Re-using an available connection from the pool (formerly model.financial_twin.stg_budget, now model.financial_twin.mart_finance_monthly)
[0m19:31:56.808266 [debug] [Thread-1 (]: Began compiling node model.financial_twin.mart_finance_monthly
[0m19:31:56.809704 [debug] [Thread-1 (]: Writing injected SQL for node "model.financial_twin.mart_finance_monthly"
[0m19:31:56.810045 [debug] [Thread-1 (]: Began executing node model.financial_twin.mart_finance_monthly
[0m19:31:56.811582 [debug] [Thread-1 (]: Writing runtime sql for node "model.financial_twin.mart_finance_monthly"
[0m19:31:56.811871 [debug] [Thread-1 (]: Using duckdb connection "model.financial_twin.mart_finance_monthly"
[0m19:31:56.812026 [debug] [Thread-1 (]: On model.financial_twin.mart_finance_monthly: BEGIN
[0m19:31:56.812170 [debug] [Thread-1 (]: Opening a new connection, currently in state closed
[0m19:31:56.812510 [debug] [Thread-1 (]: SQL status: OK in 0.000 seconds
[0m19:31:56.812661 [debug] [Thread-1 (]: Using duckdb connection "model.financial_twin.mart_finance_monthly"
[0m19:31:56.812830 [debug] [Thread-1 (]: On model.financial_twin.mart_finance_monthly: /* {"app": "dbt", "dbt_version": "1.8.0", "profile_name": "financial_twin", "target_name": "dev", "node_id": "model.financial_twin.mart_finance_monthly"} */

  
    
    

    create  table
      "financial_model"."main"."mart_finance_monthly__dbt_tmp"
  
    as (
      with act as (
    select
        month_end,
        'ACT' as scenario,
        2 as scenario_id,
        count(distinct customer_id) as customers,
        sum(mrr) as mrr,
        sum(mrr) * 12 as arr
    from "financial_model"."main"."int_subscription_months"
    group by 1
),
bud as (
    select
        month_end,
        'BUD' as scenario,
        1 as scenario_id,
        budget_customers as customers,
        budget_mrr as mrr,
        budget_arr as arr
    from "financial_model"."main"."stg_budget"
)

select * from act
union all
select * from bud
    );
  
  
[0m19:31:56.819074 [debug] [Thread-1 (]: SQL status: OK in 0.006 seconds
[0m19:31:56.819884 [debug] [Thread-1 (]: Using duckdb connection "model.financial_twin.mart_finance_monthly"
[0m19:31:56.820079 [debug] [Thread-1 (]: On model.financial_twin.mart_finance_monthly: /* {"app": "dbt", "dbt_version": "1.8.0", "profile_name": "financial_twin", "target_name": "dev", "node_id": "model.financial_twin.mart_finance_monthly"} */

    SELECT index_name
    FROM duckdb_indexes()
    WHERE schema_name = 'main'
      AND table_name = 'mart_finance_monthly'
  
[0m19:31:56.820712 [debug] [Thread-1 (]: SQL status: OK in 0.000 seconds
[0m19:31:56.821385 [debug] [Thread-1 (]: Using duckdb connection "model.financial_twin.mart_finance_monthly"
[0m19:31:56.821571 [debug] [Thread-1 (]: On model.financial_twin.mart_finance_monthly: /* {"app": "dbt", "dbt_version": "1.8.0", "profile_name": "financial_twin", "target_name": "dev", "node_id": "model.financial_twin.mart_finance_monthly"} */

    SELECT COUNT(*) as remaining_indexes
    FROM duckdb_indexes()
    WHERE schema_name = 'main'
      AND table_name = 'mart_finance_monthly'
  
[0m19:31:56.822052 [debug] [Thread-1 (]: SQL status: OK in 0.000 seconds
[0m19:31:56.823667 [debug] [Thread-1 (]: Using duckdb connection "model.financial_twin.mart_finance_monthly"
[0m19:31:56.823868 [debug] [Thread-1 (]: On model.financial_twin.mart_finance_monthly: /* {"app": "dbt", "dbt_version": "1.8.0", "profile_name": "financial_twin", "target_name": "dev", "node_id": "model.financial_twin.mart_finance_monthly"} */
alter table "financial_model"."main"."mart_finance_monthly" rename to "mart_finance_monthly__dbt_backup"
[0m19:31:56.824246 [debug] [Thread-1 (]: SQL status: OK in 0.000 seconds
[0m19:31:56.825657 [debug] [Thread-1 (]: Using duckdb connection "model.financial_twin.mart_finance_monthly"
[0m19:31:56.825850 [debug] [Thread-1 (]: On model.financial_twin.mart_finance_monthly: /* {"app": "dbt", "dbt_version": "1.8.0", "profile_name": "financial_twin", "target_name": "dev", "node_id": "model.financial_twin.mart_finance_monthly"} */
alter table "financial_model"."main"."mart_finance_monthly__dbt_tmp" rename to "mart_finance_monthly"
[0m19:31:56.826254 [debug] [Thread-1 (]: SQL status: OK in 0.000 seconds
[0m19:31:56.827579 [debug] [Thread-1 (]: On model.financial_twin.mart_finance_monthly: COMMIT
[0m19:31:56.829201 [debug] [Thread-1 (]: Using duckdb connection "model.financial_twin.mart_finance_monthly"
[0m19:31:56.831928 [debug] [Thread-1 (]: On model.financial_twin.mart_finance_monthly: COMMIT
[0m19:31:56.832824 [debug] [Thread-1 (]: SQL status: OK in 0.001 seconds
[0m19:31:56.834294 [debug] [Thread-1 (]: Using duckdb connection "model.financial_twin.mart_finance_monthly"
[0m19:31:56.834522 [debug] [Thread-1 (]: On model.financial_twin.mart_finance_monthly: /* {"app": "dbt", "dbt_version": "1.8.0", "profile_name": "financial_twin", "target_name": "dev", "node_id": "model.financial_twin.mart_finance_monthly"} */

      drop table if exists "financial_model"."main"."mart_finance_monthly__dbt_backup" cascade
    
[0m19:31:56.835101 [debug] [Thread-1 (]: SQL status: OK in 0.000 seconds
[0m19:31:56.835836 [debug] [Thread-1 (]: On model.financial_twin.mart_finance_monthly: Close
[0m19:31:56.851034 [debug] [Thread-1 (]: Sending event: {'category': 'dbt', 'action': 'run_model', 'label': '7cb37723-23ea-48ea-870b-223b906afaa3', 'context': [<snowplow_tracker.self_describing_json.SelfDescribingJson object at 0x109661c10>]}
[0m19:31:56.852963 [info ] [Thread-1 (]: 5 of 7 OK created sql table model main.mart_finance_monthly .................... [[32mOK[0m in 0.04s]
[0m19:31:56.854001 [debug] [Thread-1 (]: Finished running node model.financial_twin.mart_finance_monthly
[0m19:31:56.860234 [debug] [Thread-2 (]: Began running node model.financial_twin.mart_consolidated_reporting
[0m19:31:56.860507 [debug] [Thread-4 (]: Began running node model.financial_twin.mart_forecast_input
[0m19:31:56.860823 [info ] [Thread-2 (]: 6 of 7 START sql table model main.mart_consolidated_reporting .................. [RUN]
[0m19:31:56.861091 [info ] [Thread-4 (]: 7 of 7 START sql table model main.mart_forecast_input .......................... [RUN]
[0m19:31:56.861378 [debug] [Thread-2 (]: Re-using an available connection from the pool (formerly model.financial_twin.stg_customers, now model.financial_twin.mart_consolidated_reporting)
[0m19:31:56.861569 [debug] [Thread-4 (]: Re-using an available connection from the pool (formerly model.financial_twin.int_subscription_months, now model.financial_twin.mart_forecast_input)
[0m19:31:56.861744 [debug] [Thread-2 (]: Began compiling node model.financial_twin.mart_consolidated_reporting
[0m19:31:56.861900 [debug] [Thread-4 (]: Began compiling node model.financial_twin.mart_forecast_input
[0m19:31:56.865072 [debug] [Thread-2 (]: Writing injected SQL for node "model.financial_twin.mart_consolidated_reporting"
[0m19:31:56.871497 [debug] [Thread-4 (]: Writing injected SQL for node "model.financial_twin.mart_forecast_input"
[0m19:31:56.873478 [debug] [Thread-2 (]: Began executing node model.financial_twin.mart_consolidated_reporting
[0m19:31:56.875528 [debug] [Thread-2 (]: Writing runtime sql for node "model.financial_twin.mart_consolidated_reporting"
[0m19:31:56.875762 [debug] [Thread-4 (]: Began executing node model.financial_twin.mart_forecast_input
[0m19:31:56.877301 [debug] [Thread-4 (]: Writing runtime sql for node "model.financial_twin.mart_forecast_input"
[0m19:31:56.877604 [debug] [Thread-2 (]: Using duckdb connection "model.financial_twin.mart_consolidated_reporting"
[0m19:31:56.877774 [debug] [Thread-4 (]: Using duckdb connection "model.financial_twin.mart_forecast_input"
[0m19:31:56.877943 [debug] [Thread-2 (]: On model.financial_twin.mart_consolidated_reporting: BEGIN
[0m19:31:56.878096 [debug] [Thread-4 (]: On model.financial_twin.mart_forecast_input: BEGIN
[0m19:31:56.878246 [debug] [Thread-2 (]: Opening a new connection, currently in state closed
[0m19:31:56.878392 [debug] [Thread-4 (]: Opening a new connection, currently in state closed
[0m19:31:56.878807 [debug] [Thread-2 (]: SQL status: OK in 0.001 seconds
[0m19:31:56.878972 [debug] [Thread-4 (]: SQL status: OK in 0.001 seconds
[0m19:31:56.879134 [debug] [Thread-2 (]: Using duckdb connection "model.financial_twin.mart_consolidated_reporting"
[0m19:31:56.879292 [debug] [Thread-4 (]: Using duckdb connection "model.financial_twin.mart_forecast_input"
[0m19:31:56.879488 [debug] [Thread-2 (]: On model.financial_twin.mart_consolidated_reporting: /* {"app": "dbt", "dbt_version": "1.8.0", "profile_name": "financial_twin", "target_name": "dev", "node_id": "model.financial_twin.mart_consolidated_reporting"} */

  
    
    

    create  table
      "financial_model"."main"."mart_consolidated_reporting__dbt_tmp"
  
    as (
      with act as (
    select
        month_end,
        'ACT' as scenario,
        2 as scenario_id,
        customers,
        mrr,
        arr
    from "financial_model"."main"."mart_finance_monthly"
    where scenario = 'ACT'
),
bud as (
    select
        month_end,
        'BUD' as scenario,
        1 as scenario_id,
        customers,
        mrr,
        arr
    from "financial_model"."main"."mart_finance_monthly"
    where scenario = 'BUD'
),
fct as (
    select
        month_end,
        'FCT' as scenario,
        3 as scenario_id,
        customers,
        mrr,
        arr
    from "financial_model"."main"."raw_forecast"
)

select * from act
union all
select * from bud
union all
select * from fct
    );
  
  
[0m19:31:56.879678 [debug] [Thread-4 (]: On model.financial_twin.mart_forecast_input: /* {"app": "dbt", "dbt_version": "1.8.0", "profile_name": "financial_twin", "target_name": "dev", "node_id": "model.financial_twin.mart_forecast_input"} */

  
    
    

    create  table
      "financial_model"."main"."mart_forecast_input__dbt_tmp"
  
    as (
      select
    month_end as ds,
    mrr as y
from "financial_model"."main"."mart_finance_monthly"
where scenario = 'ACT'
order by ds
    );
  
  
[0m19:31:56.881014 [debug] [Thread-4 (]: SQL status: OK in 0.001 seconds
[0m19:31:56.881176 [debug] [Thread-2 (]: SQL status: OK in 0.001 seconds
[0m19:31:56.881683 [debug] [Thread-4 (]: Using duckdb connection "model.financial_twin.mart_forecast_input"
[0m19:31:56.882111 [debug] [Thread-2 (]: Using duckdb connection "model.financial_twin.mart_consolidated_reporting"
[0m19:31:56.882288 [debug] [Thread-4 (]: On model.financial_twin.mart_forecast_input: /* {"app": "dbt", "dbt_version": "1.8.0", "profile_name": "financial_twin", "target_name": "dev", "node_id": "model.financial_twin.mart_forecast_input"} */

    SELECT index_name
    FROM duckdb_indexes()
    WHERE schema_name = 'main'
      AND table_name = 'mart_forecast_input'
  
[0m19:31:56.882463 [debug] [Thread-2 (]: On model.financial_twin.mart_consolidated_reporting: /* {"app": "dbt", "dbt_version": "1.8.0", "profile_name": "financial_twin", "target_name": "dev", "node_id": "model.financial_twin.mart_consolidated_reporting"} */

    SELECT index_name
    FROM duckdb_indexes()
    WHERE schema_name = 'main'
      AND table_name = 'mart_consolidated_reporting'
  
[0m19:31:56.882861 [debug] [Thread-4 (]: SQL status: OK in 0.000 seconds
[0m19:31:56.883036 [debug] [Thread-2 (]: SQL status: OK in 0.000 seconds
[0m19:31:56.883566 [debug] [Thread-4 (]: Using duckdb connection "model.financial_twin.mart_forecast_input"
[0m19:31:56.884097 [debug] [Thread-2 (]: Using duckdb connection "model.financial_twin.mart_consolidated_reporting"
[0m19:31:56.884260 [debug] [Thread-4 (]: On model.financial_twin.mart_forecast_input: /* {"app": "dbt", "dbt_version": "1.8.0", "profile_name": "financial_twin", "target_name": "dev", "node_id": "model.financial_twin.mart_forecast_input"} */

    SELECT COUNT(*) as remaining_indexes
    FROM duckdb_indexes()
    WHERE schema_name = 'main'
      AND table_name = 'mart_forecast_input'
  
[0m19:31:56.884442 [debug] [Thread-2 (]: On model.financial_twin.mart_consolidated_reporting: /* {"app": "dbt", "dbt_version": "1.8.0", "profile_name": "financial_twin", "target_name": "dev", "node_id": "model.financial_twin.mart_consolidated_reporting"} */

    SELECT COUNT(*) as remaining_indexes
    FROM duckdb_indexes()
    WHERE schema_name = 'main'
      AND table_name = 'mart_consolidated_reporting'
  
[0m19:31:56.884947 [debug] [Thread-4 (]: SQL status: OK in 0.000 seconds
[0m19:31:56.885130 [debug] [Thread-2 (]: SQL status: OK in 0.000 seconds
[0m19:31:56.886925 [debug] [Thread-4 (]: Using duckdb connection "model.financial_twin.mart_forecast_input"
[0m19:31:56.887178 [debug] [Thread-4 (]: On model.financial_twin.mart_forecast_input: /* {"app": "dbt", "dbt_version": "1.8.0", "profile_name": "financial_twin", "target_name": "dev", "node_id": "model.financial_twin.mart_forecast_input"} */
alter table "financial_model"."main"."mart_forecast_input" rename to "mart_forecast_input__dbt_backup"
[0m19:31:56.889482 [debug] [Thread-2 (]: Using duckdb connection "model.financial_twin.mart_consolidated_reporting"
[0m19:31:56.889745 [debug] [Thread-2 (]: On model.financial_twin.mart_consolidated_reporting: /* {"app": "dbt", "dbt_version": "1.8.0", "profile_name": "financial_twin", "target_name": "dev", "node_id": "model.financial_twin.mart_consolidated_reporting"} */
alter table "financial_model"."main"."mart_consolidated_reporting" rename to "mart_consolidated_reporting__dbt_backup"
[0m19:31:56.889952 [debug] [Thread-4 (]: SQL status: OK in 0.000 seconds
[0m19:31:56.891201 [debug] [Thread-4 (]: Using duckdb connection "model.financial_twin.mart_forecast_input"
[0m19:31:56.891363 [debug] [Thread-4 (]: On model.financial_twin.mart_forecast_input: /* {"app": "dbt", "dbt_version": "1.8.0", "profile_name": "financial_twin", "target_name": "dev", "node_id": "model.financial_twin.mart_forecast_input"} */
alter table "financial_model"."main"."mart_forecast_input__dbt_tmp" rename to "mart_forecast_input"
[0m19:31:56.891507 [debug] [Thread-2 (]: SQL status: OK in 0.002 seconds
[0m19:31:56.892831 [debug] [Thread-2 (]: Using duckdb connection "model.financial_twin.mart_consolidated_reporting"
[0m19:31:56.893000 [debug] [Thread-2 (]: On model.financial_twin.mart_consolidated_reporting: /* {"app": "dbt", "dbt_version": "1.8.0", "profile_name": "financial_twin", "target_name": "dev", "node_id": "model.financial_twin.mart_consolidated_reporting"} */
alter table "financial_model"."main"."mart_consolidated_reporting__dbt_tmp" rename to "mart_consolidated_reporting"
[0m19:31:56.893240 [debug] [Thread-4 (]: SQL status: OK in 0.002 seconds
[0m19:31:56.893944 [debug] [Thread-4 (]: On model.financial_twin.mart_forecast_input: COMMIT
[0m19:31:56.894100 [debug] [Thread-4 (]: Using duckdb connection "model.financial_twin.mart_forecast_input"
[0m19:31:56.894241 [debug] [Thread-4 (]: On model.financial_twin.mart_forecast_input: COMMIT
[0m19:31:56.894471 [debug] [Thread-2 (]: SQL status: OK in 0.001 seconds
[0m19:31:56.895150 [debug] [Thread-2 (]: On model.financial_twin.mart_consolidated_reporting: COMMIT
[0m19:31:56.895299 [debug] [Thread-2 (]: Using duckdb connection "model.financial_twin.mart_consolidated_reporting"
[0m19:31:56.895439 [debug] [Thread-2 (]: On model.financial_twin.mart_consolidated_reporting: COMMIT
[0m19:31:56.895636 [debug] [Thread-4 (]: SQL status: OK in 0.001 seconds
[0m19:31:56.896676 [debug] [Thread-4 (]: Using duckdb connection "model.financial_twin.mart_forecast_input"
[0m19:31:56.896835 [debug] [Thread-4 (]: On model.financial_twin.mart_forecast_input: /* {"app": "dbt", "dbt_version": "1.8.0", "profile_name": "financial_twin", "target_name": "dev", "node_id": "model.financial_twin.mart_forecast_input"} */

      drop table if exists "financial_model"."main"."mart_forecast_input__dbt_backup" cascade
    
[0m19:31:56.897026 [debug] [Thread-2 (]: SQL status: OK in 0.001 seconds
[0m19:31:56.898084 [debug] [Thread-2 (]: Using duckdb connection "model.financial_twin.mart_consolidated_reporting"
[0m19:31:56.898246 [debug] [Thread-2 (]: On model.financial_twin.mart_consolidated_reporting: /* {"app": "dbt", "dbt_version": "1.8.0", "profile_name": "financial_twin", "target_name": "dev", "node_id": "model.financial_twin.mart_consolidated_reporting"} */

      drop table if exists "financial_model"."main"."mart_consolidated_reporting__dbt_backup" cascade
    
[0m19:31:56.898387 [debug] [Thread-4 (]: SQL status: OK in 0.001 seconds
[0m19:31:56.898982 [debug] [Thread-4 (]: On model.financial_twin.mart_forecast_input: Close
[0m19:31:56.899227 [debug] [Thread-4 (]: Sending event: {'category': 'dbt', 'action': 'run_model', 'label': '7cb37723-23ea-48ea-870b-223b906afaa3', 'context': [<snowplow_tracker.self_describing_json.SelfDescribingJson object at 0x107ddf650>]}
[0m19:31:56.899384 [debug] [Thread-2 (]: SQL status: OK in 0.001 seconds
[0m19:31:56.899664 [info ] [Thread-4 (]: 7 of 7 OK created sql table model main.mart_forecast_input ..................... [[32mOK[0m in 0.04s]
[0m19:31:56.900264 [debug] [Thread-2 (]: On model.financial_twin.mart_consolidated_reporting: Close
[0m19:31:56.900509 [debug] [Thread-4 (]: Finished running node model.financial_twin.mart_forecast_input
[0m19:31:56.900730 [debug] [Thread-2 (]: Sending event: {'category': 'dbt', 'action': 'run_model', 'label': '7cb37723-23ea-48ea-870b-223b906afaa3', 'context': [<snowplow_tracker.self_describing_json.SelfDescribingJson object at 0x1071d0890>]}
[0m19:31:56.901052 [info ] [Thread-2 (]: 6 of 7 OK created sql table model main.mart_consolidated_reporting ............. [[32mOK[0m in 0.04s]
[0m19:31:56.901293 [debug] [Thread-2 (]: Finished running node model.financial_twin.mart_consolidated_reporting
[0m19:31:56.901918 [debug] [MainThread]: Using duckdb connection "master"
[0m19:31:56.902065 [debug] [MainThread]: On master: BEGIN
[0m19:31:56.902192 [debug] [MainThread]: Opening a new connection, currently in state closed
[0m19:31:56.902463 [debug] [MainThread]: SQL status: OK in 0.000 seconds
[0m19:31:56.902589 [debug] [MainThread]: On master: COMMIT
[0m19:31:56.902711 [debug] [MainThread]: Using duckdb connection "master"
[0m19:31:56.902826 [debug] [MainThread]: On master: COMMIT
[0m19:31:56.903033 [debug] [MainThread]: SQL status: OK in 0.000 seconds
[0m19:31:56.903154 [debug] [MainThread]: On master: Close
[0m19:31:56.903319 [debug] [MainThread]: Connection 'master' was properly closed.
[0m19:31:56.903432 [debug] [MainThread]: Connection 'model.financial_twin.mart_finance_monthly' was properly closed.
[0m19:31:56.903538 [debug] [MainThread]: Connection 'model.financial_twin.mart_consolidated_reporting' was properly closed.
[0m19:31:56.903643 [debug] [MainThread]: Connection 'model.financial_twin.stg_subscriptions' was properly closed.
[0m19:31:56.903755 [debug] [MainThread]: Connection 'model.financial_twin.mart_forecast_input' was properly closed.
[0m19:31:56.903919 [info ] [MainThread]: 
[0m19:31:56.904060 [info ] [MainThread]: Finished running 3 view models, 4 table models in 0 hours 0 minutes and 0.32 seconds (0.32s).
[0m19:31:56.904603 [debug] [MainThread]: Command end result
[0m19:31:56.919336 [info ] [MainThread]: 
[0m19:31:56.919643 [info ] [MainThread]: [32mCompleted successfully[0m
[0m19:31:56.919810 [info ] [MainThread]: 
[0m19:31:56.919970 [info ] [MainThread]: Done. PASS=7 WARN=0 ERROR=0 SKIP=0 TOTAL=7
[0m19:31:56.923011 [debug] [MainThread]: Resource report: {"command_name": "run", "command_success": true, "command_wall_clock_time": 0.7497817, "process_user_time": 1.101201, "process_kernel_time": 0.19299, "process_mem_max_rss": "162627584", "process_in_blocks": "0", "process_out_blocks": "0"}
[0m19:31:56.923446 [debug] [MainThread]: Command `dbt run` succeeded at 19:31:56.923394 after 0.75 seconds
[0m19:31:56.923667 [debug] [MainThread]: Sending event: {'category': 'dbt', 'action': 'invocation', 'label': 'end', 'context': [<snowplow_tracker.self_describing_json.SelfDescribingJson object at 0x102807190>, <snowplow_tracker.self_describing_json.SelfDescribingJson object at 0x10277bfd0>, <snowplow_tracker.self_describing_json.SelfDescribingJson object at 0x1027dd210>]}
[0m19:31:56.923861 [debug] [MainThread]: Flushing usage events
[0m19:32:18.343555 [debug] [MainThread]: Sending event: {'category': 'dbt', 'action': 'invocation', 'label': 'start', 'context': [<snowplow_tracker.self_describing_json.SelfDescribingJson object at 0x1072206d0>, <snowplow_tracker.self_describing_json.SelfDescribingJson object at 0x10729a3d0>, <snowplow_tracker.self_describing_json.SelfDescribingJson object at 0x10729a9d0>]}


============================== 19:32:18.346091 | 86536af6-8599-48f8-a9d1-c3b840be9293 ==============================
[0m19:32:18.346091 [info ] [MainThread]: Running with dbt=1.8.0
[0m19:32:18.346407 [debug] [MainThread]: running dbt with arguments {'printer_width': '80', 'indirect_selection': 'eager', 'write_json': 'True', 'log_cache_events': 'False', 'partial_parse': 'True', 'cache_selected_only': 'False', 'profiles_dir': '.', 'fail_fast': 'False', 'warn_error': 'None', 'log_path': '/Users/admin/Desktop/Portfolio/dbt_financial/logs', 'debug': 'False', 'version_check': 'True', 'use_colors': 'True', 'use_experimental_parser': 'False', 'no_print': 'None', 'quiet': 'False', 'warn_error_options': 'WarnErrorOptions(include=[], exclude=[])', 'introspect': 'True', 'log_format': 'default', 'invocation_command': 'dbt run --profiles-dir .', 'target_path': 'None', 'static_parser': 'True', 'send_anonymous_usage_stats': 'True'}
[0m19:32:18.453828 [debug] [MainThread]: Sending event: {'category': 'dbt', 'action': 'project_id', 'label': '86536af6-8599-48f8-a9d1-c3b840be9293', 'context': [<snowplow_tracker.self_describing_json.SelfDescribingJson object at 0x107265d50>]}
[0m19:32:18.477012 [debug] [MainThread]: Sending event: {'category': 'dbt', 'action': 'adapter_info', 'label': '86536af6-8599-48f8-a9d1-c3b840be9293', 'context': [<snowplow_tracker.self_describing_json.SelfDescribingJson object at 0x105733190>]}
[0m19:32:18.478379 [info ] [MainThread]: Registered adapter: duckdb=1.10.0
[0m19:32:18.539606 [debug] [MainThread]: checksum: dbb12d416fdb55e3665e4828703bbedf40c5c90ed7ca6ff39bbbfb29b12b0a92, vars: {}, profile: , target: , version: 1.8.0
[0m19:32:18.592169 [debug] [MainThread]: Partial parsing enabled: 0 files deleted, 0 files added, 0 files changed.
[0m19:32:18.592424 [debug] [MainThread]: Partial parsing enabled, no changes found, skipping parsing
[0m19:32:18.608154 [debug] [MainThread]: Sending event: {'category': 'dbt', 'action': 'load_project', 'label': '86536af6-8599-48f8-a9d1-c3b840be9293', 'context': [<snowplow_tracker.self_describing_json.SelfDescribingJson object at 0x10764e2d0>]}
[0m19:32:18.650566 [debug] [MainThread]: Sending event: {'category': 'dbt', 'action': 'resource_counts', 'label': '86536af6-8599-48f8-a9d1-c3b840be9293', 'context': [<snowplow_tracker.self_describing_json.SelfDescribingJson object at 0x107406190>]}
[0m19:32:18.650868 [info ] [MainThread]: Found 7 models, 5 sources, 438 macros
[0m19:32:18.651038 [debug] [MainThread]: Sending event: {'category': 'dbt', 'action': 'runnable_timing', 'label': '86536af6-8599-48f8-a9d1-c3b840be9293', 'context': [<snowplow_tracker.self_describing_json.SelfDescribingJson object at 0x10766f1d0>]}
[0m19:32:18.652074 [info ] [MainThread]: 
[0m19:32:18.652359 [debug] [MainThread]: Acquiring new duckdb connection 'master'
[0m19:32:18.654780 [debug] [ThreadPool]: Acquiring new duckdb connection 'list_financial_model'
[0m19:32:18.680607 [debug] [ThreadPool]: Using duckdb connection "list_financial_model"
[0m19:32:18.680851 [debug] [ThreadPool]: On list_financial_model: /* {"app": "dbt", "dbt_version": "1.8.0", "profile_name": "financial_twin", "target_name": "dev", "connection_name": "list_financial_model"} */

    
    select schema_name
    from system.information_schema.schemata
    
    where lower(catalog_name) = '"financial_model"'
    
  
  
[0m19:32:18.680991 [debug] [ThreadPool]: Opening a new connection, currently in state init
[0m19:32:18.689222 [debug] [ThreadPool]: SQL status: OK in 0.008 seconds
[0m19:32:18.689931 [debug] [ThreadPool]: On list_financial_model: Close
[0m19:32:18.690283 [debug] [ThreadPool]: Re-using an available connection from the pool (formerly list_financial_model, now create_financial_model_main)
[0m19:32:18.690516 [debug] [ThreadPool]: Creating schema "database: "financial_model"
schema: "main"
"
[0m19:32:18.693707 [debug] [ThreadPool]: Using duckdb connection "create_financial_model_main"
[0m19:32:18.693877 [debug] [ThreadPool]: On create_financial_model_main: /* {"app": "dbt", "dbt_version": "1.8.0", "profile_name": "financial_twin", "target_name": "dev", "connection_name": "create_financial_model_main"} */

    
        select type from duckdb_databases()
        where lower(database_name)='financial_model'
        and type='sqlite'
    
  
[0m19:32:18.694013 [debug] [ThreadPool]: Opening a new connection, currently in state closed
[0m19:32:18.694441 [debug] [ThreadPool]: SQL status: OK in 0.000 seconds
[0m19:32:18.695008 [debug] [ThreadPool]: Using duckdb connection "create_financial_model_main"
[0m19:32:18.695149 [debug] [ThreadPool]: On create_financial_model_main: BEGIN
[0m19:32:18.695369 [debug] [ThreadPool]: SQL status: OK in 0.000 seconds
[0m19:32:18.695489 [debug] [ThreadPool]: Using duckdb connection "create_financial_model_main"
[0m19:32:18.695615 [debug] [ThreadPool]: On create_financial_model_main: /* {"app": "dbt", "dbt_version": "1.8.0", "profile_name": "financial_twin", "target_name": "dev", "connection_name": "create_financial_model_main"} */

    
    
        create schema if not exists "financial_model"."main"
    
[0m19:32:18.695843 [debug] [ThreadPool]: SQL status: OK in 0.000 seconds
[0m19:32:18.696189 [debug] [ThreadPool]: On create_financial_model_main: COMMIT
[0m19:32:18.696341 [debug] [ThreadPool]: Using duckdb connection "create_financial_model_main"
[0m19:32:18.696459 [debug] [ThreadPool]: On create_financial_model_main: COMMIT
[0m19:32:18.696667 [debug] [ThreadPool]: SQL status: OK in 0.000 seconds
[0m19:32:18.696790 [debug] [ThreadPool]: On create_financial_model_main: Close
[0m19:32:18.697446 [debug] [ThreadPool]: Re-using an available connection from the pool (formerly create_financial_model_main, now list_financial_model_main)
[0m19:32:18.699998 [debug] [ThreadPool]: Using duckdb connection "list_financial_model_main"
[0m19:32:18.700181 [debug] [ThreadPool]: On list_financial_model_main: BEGIN
[0m19:32:18.700321 [debug] [ThreadPool]: Opening a new connection, currently in state closed
[0m19:32:18.700563 [debug] [ThreadPool]: SQL status: OK in 0.000 seconds
[0m19:32:18.700690 [debug] [ThreadPool]: Using duckdb connection "list_financial_model_main"
[0m19:32:18.700822 [debug] [ThreadPool]: On list_financial_model_main: /* {"app": "dbt", "dbt_version": "1.8.0", "profile_name": "financial_twin", "target_name": "dev", "connection_name": "list_financial_model_main"} */
select
      'financial_model' as database,
      table_name as name,
      table_schema as schema,
      CASE table_type
        WHEN 'BASE TABLE' THEN 'table'
        WHEN 'VIEW' THEN 'view'
        WHEN 'LOCAL TEMPORARY' THEN 'table'
        END as type
    from system.information_schema.tables
    where lower(table_schema) = 'main'
    and lower(table_catalog) = 'financial_model'
  
[0m19:32:18.708151 [debug] [ThreadPool]: SQL status: OK in 0.007 seconds
[0m19:32:18.708907 [debug] [ThreadPool]: On list_financial_model_main: ROLLBACK
[0m19:32:18.709668 [debug] [ThreadPool]: Failed to rollback 'list_financial_model_main'
[0m19:32:18.709813 [debug] [ThreadPool]: On list_financial_model_main: Close
[0m19:32:18.711359 [debug] [MainThread]: Sending event: {'category': 'dbt', 'action': 'runnable_timing', 'label': '86536af6-8599-48f8-a9d1-c3b840be9293', 'context': [<snowplow_tracker.self_describing_json.SelfDescribingJson object at 0x1077f0a90>]}
[0m19:32:18.711614 [debug] [MainThread]: Using duckdb connection "master"
[0m19:32:18.711760 [debug] [MainThread]: On master: BEGIN
[0m19:32:18.711890 [debug] [MainThread]: Opening a new connection, currently in state init
[0m19:32:18.712265 [debug] [MainThread]: SQL status: OK in 0.000 seconds
[0m19:32:18.712436 [debug] [MainThread]: On master: COMMIT
[0m19:32:18.712571 [debug] [MainThread]: Using duckdb connection "master"
[0m19:32:18.712697 [debug] [MainThread]: On master: COMMIT
[0m19:32:18.712948 [debug] [MainThread]: SQL status: OK in 0.000 seconds
[0m19:32:18.713106 [debug] [MainThread]: On master: Close
[0m19:32:18.713316 [info ] [MainThread]: Concurrency: 4 threads (target='dev')
[0m19:32:18.713468 [info ] [MainThread]: 
[0m19:32:18.714868 [debug] [Thread-1 (]: Began running node model.financial_twin.stg_budget
[0m19:32:18.715051 [debug] [Thread-2 (]: Began running node model.financial_twin.stg_customers
[0m19:32:18.715217 [debug] [Thread-3 (]: Began running node model.financial_twin.stg_subscriptions
[0m19:32:18.715467 [info ] [Thread-1 (]: 1 of 7 START sql view model main.stg_budget .................................... [RUN]
[0m19:32:18.715699 [info ] [Thread-2 (]: 2 of 7 START sql view model main.stg_customers ................................. [RUN]
[0m19:32:18.715919 [info ] [Thread-3 (]: 3 of 7 START sql view model main.stg_subscriptions ............................. [RUN]
[0m19:32:18.716138 [debug] [Thread-1 (]: Re-using an available connection from the pool (formerly list_financial_model_main, now model.financial_twin.stg_budget)
[0m19:32:18.716355 [debug] [Thread-2 (]: Acquiring new duckdb connection 'model.financial_twin.stg_customers'
[0m19:32:18.716559 [debug] [Thread-3 (]: Acquiring new duckdb connection 'model.financial_twin.stg_subscriptions'
[0m19:32:18.716717 [debug] [Thread-1 (]: Began compiling node model.financial_twin.stg_budget
[0m19:32:18.716866 [debug] [Thread-2 (]: Began compiling node model.financial_twin.stg_customers
[0m19:32:18.717013 [debug] [Thread-3 (]: Began compiling node model.financial_twin.stg_subscriptions
[0m19:32:18.721296 [debug] [Thread-1 (]: Writing injected SQL for node "model.financial_twin.stg_budget"
[0m19:32:18.722664 [debug] [Thread-2 (]: Writing injected SQL for node "model.financial_twin.stg_customers"
[0m19:32:18.724310 [debug] [Thread-3 (]: Writing injected SQL for node "model.financial_twin.stg_subscriptions"
[0m19:32:18.724936 [debug] [Thread-1 (]: Began executing node model.financial_twin.stg_budget
[0m19:32:18.730584 [debug] [Thread-2 (]: Began executing node model.financial_twin.stg_customers
[0m19:32:18.742136 [debug] [Thread-2 (]: Writing runtime sql for node "model.financial_twin.stg_customers"
[0m19:32:18.742395 [debug] [Thread-3 (]: Began executing node model.financial_twin.stg_subscriptions
[0m19:32:18.743226 [debug] [Thread-1 (]: Writing runtime sql for node "model.financial_twin.stg_budget"
[0m19:32:18.745054 [debug] [Thread-3 (]: Writing runtime sql for node "model.financial_twin.stg_subscriptions"
[0m19:32:18.745432 [debug] [Thread-2 (]: Using duckdb connection "model.financial_twin.stg_customers"
[0m19:32:18.745604 [debug] [Thread-2 (]: On model.financial_twin.stg_customers: BEGIN
[0m19:32:18.745816 [debug] [Thread-2 (]: Opening a new connection, currently in state init
[0m19:32:18.745978 [debug] [Thread-1 (]: Using duckdb connection "model.financial_twin.stg_budget"
[0m19:32:18.746145 [debug] [Thread-3 (]: Using duckdb connection "model.financial_twin.stg_subscriptions"
[0m19:32:18.746437 [debug] [Thread-1 (]: On model.financial_twin.stg_budget: BEGIN
[0m19:32:18.746621 [debug] [Thread-3 (]: On model.financial_twin.stg_subscriptions: BEGIN
[0m19:32:18.746778 [debug] [Thread-2 (]: SQL status: OK in 0.001 seconds
[0m19:32:18.746932 [debug] [Thread-1 (]: Opening a new connection, currently in state closed
[0m19:32:18.747096 [debug] [Thread-3 (]: Opening a new connection, currently in state init
[0m19:32:18.747254 [debug] [Thread-2 (]: Using duckdb connection "model.financial_twin.stg_customers"
[0m19:32:18.747593 [debug] [Thread-2 (]: On model.financial_twin.stg_customers: /* {"app": "dbt", "dbt_version": "1.8.0", "profile_name": "financial_twin", "target_name": "dev", "node_id": "model.financial_twin.stg_customers"} */

  
  create view "financial_model"."main"."stg_customers__dbt_tmp" as (
    with source as (
    select * from "financial_model"."main"."raw_customers"
)
select
    customer_id,
    acquisition_date::date as acquisition_date,
    segment
from source
  );

[0m19:32:18.747753 [debug] [Thread-1 (]: SQL status: OK in 0.001 seconds
[0m19:32:18.747924 [debug] [Thread-3 (]: SQL status: OK in 0.001 seconds
[0m19:32:18.748131 [debug] [Thread-1 (]: Using duckdb connection "model.financial_twin.stg_budget"
[0m19:32:18.748307 [debug] [Thread-3 (]: Using duckdb connection "model.financial_twin.stg_subscriptions"
[0m19:32:18.748451 [debug] [Thread-2 (]: SQL status: OK in 0.001 seconds
[0m19:32:18.748618 [debug] [Thread-1 (]: On model.financial_twin.stg_budget: /* {"app": "dbt", "dbt_version": "1.8.0", "profile_name": "financial_twin", "target_name": "dev", "node_id": "model.financial_twin.stg_budget"} */

  
  create view "financial_model"."main"."stg_budget__dbt_tmp" as (
    with source as (
    select * from "financial_model"."main"."fct_budget_monthly"
)
select
    scenario_id,
    month_end::date as month_end,
    fiscal_year,
    budget_mrr,
    budget_customers,
    budget_arr,
    ev_multiple
from source
  );

[0m19:32:18.748804 [debug] [Thread-3 (]: On model.financial_twin.stg_subscriptions: /* {"app": "dbt", "dbt_version": "1.8.0", "profile_name": "financial_twin", "target_name": "dev", "node_id": "model.financial_twin.stg_subscriptions"} */

  
  create view "financial_model"."main"."stg_subscriptions__dbt_tmp" as (
    with source as (
    select * from "financial_model"."main"."raw_subscriptions"
)
select
    subscription_id,
    customer_id,
    start_date::date as start_date,
    end_date::date as end_date,
    mrr,
    currency
from source
  );

[0m19:32:18.751701 [debug] [Thread-2 (]: Using duckdb connection "model.financial_twin.stg_customers"
[0m19:32:18.752054 [debug] [Thread-2 (]: On model.financial_twin.stg_customers: /* {"app": "dbt", "dbt_version": "1.8.0", "profile_name": "financial_twin", "target_name": "dev", "node_id": "model.financial_twin.stg_customers"} */
alter view "financial_model"."main"."stg_customers" rename to "stg_customers__dbt_backup"
[0m19:32:18.752298 [debug] [Thread-3 (]: SQL status: OK in 0.000 seconds
[0m19:32:18.752440 [debug] [Thread-1 (]: SQL status: OK in 0.001 seconds
[0m19:32:18.754083 [debug] [Thread-3 (]: Using duckdb connection "model.financial_twin.stg_subscriptions"
[0m19:32:18.756182 [debug] [Thread-1 (]: Using duckdb connection "model.financial_twin.stg_budget"
[0m19:32:18.756344 [debug] [Thread-2 (]: SQL status: OK in 0.004 seconds
[0m19:32:18.756526 [debug] [Thread-3 (]: On model.financial_twin.stg_subscriptions: /* {"app": "dbt", "dbt_version": "1.8.0", "profile_name": "financial_twin", "target_name": "dev", "node_id": "model.financial_twin.stg_subscriptions"} */
alter view "financial_model"."main"."stg_subscriptions" rename to "stg_subscriptions__dbt_backup"
[0m19:32:18.756707 [debug] [Thread-1 (]: On model.financial_twin.stg_budget: /* {"app": "dbt", "dbt_version": "1.8.0", "profile_name": "financial_twin", "target_name": "dev", "node_id": "model.financial_twin.stg_budget"} */
alter view "financial_model"."main"."stg_budget" rename to "stg_budget__dbt_backup"
[0m19:32:18.758028 [debug] [Thread-2 (]: Using duckdb connection "model.financial_twin.stg_customers"
[0m19:32:18.758368 [debug] [Thread-2 (]: On model.financial_twin.stg_customers: /* {"app": "dbt", "dbt_version": "1.8.0", "profile_name": "financial_twin", "target_name": "dev", "node_id": "model.financial_twin.stg_customers"} */
alter view "financial_model"."main"."stg_customers__dbt_tmp" rename to "stg_customers"
[0m19:32:18.758554 [debug] [Thread-3 (]: SQL status: OK in 0.000 seconds
[0m19:32:18.758702 [debug] [Thread-1 (]: SQL status: OK in 0.000 seconds
[0m19:32:18.760031 [debug] [Thread-3 (]: Using duckdb connection "model.financial_twin.stg_subscriptions"
[0m19:32:18.761385 [debug] [Thread-1 (]: Using duckdb connection "model.financial_twin.stg_budget"
[0m19:32:18.761530 [debug] [Thread-2 (]: SQL status: OK in 0.003 seconds
[0m19:32:18.761690 [debug] [Thread-3 (]: On model.financial_twin.stg_subscriptions: /* {"app": "dbt", "dbt_version": "1.8.0", "profile_name": "financial_twin", "target_name": "dev", "node_id": "model.financial_twin.stg_subscriptions"} */
alter view "financial_model"."main"."stg_subscriptions__dbt_tmp" rename to "stg_subscriptions"
[0m19:32:18.761858 [debug] [Thread-1 (]: On model.financial_twin.stg_budget: /* {"app": "dbt", "dbt_version": "1.8.0", "profile_name": "financial_twin", "target_name": "dev", "node_id": "model.financial_twin.stg_budget"} */
alter view "financial_model"."main"."stg_budget__dbt_tmp" rename to "stg_budget"
[0m19:32:18.767196 [debug] [Thread-2 (]: On model.financial_twin.stg_customers: COMMIT
[0m19:32:18.767545 [debug] [Thread-2 (]: Using duckdb connection "model.financial_twin.stg_customers"
[0m19:32:18.767707 [debug] [Thread-2 (]: On model.financial_twin.stg_customers: COMMIT
[0m19:32:18.767898 [debug] [Thread-3 (]: SQL status: OK in 0.001 seconds
[0m19:32:18.768090 [debug] [Thread-1 (]: SQL status: OK in 0.001 seconds
[0m19:32:18.768266 [debug] [Thread-2 (]: SQL status: OK in 0.000 seconds
[0m19:32:18.768991 [debug] [Thread-3 (]: On model.financial_twin.stg_subscriptions: COMMIT
[0m19:32:18.769657 [debug] [Thread-1 (]: On model.financial_twin.stg_budget: COMMIT
[0m19:32:18.772774 [debug] [Thread-2 (]: Using duckdb connection "model.financial_twin.stg_customers"
[0m19:32:18.773014 [debug] [Thread-3 (]: Using duckdb connection "model.financial_twin.stg_subscriptions"
[0m19:32:18.773192 [debug] [Thread-1 (]: Using duckdb connection "model.financial_twin.stg_budget"
[0m19:32:18.773371 [debug] [Thread-2 (]: On model.financial_twin.stg_customers: /* {"app": "dbt", "dbt_version": "1.8.0", "profile_name": "financial_twin", "target_name": "dev", "node_id": "model.financial_twin.stg_customers"} */

      drop view if exists "financial_model"."main"."stg_customers__dbt_backup" cascade
    
[0m19:32:18.773533 [debug] [Thread-3 (]: On model.financial_twin.stg_subscriptions: COMMIT
[0m19:32:18.773680 [debug] [Thread-1 (]: On model.financial_twin.stg_budget: COMMIT
[0m19:32:18.774216 [debug] [Thread-2 (]: SQL status: OK in 0.000 seconds
[0m19:32:18.774390 [debug] [Thread-3 (]: SQL status: OK in 0.000 seconds
[0m19:32:18.774530 [debug] [Thread-1 (]: SQL status: OK in 0.001 seconds
[0m19:32:18.775621 [debug] [Thread-2 (]: On model.financial_twin.stg_customers: Close
[0m19:32:18.776783 [debug] [Thread-3 (]: Using duckdb connection "model.financial_twin.stg_subscriptions"
[0m19:32:18.777815 [debug] [Thread-1 (]: Using duckdb connection "model.financial_twin.stg_budget"
[0m19:32:18.778488 [debug] [Thread-2 (]: Sending event: {'category': 'dbt', 'action': 'run_model', 'label': '86536af6-8599-48f8-a9d1-c3b840be9293', 'context': [<snowplow_tracker.self_describing_json.SelfDescribingJson object at 0x107b5b690>]}
[0m19:32:18.778669 [debug] [Thread-3 (]: On model.financial_twin.stg_subscriptions: /* {"app": "dbt", "dbt_version": "1.8.0", "profile_name": "financial_twin", "target_name": "dev", "node_id": "model.financial_twin.stg_subscriptions"} */

      drop view if exists "financial_model"."main"."stg_subscriptions__dbt_backup" cascade
    
[0m19:32:18.778847 [debug] [Thread-1 (]: On model.financial_twin.stg_budget: /* {"app": "dbt", "dbt_version": "1.8.0", "profile_name": "financial_twin", "target_name": "dev", "node_id": "model.financial_twin.stg_budget"} */

      drop view if exists "financial_model"."main"."stg_budget__dbt_backup" cascade
    
[0m19:32:18.779156 [info ] [Thread-2 (]: 2 of 7 OK created sql view model main.stg_customers ............................ [[32mOK[0m in 0.06s]
[0m19:32:18.779603 [debug] [Thread-2 (]: Finished running node model.financial_twin.stg_customers
[0m19:32:18.779846 [debug] [Thread-3 (]: SQL status: OK in 0.000 seconds
[0m19:32:18.779997 [debug] [Thread-1 (]: SQL status: OK in 0.001 seconds
[0m19:32:18.780591 [debug] [Thread-3 (]: On model.financial_twin.stg_subscriptions: Close
[0m19:32:18.781134 [debug] [Thread-1 (]: On model.financial_twin.stg_budget: Close
[0m19:32:18.781369 [debug] [Thread-3 (]: Sending event: {'category': 'dbt', 'action': 'run_model', 'label': '86536af6-8599-48f8-a9d1-c3b840be9293', 'context': [<snowplow_tracker.self_describing_json.SelfDescribingJson object at 0x104dd5810>]}
[0m19:32:18.781583 [debug] [Thread-1 (]: Sending event: {'category': 'dbt', 'action': 'run_model', 'label': '86536af6-8599-48f8-a9d1-c3b840be9293', 'context': [<snowplow_tracker.self_describing_json.SelfDescribingJson object at 0x107b4fd90>]}
[0m19:32:18.781838 [info ] [Thread-3 (]: 3 of 7 OK created sql view model main.stg_subscriptions ........................ [[32mOK[0m in 0.06s]
[0m19:32:18.782058 [info ] [Thread-1 (]: 1 of 7 OK created sql view model main.stg_budget ............................... [[32mOK[0m in 0.07s]
[0m19:32:18.782353 [debug] [Thread-3 (]: Finished running node model.financial_twin.stg_subscriptions
[0m19:32:18.782574 [debug] [Thread-1 (]: Finished running node model.financial_twin.stg_budget
[0m19:32:18.782846 [debug] [Thread-4 (]: Began running node model.financial_twin.int_subscription_months
[0m19:32:18.783092 [info ] [Thread-4 (]: 4 of 7 START sql table model main.int_subscription_months ...................... [RUN]
[0m19:32:18.783318 [debug] [Thread-4 (]: Acquiring new duckdb connection 'model.financial_twin.int_subscription_months'
[0m19:32:18.783477 [debug] [Thread-4 (]: Began compiling node model.financial_twin.int_subscription_months
[0m19:32:18.784996 [debug] [Thread-4 (]: Writing injected SQL for node "model.financial_twin.int_subscription_months"
[0m19:32:18.785342 [debug] [Thread-4 (]: Began executing node model.financial_twin.int_subscription_months
[0m19:32:18.794681 [debug] [Thread-4 (]: Writing runtime sql for node "model.financial_twin.int_subscription_months"
[0m19:32:18.795111 [debug] [Thread-4 (]: Using duckdb connection "model.financial_twin.int_subscription_months"
[0m19:32:18.795284 [debug] [Thread-4 (]: On model.financial_twin.int_subscription_months: BEGIN
[0m19:32:18.795441 [debug] [Thread-4 (]: Opening a new connection, currently in state init
[0m19:32:18.795801 [debug] [Thread-4 (]: SQL status: OK in 0.000 seconds
[0m19:32:18.795967 [debug] [Thread-4 (]: Using duckdb connection "model.financial_twin.int_subscription_months"
[0m19:32:18.796142 [debug] [Thread-4 (]: On model.financial_twin.int_subscription_months: /* {"app": "dbt", "dbt_version": "1.8.0", "profile_name": "financial_twin", "target_name": "dev", "node_id": "model.financial_twin.int_subscription_months"} */

  
    
    

    create  table
      "financial_model"."main"."int_subscription_months__dbt_tmp"
  
    as (
      with calendar as (
    select * from "financial_model"."main"."dim_calendar"
    where month_end = date_trunc('month', month_end) + interval '1 month' - interval '1 day'
),
subs as (
    select * from "financial_model"."main"."stg_subscriptions"
)
select
    c.month_end,
    s.subscription_id,
    s.customer_id,
    s.mrr,
    s.currency
from calendar c
cross join subs s
where s.start_date <= c.month_end
  and (s.end_date is null or s.end_date > c.month_end)
    );
  
  
[0m19:32:18.823702 [debug] [Thread-4 (]: SQL status: OK in 0.027 seconds
[0m19:32:18.826613 [debug] [Thread-4 (]: Using duckdb connection "model.financial_twin.int_subscription_months"
[0m19:32:18.826878 [debug] [Thread-4 (]: On model.financial_twin.int_subscription_months: /* {"app": "dbt", "dbt_version": "1.8.0", "profile_name": "financial_twin", "target_name": "dev", "node_id": "model.financial_twin.int_subscription_months"} */

    SELECT index_name
    FROM duckdb_indexes()
    WHERE schema_name = 'main'
      AND table_name = 'int_subscription_months'
  
[0m19:32:18.827426 [debug] [Thread-4 (]: SQL status: OK in 0.000 seconds
[0m19:32:18.828007 [debug] [Thread-4 (]: Using duckdb connection "model.financial_twin.int_subscription_months"
[0m19:32:18.828259 [debug] [Thread-4 (]: On model.financial_twin.int_subscription_months: /* {"app": "dbt", "dbt_version": "1.8.0", "profile_name": "financial_twin", "target_name": "dev", "node_id": "model.financial_twin.int_subscription_months"} */

    SELECT COUNT(*) as remaining_indexes
    FROM duckdb_indexes()
    WHERE schema_name = 'main'
      AND table_name = 'int_subscription_months'
  
[0m19:32:18.828687 [debug] [Thread-4 (]: SQL status: OK in 0.000 seconds
[0m19:32:18.830134 [debug] [Thread-4 (]: Using duckdb connection "model.financial_twin.int_subscription_months"
[0m19:32:18.830305 [debug] [Thread-4 (]: On model.financial_twin.int_subscription_months: /* {"app": "dbt", "dbt_version": "1.8.0", "profile_name": "financial_twin", "target_name": "dev", "node_id": "model.financial_twin.int_subscription_months"} */
alter table "financial_model"."main"."int_subscription_months" rename to "int_subscription_months__dbt_backup"
[0m19:32:18.830611 [debug] [Thread-4 (]: SQL status: OK in 0.000 seconds
[0m19:32:18.831871 [debug] [Thread-4 (]: Using duckdb connection "model.financial_twin.int_subscription_months"
[0m19:32:18.832030 [debug] [Thread-4 (]: On model.financial_twin.int_subscription_months: /* {"app": "dbt", "dbt_version": "1.8.0", "profile_name": "financial_twin", "target_name": "dev", "node_id": "model.financial_twin.int_subscription_months"} */
alter table "financial_model"."main"."int_subscription_months__dbt_tmp" rename to "int_subscription_months"
[0m19:32:18.832303 [debug] [Thread-4 (]: SQL status: OK in 0.000 seconds
[0m19:32:18.835387 [debug] [Thread-4 (]: On model.financial_twin.int_subscription_months: COMMIT
[0m19:32:18.835562 [debug] [Thread-4 (]: Using duckdb connection "model.financial_twin.int_subscription_months"
[0m19:32:18.835710 [debug] [Thread-4 (]: On model.financial_twin.int_subscription_months: COMMIT
[0m19:32:18.836389 [debug] [Thread-4 (]: SQL status: OK in 0.001 seconds
[0m19:32:18.868733 [debug] [Thread-4 (]: Using duckdb connection "model.financial_twin.int_subscription_months"
[0m19:32:18.869031 [debug] [Thread-4 (]: On model.financial_twin.int_subscription_months: /* {"app": "dbt", "dbt_version": "1.8.0", "profile_name": "financial_twin", "target_name": "dev", "node_id": "model.financial_twin.int_subscription_months"} */

      drop table if exists "financial_model"."main"."int_subscription_months__dbt_backup" cascade
    
[0m19:32:18.869905 [debug] [Thread-4 (]: SQL status: OK in 0.001 seconds
[0m19:32:18.870671 [debug] [Thread-4 (]: On model.financial_twin.int_subscription_months: Close
[0m19:32:18.870960 [debug] [Thread-4 (]: Sending event: {'category': 'dbt', 'action': 'run_model', 'label': '86536af6-8599-48f8-a9d1-c3b840be9293', 'context': [<snowplow_tracker.self_describing_json.SelfDescribingJson object at 0x107d3d5d0>]}
[0m19:32:18.871262 [info ] [Thread-4 (]: 4 of 7 OK created sql table model main.int_subscription_months ................. [[32mOK[0m in 0.09s]
[0m19:32:18.871536 [debug] [Thread-4 (]: Finished running node model.financial_twin.int_subscription_months
[0m19:32:18.871901 [debug] [Thread-3 (]: Began running node model.financial_twin.mart_finance_monthly
[0m19:32:18.872144 [info ] [Thread-3 (]: 5 of 7 START sql table model main.mart_finance_monthly ......................... [RUN]
[0m19:32:18.872348 [debug] [Thread-3 (]: Re-using an available connection from the pool (formerly model.financial_twin.stg_subscriptions, now model.financial_twin.mart_finance_monthly)
[0m19:32:18.872513 [debug] [Thread-3 (]: Began compiling node model.financial_twin.mart_finance_monthly
[0m19:32:18.874072 [debug] [Thread-3 (]: Writing injected SQL for node "model.financial_twin.mart_finance_monthly"
[0m19:32:18.874497 [debug] [Thread-3 (]: Began executing node model.financial_twin.mart_finance_monthly
[0m19:32:18.877070 [debug] [Thread-3 (]: Writing runtime sql for node "model.financial_twin.mart_finance_monthly"
[0m19:32:18.878289 [debug] [Thread-3 (]: Using duckdb connection "model.financial_twin.mart_finance_monthly"
[0m19:32:18.879303 [debug] [Thread-3 (]: On model.financial_twin.mart_finance_monthly: BEGIN
[0m19:32:18.880075 [debug] [Thread-3 (]: Opening a new connection, currently in state closed
[0m19:32:18.881011 [debug] [Thread-3 (]: SQL status: OK in 0.001 seconds
[0m19:32:18.881736 [debug] [Thread-3 (]: Using duckdb connection "model.financial_twin.mart_finance_monthly"
[0m19:32:18.882259 [debug] [Thread-3 (]: On model.financial_twin.mart_finance_monthly: /* {"app": "dbt", "dbt_version": "1.8.0", "profile_name": "financial_twin", "target_name": "dev", "node_id": "model.financial_twin.mart_finance_monthly"} */

  
    
    

    create  table
      "financial_model"."main"."mart_finance_monthly__dbt_tmp"
  
    as (
      with act as (
    select
        month_end,
        'ACT' as scenario,
        2 as scenario_id,
        count(distinct customer_id) as customers,
        sum(mrr) as mrr,
        sum(mrr) * 12 as arr
    from "financial_model"."main"."int_subscription_months"
    group by 1
),
bud as (
    select
        month_end,
        'BUD' as scenario,
        1 as scenario_id,
        budget_customers as customers,
        budget_mrr as mrr,
        budget_arr as arr
    from "financial_model"."main"."stg_budget"
)

select * from act
union all
select * from bud
    );
  
  
[0m19:32:18.921949 [debug] [Thread-3 (]: SQL status: OK in 0.039 seconds
[0m19:32:18.924103 [debug] [Thread-3 (]: Using duckdb connection "model.financial_twin.mart_finance_monthly"
[0m19:32:18.924618 [debug] [Thread-3 (]: On model.financial_twin.mart_finance_monthly: /* {"app": "dbt", "dbt_version": "1.8.0", "profile_name": "financial_twin", "target_name": "dev", "node_id": "model.financial_twin.mart_finance_monthly"} */

    SELECT index_name
    FROM duckdb_indexes()
    WHERE schema_name = 'main'
      AND table_name = 'mart_finance_monthly'
  
[0m19:32:18.925216 [debug] [Thread-3 (]: SQL status: OK in 0.000 seconds
[0m19:32:18.925909 [debug] [Thread-3 (]: Using duckdb connection "model.financial_twin.mart_finance_monthly"
[0m19:32:18.926088 [debug] [Thread-3 (]: On model.financial_twin.mart_finance_monthly: /* {"app": "dbt", "dbt_version": "1.8.0", "profile_name": "financial_twin", "target_name": "dev", "node_id": "model.financial_twin.mart_finance_monthly"} */

    SELECT COUNT(*) as remaining_indexes
    FROM duckdb_indexes()
    WHERE schema_name = 'main'
      AND table_name = 'mart_finance_monthly'
  
[0m19:32:18.926537 [debug] [Thread-3 (]: SQL status: OK in 0.000 seconds
[0m19:32:18.928147 [debug] [Thread-3 (]: Using duckdb connection "model.financial_twin.mart_finance_monthly"
[0m19:32:18.928330 [debug] [Thread-3 (]: On model.financial_twin.mart_finance_monthly: /* {"app": "dbt", "dbt_version": "1.8.0", "profile_name": "financial_twin", "target_name": "dev", "node_id": "model.financial_twin.mart_finance_monthly"} */
alter table "financial_model"."main"."mart_finance_monthly" rename to "mart_finance_monthly__dbt_backup"
[0m19:32:18.928669 [debug] [Thread-3 (]: SQL status: OK in 0.000 seconds
[0m19:32:18.930432 [debug] [Thread-3 (]: Using duckdb connection "model.financial_twin.mart_finance_monthly"
[0m19:32:18.930701 [debug] [Thread-3 (]: On model.financial_twin.mart_finance_monthly: /* {"app": "dbt", "dbt_version": "1.8.0", "profile_name": "financial_twin", "target_name": "dev", "node_id": "model.financial_twin.mart_finance_monthly"} */
alter table "financial_model"."main"."mart_finance_monthly__dbt_tmp" rename to "mart_finance_monthly"
[0m19:32:18.931101 [debug] [Thread-3 (]: SQL status: OK in 0.000 seconds
[0m19:32:18.931961 [debug] [Thread-3 (]: On model.financial_twin.mart_finance_monthly: COMMIT
[0m19:32:18.932139 [debug] [Thread-3 (]: Using duckdb connection "model.financial_twin.mart_finance_monthly"
[0m19:32:18.932294 [debug] [Thread-3 (]: On model.financial_twin.mart_finance_monthly: COMMIT
[0m19:32:18.932846 [debug] [Thread-3 (]: SQL status: OK in 0.000 seconds
[0m19:32:18.934034 [debug] [Thread-3 (]: Using duckdb connection "model.financial_twin.mart_finance_monthly"
[0m19:32:18.934201 [debug] [Thread-3 (]: On model.financial_twin.mart_finance_monthly: /* {"app": "dbt", "dbt_version": "1.8.0", "profile_name": "financial_twin", "target_name": "dev", "node_id": "model.financial_twin.mart_finance_monthly"} */

      drop table if exists "financial_model"."main"."mart_finance_monthly__dbt_backup" cascade
    
[0m19:32:18.934577 [debug] [Thread-3 (]: SQL status: OK in 0.000 seconds
[0m19:32:18.935127 [debug] [Thread-3 (]: On model.financial_twin.mart_finance_monthly: Close
[0m19:32:18.935372 [debug] [Thread-3 (]: Sending event: {'category': 'dbt', 'action': 'run_model', 'label': '86536af6-8599-48f8-a9d1-c3b840be9293', 'context': [<snowplow_tracker.self_describing_json.SelfDescribingJson object at 0x106769f90>]}
[0m19:32:18.935648 [info ] [Thread-3 (]: 5 of 7 OK created sql table model main.mart_finance_monthly .................... [[32mOK[0m in 0.06s]
[0m19:32:18.935905 [debug] [Thread-3 (]: Finished running node model.financial_twin.mart_finance_monthly
[0m19:32:18.936356 [debug] [Thread-1 (]: Began running node model.financial_twin.mart_consolidated_reporting
[0m19:32:18.936571 [debug] [Thread-4 (]: Began running node model.financial_twin.mart_forecast_input
[0m19:32:18.936830 [info ] [Thread-1 (]: 6 of 7 START sql table model main.mart_consolidated_reporting .................. [RUN]
[0m19:32:18.937327 [info ] [Thread-4 (]: 7 of 7 START sql table model main.mart_forecast_input .......................... [RUN]
[0m19:32:18.937590 [debug] [Thread-1 (]: Re-using an available connection from the pool (formerly model.financial_twin.stg_budget, now model.financial_twin.mart_consolidated_reporting)
[0m19:32:18.937791 [debug] [Thread-4 (]: Re-using an available connection from the pool (formerly model.financial_twin.int_subscription_months, now model.financial_twin.mart_forecast_input)
[0m19:32:18.938006 [debug] [Thread-1 (]: Began compiling node model.financial_twin.mart_consolidated_reporting
[0m19:32:18.938192 [debug] [Thread-4 (]: Began compiling node model.financial_twin.mart_forecast_input
[0m19:32:18.939939 [debug] [Thread-1 (]: Writing injected SQL for node "model.financial_twin.mart_consolidated_reporting"
[0m19:32:18.941106 [debug] [Thread-4 (]: Writing injected SQL for node "model.financial_twin.mart_forecast_input"
[0m19:32:18.941494 [debug] [Thread-1 (]: Began executing node model.financial_twin.mart_consolidated_reporting
[0m19:32:18.941652 [debug] [Thread-4 (]: Began executing node model.financial_twin.mart_forecast_input
[0m19:32:18.943460 [debug] [Thread-1 (]: Writing runtime sql for node "model.financial_twin.mart_consolidated_reporting"
[0m19:32:18.944979 [debug] [Thread-4 (]: Writing runtime sql for node "model.financial_twin.mart_forecast_input"
[0m19:32:18.945317 [debug] [Thread-1 (]: Using duckdb connection "model.financial_twin.mart_consolidated_reporting"
[0m19:32:18.945484 [debug] [Thread-4 (]: Using duckdb connection "model.financial_twin.mart_forecast_input"
[0m19:32:18.945655 [debug] [Thread-1 (]: On model.financial_twin.mart_consolidated_reporting: BEGIN
[0m19:32:18.945829 [debug] [Thread-4 (]: On model.financial_twin.mart_forecast_input: BEGIN
[0m19:32:18.945995 [debug] [Thread-1 (]: Opening a new connection, currently in state closed
[0m19:32:18.946144 [debug] [Thread-4 (]: Opening a new connection, currently in state closed
[0m19:32:18.946543 [debug] [Thread-1 (]: SQL status: OK in 0.001 seconds
[0m19:32:18.946723 [debug] [Thread-4 (]: SQL status: OK in 0.001 seconds
[0m19:32:18.946862 [debug] [Thread-1 (]: Using duckdb connection "model.financial_twin.mart_consolidated_reporting"
[0m19:32:18.947026 [debug] [Thread-4 (]: Using duckdb connection "model.financial_twin.mart_forecast_input"
[0m19:32:18.947221 [debug] [Thread-1 (]: On model.financial_twin.mart_consolidated_reporting: /* {"app": "dbt", "dbt_version": "1.8.0", "profile_name": "financial_twin", "target_name": "dev", "node_id": "model.financial_twin.mart_consolidated_reporting"} */

  
    
    

    create  table
      "financial_model"."main"."mart_consolidated_reporting__dbt_tmp"
  
    as (
      with act as (
    select
        month_end,
        'ACT' as scenario,
        2 as scenario_id,
        customers,
        mrr,
        arr
    from "financial_model"."main"."mart_finance_monthly"
    where scenario = 'ACT'
),
bud as (
    select
        month_end,
        'BUD' as scenario,
        1 as scenario_id,
        customers,
        mrr,
        arr
    from "financial_model"."main"."mart_finance_monthly"
    where scenario = 'BUD'
),
fct as (
    select
        month_end,
        'FCT' as scenario,
        3 as scenario_id,
        customers,
        mrr,
        arr
    from "financial_model"."main"."raw_forecast"
)

select * from act
union all
select * from bud
union all
select * from fct
    );
  
  
[0m19:32:18.947426 [debug] [Thread-4 (]: On model.financial_twin.mart_forecast_input: /* {"app": "dbt", "dbt_version": "1.8.0", "profile_name": "financial_twin", "target_name": "dev", "node_id": "model.financial_twin.mart_forecast_input"} */

  
    
    

    create  table
      "financial_model"."main"."mart_forecast_input__dbt_tmp"
  
    as (
      select
    month_end as ds,
    mrr as y
from "financial_model"."main"."mart_finance_monthly"
where scenario = 'ACT'
order by ds
    );
  
  
[0m19:32:18.948329 [debug] [Thread-4 (]: SQL status: OK in 0.001 seconds
[0m19:32:18.948914 [debug] [Thread-4 (]: Using duckdb connection "model.financial_twin.mart_forecast_input"
[0m19:32:18.949099 [debug] [Thread-4 (]: On model.financial_twin.mart_forecast_input: /* {"app": "dbt", "dbt_version": "1.8.0", "profile_name": "financial_twin", "target_name": "dev", "node_id": "model.financial_twin.mart_forecast_input"} */

    SELECT index_name
    FROM duckdb_indexes()
    WHERE schema_name = 'main'
      AND table_name = 'mart_forecast_input'
  
[0m19:32:18.949257 [debug] [Thread-1 (]: SQL status: OK in 0.002 seconds
[0m19:32:18.949775 [debug] [Thread-1 (]: Using duckdb connection "model.financial_twin.mart_consolidated_reporting"
[0m19:32:18.949948 [debug] [Thread-1 (]: On model.financial_twin.mart_consolidated_reporting: /* {"app": "dbt", "dbt_version": "1.8.0", "profile_name": "financial_twin", "target_name": "dev", "node_id": "model.financial_twin.mart_consolidated_reporting"} */

    SELECT index_name
    FROM duckdb_indexes()
    WHERE schema_name = 'main'
      AND table_name = 'mart_consolidated_reporting'
  
[0m19:32:18.950114 [debug] [Thread-4 (]: SQL status: OK in 0.001 seconds
[0m19:32:18.950687 [debug] [Thread-4 (]: Using duckdb connection "model.financial_twin.mart_forecast_input"
[0m19:32:18.950848 [debug] [Thread-4 (]: On model.financial_twin.mart_forecast_input: /* {"app": "dbt", "dbt_version": "1.8.0", "profile_name": "financial_twin", "target_name": "dev", "node_id": "model.financial_twin.mart_forecast_input"} */

    SELECT COUNT(*) as remaining_indexes
    FROM duckdb_indexes()
    WHERE schema_name = 'main'
      AND table_name = 'mart_forecast_input'
  
[0m19:32:18.951051 [debug] [Thread-1 (]: SQL status: OK in 0.001 seconds
[0m19:32:18.951626 [debug] [Thread-1 (]: Using duckdb connection "model.financial_twin.mart_consolidated_reporting"
[0m19:32:18.951823 [debug] [Thread-1 (]: On model.financial_twin.mart_consolidated_reporting: /* {"app": "dbt", "dbt_version": "1.8.0", "profile_name": "financial_twin", "target_name": "dev", "node_id": "model.financial_twin.mart_consolidated_reporting"} */

    SELECT COUNT(*) as remaining_indexes
    FROM duckdb_indexes()
    WHERE schema_name = 'main'
      AND table_name = 'mart_consolidated_reporting'
  
[0m19:32:18.951979 [debug] [Thread-4 (]: SQL status: OK in 0.001 seconds
[0m19:32:18.953773 [debug] [Thread-4 (]: Using duckdb connection "model.financial_twin.mart_forecast_input"
[0m19:32:18.953982 [debug] [Thread-4 (]: On model.financial_twin.mart_forecast_input: /* {"app": "dbt", "dbt_version": "1.8.0", "profile_name": "financial_twin", "target_name": "dev", "node_id": "model.financial_twin.mart_forecast_input"} */
alter table "financial_model"."main"."mart_forecast_input" rename to "mart_forecast_input__dbt_backup"
[0m19:32:18.954147 [debug] [Thread-1 (]: SQL status: OK in 0.002 seconds
[0m19:32:18.956568 [debug] [Thread-1 (]: Using duckdb connection "model.financial_twin.mart_consolidated_reporting"
[0m19:32:18.956756 [debug] [Thread-4 (]: SQL status: OK in 0.002 seconds
[0m19:32:18.956916 [debug] [Thread-1 (]: On model.financial_twin.mart_consolidated_reporting: /* {"app": "dbt", "dbt_version": "1.8.0", "profile_name": "financial_twin", "target_name": "dev", "node_id": "model.financial_twin.mart_consolidated_reporting"} */
alter table "financial_model"."main"."mart_consolidated_reporting" rename to "mart_consolidated_reporting__dbt_backup"
[0m19:32:18.958226 [debug] [Thread-4 (]: Using duckdb connection "model.financial_twin.mart_forecast_input"
[0m19:32:18.958464 [debug] [Thread-4 (]: On model.financial_twin.mart_forecast_input: /* {"app": "dbt", "dbt_version": "1.8.0", "profile_name": "financial_twin", "target_name": "dev", "node_id": "model.financial_twin.mart_forecast_input"} */
alter table "financial_model"."main"."mart_forecast_input__dbt_tmp" rename to "mart_forecast_input"
[0m19:32:18.958673 [debug] [Thread-1 (]: SQL status: OK in 0.000 seconds
[0m19:32:18.959913 [debug] [Thread-1 (]: Using duckdb connection "model.financial_twin.mart_consolidated_reporting"
[0m19:32:18.960086 [debug] [Thread-1 (]: On model.financial_twin.mart_consolidated_reporting: /* {"app": "dbt", "dbt_version": "1.8.0", "profile_name": "financial_twin", "target_name": "dev", "node_id": "model.financial_twin.mart_consolidated_reporting"} */
alter table "financial_model"."main"."mart_consolidated_reporting__dbt_tmp" rename to "mart_consolidated_reporting"
[0m19:32:18.960342 [debug] [Thread-4 (]: SQL status: OK in 0.002 seconds
[0m19:32:18.961057 [debug] [Thread-4 (]: On model.financial_twin.mart_forecast_input: COMMIT
[0m19:32:18.961215 [debug] [Thread-4 (]: Using duckdb connection "model.financial_twin.mart_forecast_input"
[0m19:32:18.961361 [debug] [Thread-4 (]: On model.financial_twin.mart_forecast_input: COMMIT
[0m19:32:18.961551 [debug] [Thread-1 (]: SQL status: OK in 0.001 seconds
[0m19:32:18.962309 [debug] [Thread-1 (]: On model.financial_twin.mart_consolidated_reporting: COMMIT
[0m19:32:18.962482 [debug] [Thread-1 (]: Using duckdb connection "model.financial_twin.mart_consolidated_reporting"
[0m19:32:18.962640 [debug] [Thread-1 (]: On model.financial_twin.mart_consolidated_reporting: COMMIT
[0m19:32:18.962785 [debug] [Thread-4 (]: SQL status: OK in 0.001 seconds
[0m19:32:18.964135 [debug] [Thread-4 (]: Using duckdb connection "model.financial_twin.mart_forecast_input"
[0m19:32:18.964307 [debug] [Thread-4 (]: On model.financial_twin.mart_forecast_input: /* {"app": "dbt", "dbt_version": "1.8.0", "profile_name": "financial_twin", "target_name": "dev", "node_id": "model.financial_twin.mart_forecast_input"} */

      drop table if exists "financial_model"."main"."mart_forecast_input__dbt_backup" cascade
    
[0m19:32:18.964526 [debug] [Thread-1 (]: SQL status: OK in 0.002 seconds
[0m19:32:18.965632 [debug] [Thread-1 (]: Using duckdb connection "model.financial_twin.mart_consolidated_reporting"
[0m19:32:18.965802 [debug] [Thread-1 (]: On model.financial_twin.mart_consolidated_reporting: /* {"app": "dbt", "dbt_version": "1.8.0", "profile_name": "financial_twin", "target_name": "dev", "node_id": "model.financial_twin.mart_consolidated_reporting"} */

      drop table if exists "financial_model"."main"."mart_consolidated_reporting__dbt_backup" cascade
    
[0m19:32:18.965949 [debug] [Thread-4 (]: SQL status: OK in 0.001 seconds
[0m19:32:18.966596 [debug] [Thread-4 (]: On model.financial_twin.mart_forecast_input: Close
[0m19:32:18.966847 [debug] [Thread-4 (]: Sending event: {'category': 'dbt', 'action': 'run_model', 'label': '86536af6-8599-48f8-a9d1-c3b840be9293', 'context': [<snowplow_tracker.self_describing_json.SelfDescribingJson object at 0x107ceadd0>]}
[0m19:32:18.967012 [debug] [Thread-1 (]: SQL status: OK in 0.001 seconds
[0m19:32:18.967298 [info ] [Thread-4 (]: 7 of 7 OK created sql table model main.mart_forecast_input ..................... [[32mOK[0m in 0.03s]
[0m19:32:18.967918 [debug] [Thread-1 (]: On model.financial_twin.mart_consolidated_reporting: Close
[0m19:32:18.968182 [debug] [Thread-4 (]: Finished running node model.financial_twin.mart_forecast_input
[0m19:32:18.968482 [debug] [Thread-1 (]: Sending event: {'category': 'dbt', 'action': 'run_model', 'label': '86536af6-8599-48f8-a9d1-c3b840be9293', 'context': [<snowplow_tracker.self_describing_json.SelfDescribingJson object at 0x106720690>]}
[0m19:32:18.968845 [info ] [Thread-1 (]: 6 of 7 OK created sql table model main.mart_consolidated_reporting ............. [[32mOK[0m in 0.03s]
[0m19:32:18.969102 [debug] [Thread-1 (]: Finished running node model.financial_twin.mart_consolidated_reporting
[0m19:32:18.970013 [debug] [MainThread]: Using duckdb connection "master"
[0m19:32:18.970199 [debug] [MainThread]: On master: BEGIN
[0m19:32:18.970331 [debug] [MainThread]: Opening a new connection, currently in state closed
[0m19:32:18.970685 [debug] [MainThread]: SQL status: OK in 0.000 seconds
[0m19:32:18.970827 [debug] [MainThread]: On master: COMMIT
[0m19:32:18.971338 [debug] [MainThread]: Using duckdb connection "master"
[0m19:32:18.971482 [debug] [MainThread]: On master: COMMIT
[0m19:32:18.971767 [debug] [MainThread]: SQL status: OK in 0.000 seconds
[0m19:32:18.971914 [debug] [MainThread]: On master: Close
[0m19:32:18.972236 [debug] [MainThread]: Connection 'master' was properly closed.
[0m19:32:18.972505 [debug] [MainThread]: Connection 'model.financial_twin.mart_consolidated_reporting' was properly closed.
[0m19:32:18.972628 [debug] [MainThread]: Connection 'model.financial_twin.stg_customers' was properly closed.
[0m19:32:18.972744 [debug] [MainThread]: Connection 'model.financial_twin.mart_finance_monthly' was properly closed.
[0m19:32:18.972855 [debug] [MainThread]: Connection 'model.financial_twin.mart_forecast_input' was properly closed.
[0m19:32:18.973377 [info ] [MainThread]: 
[0m19:32:18.973611 [info ] [MainThread]: Finished running 3 view models, 4 table models in 0 hours 0 minutes and 0.32 seconds (0.32s).
[0m19:32:18.974326 [debug] [MainThread]: Command end result
[0m19:32:18.990217 [info ] [MainThread]: 
[0m19:32:18.990502 [info ] [MainThread]: [32mCompleted successfully[0m
[0m19:32:18.990659 [info ] [MainThread]: 
[0m19:32:18.990815 [info ] [MainThread]: Done. PASS=7 WARN=0 ERROR=0 SKIP=0 TOTAL=7
[0m19:32:18.992243 [debug] [MainThread]: Resource report: {"command_name": "run", "command_success": true, "command_wall_clock_time": 0.67779005, "process_user_time": 1.132948, "process_kernel_time": 0.186758, "process_mem_max_rss": "166821888", "process_in_blocks": "0", "process_out_blocks": "0"}
[0m19:32:18.992543 [debug] [MainThread]: Command `dbt run` succeeded at 19:32:18.992500 after 0.68 seconds
[0m19:32:18.992747 [debug] [MainThread]: Sending event: {'category': 'dbt', 'action': 'invocation', 'label': 'end', 'context': [<snowplow_tracker.self_describing_json.SelfDescribingJson object at 0x10304f190>, <snowplow_tracker.self_describing_json.SelfDescribingJson object at 0x1067b4a90>, <snowplow_tracker.self_describing_json.SelfDescribingJson object at 0x1076e6f50>]}
[0m19:32:18.992916 [debug] [MainThread]: Flushing usage events
[0m19:33:36.179188 [debug] [MainThread]: Sending event: {'category': 'dbt', 'action': 'invocation', 'label': 'start', 'context': [<snowplow_tracker.self_describing_json.SelfDescribingJson object at 0x11072b1d0>, <snowplow_tracker.self_describing_json.SelfDescribingJson object at 0x11072ca10>, <snowplow_tracker.self_describing_json.SelfDescribingJson object at 0x11074ebd0>]}


============================== 19:33:36.181958 | efdc3fd4-3d0e-4660-86e9-ad484aa7613a ==============================
[0m19:33:36.181958 [info ] [MainThread]: Running with dbt=1.8.0
[0m19:33:36.182283 [debug] [MainThread]: running dbt with arguments {'printer_width': '80', 'indirect_selection': 'eager', 'write_json': 'True', 'log_cache_events': 'False', 'partial_parse': 'True', 'cache_selected_only': 'False', 'warn_error': 'None', 'version_check': 'True', 'debug': 'False', 'log_path': '/Users/admin/Desktop/Portfolio/dbt_financial/logs', 'fail_fast': 'False', 'profiles_dir': '.', 'use_colors': 'True', 'use_experimental_parser': 'False', 'no_print': 'None', 'quiet': 'False', 'warn_error_options': 'WarnErrorOptions(include=[], exclude=[])', 'introspect': 'True', 'log_format': 'default', 'invocation_command': 'dbt run --profiles-dir .', 'target_path': 'None', 'static_parser': 'True', 'send_anonymous_usage_stats': 'True'}
[0m19:33:36.297509 [debug] [MainThread]: Sending event: {'category': 'dbt', 'action': 'project_id', 'label': 'efdc3fd4-3d0e-4660-86e9-ad484aa7613a', 'context': [<snowplow_tracker.self_describing_json.SelfDescribingJson object at 0x110757950>]}
[0m19:33:36.320518 [debug] [MainThread]: Sending event: {'category': 'dbt', 'action': 'adapter_info', 'label': 'efdc3fd4-3d0e-4660-86e9-ad484aa7613a', 'context': [<snowplow_tracker.self_describing_json.SelfDescribingJson object at 0x105d97750>]}
[0m19:33:36.322144 [info ] [MainThread]: Registered adapter: duckdb=1.10.0
[0m19:33:36.386194 [debug] [MainThread]: checksum: dbb12d416fdb55e3665e4828703bbedf40c5c90ed7ca6ff39bbbfb29b12b0a92, vars: {}, profile: , target: , version: 1.8.0
[0m19:33:36.439610 [debug] [MainThread]: Partial parsing enabled: 0 files deleted, 0 files added, 1 files changed.
[0m19:33:36.440131 [debug] [MainThread]: Partial parsing: updated file: financial_twin://models/silver/int_subscription_months.sql
[0m19:33:36.539461 [debug] [MainThread]: Sending event: {'category': 'dbt', 'action': 'load_project', 'label': 'efdc3fd4-3d0e-4660-86e9-ad484aa7613a', 'context': [<snowplow_tracker.self_describing_json.SelfDescribingJson object at 0x111067910>]}
[0m19:33:36.579583 [debug] [MainThread]: Sending event: {'category': 'dbt', 'action': 'resource_counts', 'label': 'efdc3fd4-3d0e-4660-86e9-ad484aa7613a', 'context': [<snowplow_tracker.self_describing_json.SelfDescribingJson object at 0x111137dd0>]}
[0m19:33:36.579891 [info ] [MainThread]: Found 7 models, 5 sources, 438 macros
[0m19:33:36.580066 [debug] [MainThread]: Sending event: {'category': 'dbt', 'action': 'runnable_timing', 'label': 'efdc3fd4-3d0e-4660-86e9-ad484aa7613a', 'context': [<snowplow_tracker.self_describing_json.SelfDescribingJson object at 0x110f1c650>]}
[0m19:33:36.580990 [info ] [MainThread]: 
[0m19:33:36.581273 [debug] [MainThread]: Acquiring new duckdb connection 'master'
[0m19:33:36.583522 [debug] [ThreadPool]: Acquiring new duckdb connection 'list_financial_model'
[0m19:33:36.608598 [debug] [ThreadPool]: Using duckdb connection "list_financial_model"
[0m19:33:36.608849 [debug] [ThreadPool]: On list_financial_model: /* {"app": "dbt", "dbt_version": "1.8.0", "profile_name": "financial_twin", "target_name": "dev", "connection_name": "list_financial_model"} */

    
    select schema_name
    from system.information_schema.schemata
    
    where lower(catalog_name) = '"financial_model"'
    
  
  
[0m19:33:36.609000 [debug] [ThreadPool]: Opening a new connection, currently in state init
[0m19:33:36.617703 [debug] [ThreadPool]: SQL status: OK in 0.009 seconds
[0m19:33:36.618349 [debug] [ThreadPool]: On list_financial_model: Close
[0m19:33:36.618684 [debug] [ThreadPool]: Re-using an available connection from the pool (formerly list_financial_model, now create_financial_model_main)
[0m19:33:36.618918 [debug] [ThreadPool]: Creating schema "database: "financial_model"
schema: "main"
"
[0m19:33:36.622605 [debug] [ThreadPool]: Using duckdb connection "create_financial_model_main"
[0m19:33:36.622840 [debug] [ThreadPool]: On create_financial_model_main: /* {"app": "dbt", "dbt_version": "1.8.0", "profile_name": "financial_twin", "target_name": "dev", "connection_name": "create_financial_model_main"} */

    
        select type from duckdb_databases()
        where lower(database_name)='financial_model'
        and type='sqlite'
    
  
[0m19:33:36.622975 [debug] [ThreadPool]: Opening a new connection, currently in state closed
[0m19:33:36.623542 [debug] [ThreadPool]: SQL status: OK in 0.001 seconds
[0m19:33:36.624167 [debug] [ThreadPool]: Using duckdb connection "create_financial_model_main"
[0m19:33:36.624297 [debug] [ThreadPool]: On create_financial_model_main: BEGIN
[0m19:33:36.624514 [debug] [ThreadPool]: SQL status: OK in 0.000 seconds
[0m19:33:36.624639 [debug] [ThreadPool]: Using duckdb connection "create_financial_model_main"
[0m19:33:36.624767 [debug] [ThreadPool]: On create_financial_model_main: /* {"app": "dbt", "dbt_version": "1.8.0", "profile_name": "financial_twin", "target_name": "dev", "connection_name": "create_financial_model_main"} */

    
    
        create schema if not exists "financial_model"."main"
    
[0m19:33:36.625003 [debug] [ThreadPool]: SQL status: OK in 0.000 seconds
[0m19:33:36.625344 [debug] [ThreadPool]: On create_financial_model_main: COMMIT
[0m19:33:36.625469 [debug] [ThreadPool]: Using duckdb connection "create_financial_model_main"
[0m19:33:36.625585 [debug] [ThreadPool]: On create_financial_model_main: COMMIT
[0m19:33:36.625783 [debug] [ThreadPool]: SQL status: OK in 0.000 seconds
[0m19:33:36.625906 [debug] [ThreadPool]: On create_financial_model_main: Close
[0m19:33:36.626570 [debug] [ThreadPool]: Re-using an available connection from the pool (formerly create_financial_model_main, now list_financial_model_main)
[0m19:33:36.629183 [debug] [ThreadPool]: Using duckdb connection "list_financial_model_main"
[0m19:33:36.629372 [debug] [ThreadPool]: On list_financial_model_main: BEGIN
[0m19:33:36.629518 [debug] [ThreadPool]: Opening a new connection, currently in state closed
[0m19:33:36.629774 [debug] [ThreadPool]: SQL status: OK in 0.000 seconds
[0m19:33:36.629899 [debug] [ThreadPool]: Using duckdb connection "list_financial_model_main"
[0m19:33:36.630028 [debug] [ThreadPool]: On list_financial_model_main: /* {"app": "dbt", "dbt_version": "1.8.0", "profile_name": "financial_twin", "target_name": "dev", "connection_name": "list_financial_model_main"} */
select
      'financial_model' as database,
      table_name as name,
      table_schema as schema,
      CASE table_type
        WHEN 'BASE TABLE' THEN 'table'
        WHEN 'VIEW' THEN 'view'
        WHEN 'LOCAL TEMPORARY' THEN 'table'
        END as type
    from system.information_schema.tables
    where lower(table_schema) = 'main'
    and lower(table_catalog) = 'financial_model'
  
[0m19:33:36.637269 [debug] [ThreadPool]: SQL status: OK in 0.007 seconds
[0m19:33:36.638066 [debug] [ThreadPool]: On list_financial_model_main: ROLLBACK
[0m19:33:36.638891 [debug] [ThreadPool]: Failed to rollback 'list_financial_model_main'
[0m19:33:36.639048 [debug] [ThreadPool]: On list_financial_model_main: Close
[0m19:33:36.640174 [debug] [MainThread]: Sending event: {'category': 'dbt', 'action': 'runnable_timing', 'label': 'efdc3fd4-3d0e-4660-86e9-ad484aa7613a', 'context': [<snowplow_tracker.self_describing_json.SelfDescribingJson object at 0x111080150>]}
[0m19:33:36.640377 [debug] [MainThread]: Using duckdb connection "master"
[0m19:33:36.640509 [debug] [MainThread]: On master: BEGIN
[0m19:33:36.640627 [debug] [MainThread]: Opening a new connection, currently in state init
[0m19:33:36.640915 [debug] [MainThread]: SQL status: OK in 0.000 seconds
[0m19:33:36.641050 [debug] [MainThread]: On master: COMMIT
[0m19:33:36.641171 [debug] [MainThread]: Using duckdb connection "master"
[0m19:33:36.641288 [debug] [MainThread]: On master: COMMIT
[0m19:33:36.641485 [debug] [MainThread]: SQL status: OK in 0.000 seconds
[0m19:33:36.641612 [debug] [MainThread]: On master: Close
[0m19:33:36.641800 [info ] [MainThread]: Concurrency: 4 threads (target='dev')
[0m19:33:36.641950 [info ] [MainThread]: 
[0m19:33:36.643169 [debug] [Thread-1 (]: Began running node model.financial_twin.stg_budget
[0m19:33:36.643343 [debug] [Thread-2 (]: Began running node model.financial_twin.stg_customers
[0m19:33:36.643512 [debug] [Thread-3 (]: Began running node model.financial_twin.stg_subscriptions
[0m19:33:36.643748 [info ] [Thread-1 (]: 1 of 7 START sql view model main.stg_budget .................................... [RUN]
[0m19:33:36.643978 [info ] [Thread-2 (]: 2 of 7 START sql view model main.stg_customers ................................. [RUN]
[0m19:33:36.644194 [info ] [Thread-3 (]: 3 of 7 START sql view model main.stg_subscriptions ............................. [RUN]
[0m19:33:36.644394 [debug] [Thread-1 (]: Re-using an available connection from the pool (formerly list_financial_model_main, now model.financial_twin.stg_budget)
[0m19:33:36.644609 [debug] [Thread-2 (]: Acquiring new duckdb connection 'model.financial_twin.stg_customers'
[0m19:33:36.644807 [debug] [Thread-3 (]: Acquiring new duckdb connection 'model.financial_twin.stg_subscriptions'
[0m19:33:36.644962 [debug] [Thread-1 (]: Began compiling node model.financial_twin.stg_budget
[0m19:33:36.645116 [debug] [Thread-2 (]: Began compiling node model.financial_twin.stg_customers
[0m19:33:36.645261 [debug] [Thread-3 (]: Began compiling node model.financial_twin.stg_subscriptions
[0m19:33:36.649143 [debug] [Thread-1 (]: Writing injected SQL for node "model.financial_twin.stg_budget"
[0m19:33:36.650362 [debug] [Thread-2 (]: Writing injected SQL for node "model.financial_twin.stg_customers"
[0m19:33:36.651553 [debug] [Thread-3 (]: Writing injected SQL for node "model.financial_twin.stg_subscriptions"
[0m19:33:36.651976 [debug] [Thread-2 (]: Began executing node model.financial_twin.stg_customers
[0m19:33:36.652154 [debug] [Thread-3 (]: Began executing node model.financial_twin.stg_subscriptions
[0m19:33:36.652314 [debug] [Thread-1 (]: Began executing node model.financial_twin.stg_budget
[0m19:33:36.700209 [debug] [Thread-2 (]: Writing runtime sql for node "model.financial_twin.stg_customers"
[0m19:33:36.702015 [debug] [Thread-3 (]: Writing runtime sql for node "model.financial_twin.stg_subscriptions"
[0m19:33:36.703925 [debug] [Thread-1 (]: Writing runtime sql for node "model.financial_twin.stg_budget"
[0m19:33:36.704491 [debug] [Thread-3 (]: Using duckdb connection "model.financial_twin.stg_subscriptions"
[0m19:33:36.704672 [debug] [Thread-3 (]: On model.financial_twin.stg_subscriptions: BEGIN
[0m19:33:36.704844 [debug] [Thread-2 (]: Using duckdb connection "model.financial_twin.stg_customers"
[0m19:33:36.705003 [debug] [Thread-1 (]: Using duckdb connection "model.financial_twin.stg_budget"
[0m19:33:36.705160 [debug] [Thread-3 (]: Opening a new connection, currently in state init
[0m19:33:36.705313 [debug] [Thread-2 (]: On model.financial_twin.stg_customers: BEGIN
[0m19:33:36.705456 [debug] [Thread-1 (]: On model.financial_twin.stg_budget: BEGIN
[0m19:33:36.705771 [debug] [Thread-2 (]: Opening a new connection, currently in state init
[0m19:33:36.705963 [debug] [Thread-1 (]: Opening a new connection, currently in state closed
[0m19:33:36.706154 [debug] [Thread-3 (]: SQL status: OK in 0.001 seconds
[0m19:33:36.706460 [debug] [Thread-2 (]: SQL status: OK in 0.001 seconds
[0m19:33:36.706627 [debug] [Thread-3 (]: Using duckdb connection "model.financial_twin.stg_subscriptions"
[0m19:33:36.706793 [debug] [Thread-1 (]: SQL status: OK in 0.001 seconds
[0m19:33:36.706939 [debug] [Thread-2 (]: Using duckdb connection "model.financial_twin.stg_customers"
[0m19:33:36.707103 [debug] [Thread-3 (]: On model.financial_twin.stg_subscriptions: /* {"app": "dbt", "dbt_version": "1.8.0", "profile_name": "financial_twin", "target_name": "dev", "node_id": "model.financial_twin.stg_subscriptions"} */

  
  create view "financial_model"."main"."stg_subscriptions__dbt_tmp" as (
    with source as (
    select * from "financial_model"."main"."raw_subscriptions"
)
select
    subscription_id,
    customer_id,
    start_date::date as start_date,
    end_date::date as end_date,
    mrr,
    currency
from source
  );

[0m19:33:36.707263 [debug] [Thread-1 (]: Using duckdb connection "model.financial_twin.stg_budget"
[0m19:33:36.707420 [debug] [Thread-2 (]: On model.financial_twin.stg_customers: /* {"app": "dbt", "dbt_version": "1.8.0", "profile_name": "financial_twin", "target_name": "dev", "node_id": "model.financial_twin.stg_customers"} */

  
  create view "financial_model"."main"."stg_customers__dbt_tmp" as (
    with source as (
    select * from "financial_model"."main"."raw_customers"
)
select
    customer_id,
    acquisition_date::date as acquisition_date,
    segment
from source
  );

[0m19:33:36.707706 [debug] [Thread-1 (]: On model.financial_twin.stg_budget: /* {"app": "dbt", "dbt_version": "1.8.0", "profile_name": "financial_twin", "target_name": "dev", "node_id": "model.financial_twin.stg_budget"} */

  
  create view "financial_model"."main"."stg_budget__dbt_tmp" as (
    with source as (
    select * from "financial_model"."main"."fct_budget_monthly"
)
select
    scenario_id,
    month_end::date as month_end,
    fiscal_year,
    budget_mrr,
    budget_customers,
    budget_arr,
    ev_multiple
from source
  );

[0m19:33:36.707943 [debug] [Thread-3 (]: SQL status: OK in 0.000 seconds
[0m19:33:36.708115 [debug] [Thread-2 (]: SQL status: OK in 0.000 seconds
[0m19:33:36.711337 [debug] [Thread-3 (]: Using duckdb connection "model.financial_twin.stg_subscriptions"
[0m19:33:36.712883 [debug] [Thread-2 (]: Using duckdb connection "model.financial_twin.stg_customers"
[0m19:33:36.713032 [debug] [Thread-1 (]: SQL status: OK in 0.005 seconds
[0m19:33:36.713209 [debug] [Thread-3 (]: On model.financial_twin.stg_subscriptions: /* {"app": "dbt", "dbt_version": "1.8.0", "profile_name": "financial_twin", "target_name": "dev", "node_id": "model.financial_twin.stg_subscriptions"} */
alter view "financial_model"."main"."stg_subscriptions" rename to "stg_subscriptions__dbt_backup"
[0m19:33:36.713400 [debug] [Thread-2 (]: On model.financial_twin.stg_customers: /* {"app": "dbt", "dbt_version": "1.8.0", "profile_name": "financial_twin", "target_name": "dev", "node_id": "model.financial_twin.stg_customers"} */
alter view "financial_model"."main"."stg_customers" rename to "stg_customers__dbt_backup"
[0m19:33:36.714776 [debug] [Thread-1 (]: Using duckdb connection "model.financial_twin.stg_budget"
[0m19:33:36.715122 [debug] [Thread-1 (]: On model.financial_twin.stg_budget: /* {"app": "dbt", "dbt_version": "1.8.0", "profile_name": "financial_twin", "target_name": "dev", "node_id": "model.financial_twin.stg_budget"} */
alter view "financial_model"."main"."stg_budget" rename to "stg_budget__dbt_backup"
[0m19:33:36.715338 [debug] [Thread-2 (]: SQL status: OK in 0.000 seconds
[0m19:33:36.715485 [debug] [Thread-3 (]: SQL status: OK in 0.001 seconds
[0m19:33:36.715665 [debug] [Thread-1 (]: SQL status: OK in 0.000 seconds
[0m19:33:36.716893 [debug] [Thread-2 (]: Using duckdb connection "model.financial_twin.stg_customers"
[0m19:33:36.718243 [debug] [Thread-3 (]: Using duckdb connection "model.financial_twin.stg_subscriptions"
[0m19:33:36.719734 [debug] [Thread-1 (]: Using duckdb connection "model.financial_twin.stg_budget"
[0m19:33:36.719941 [debug] [Thread-2 (]: On model.financial_twin.stg_customers: /* {"app": "dbt", "dbt_version": "1.8.0", "profile_name": "financial_twin", "target_name": "dev", "node_id": "model.financial_twin.stg_customers"} */
alter view "financial_model"."main"."stg_customers__dbt_tmp" rename to "stg_customers"
[0m19:33:36.720108 [debug] [Thread-3 (]: On model.financial_twin.stg_subscriptions: /* {"app": "dbt", "dbt_version": "1.8.0", "profile_name": "financial_twin", "target_name": "dev", "node_id": "model.financial_twin.stg_subscriptions"} */
alter view "financial_model"."main"."stg_subscriptions__dbt_tmp" rename to "stg_subscriptions"
[0m19:33:36.720267 [debug] [Thread-1 (]: On model.financial_twin.stg_budget: /* {"app": "dbt", "dbt_version": "1.8.0", "profile_name": "financial_twin", "target_name": "dev", "node_id": "model.financial_twin.stg_budget"} */
alter view "financial_model"."main"."stg_budget__dbt_tmp" rename to "stg_budget"
[0m19:33:36.720808 [debug] [Thread-2 (]: SQL status: OK in 0.000 seconds
[0m19:33:36.726742 [debug] [Thread-2 (]: On model.financial_twin.stg_customers: COMMIT
[0m19:33:36.727058 [debug] [Thread-3 (]: SQL status: OK in 0.006 seconds
[0m19:33:36.727229 [debug] [Thread-2 (]: Using duckdb connection "model.financial_twin.stg_customers"
[0m19:33:36.727368 [debug] [Thread-1 (]: SQL status: OK in 0.007 seconds
[0m19:33:36.728128 [debug] [Thread-3 (]: On model.financial_twin.stg_subscriptions: COMMIT
[0m19:33:36.728313 [debug] [Thread-2 (]: On model.financial_twin.stg_customers: COMMIT
[0m19:33:36.728998 [debug] [Thread-1 (]: On model.financial_twin.stg_budget: COMMIT
[0m19:33:36.729182 [debug] [Thread-3 (]: Using duckdb connection "model.financial_twin.stg_subscriptions"
[0m19:33:36.729468 [debug] [Thread-1 (]: Using duckdb connection "model.financial_twin.stg_budget"
[0m19:33:36.729784 [debug] [Thread-3 (]: On model.financial_twin.stg_subscriptions: COMMIT
[0m19:33:36.729967 [debug] [Thread-1 (]: On model.financial_twin.stg_budget: COMMIT
[0m19:33:36.730127 [debug] [Thread-2 (]: SQL status: OK in 0.001 seconds
[0m19:33:36.734066 [debug] [Thread-2 (]: Using duckdb connection "model.financial_twin.stg_customers"
[0m19:33:36.734356 [debug] [Thread-2 (]: On model.financial_twin.stg_customers: /* {"app": "dbt", "dbt_version": "1.8.0", "profile_name": "financial_twin", "target_name": "dev", "node_id": "model.financial_twin.stg_customers"} */

      drop view if exists "financial_model"."main"."stg_customers__dbt_backup" cascade
    
[0m19:33:36.734536 [debug] [Thread-3 (]: SQL status: OK in 0.004 seconds
[0m19:33:36.734707 [debug] [Thread-1 (]: SQL status: OK in 0.004 seconds
[0m19:33:36.737124 [debug] [Thread-3 (]: Using duckdb connection "model.financial_twin.stg_subscriptions"
[0m19:33:36.738342 [debug] [Thread-1 (]: Using duckdb connection "model.financial_twin.stg_budget"
[0m19:33:36.738554 [debug] [Thread-2 (]: SQL status: OK in 0.004 seconds
[0m19:33:36.738723 [debug] [Thread-3 (]: On model.financial_twin.stg_subscriptions: /* {"app": "dbt", "dbt_version": "1.8.0", "profile_name": "financial_twin", "target_name": "dev", "node_id": "model.financial_twin.stg_subscriptions"} */

      drop view if exists "financial_model"."main"."stg_subscriptions__dbt_backup" cascade
    
[0m19:33:36.738907 [debug] [Thread-1 (]: On model.financial_twin.stg_budget: /* {"app": "dbt", "dbt_version": "1.8.0", "profile_name": "financial_twin", "target_name": "dev", "node_id": "model.financial_twin.stg_budget"} */

      drop view if exists "financial_model"."main"."stg_budget__dbt_backup" cascade
    
[0m19:33:36.740260 [debug] [Thread-2 (]: On model.financial_twin.stg_customers: Close
[0m19:33:36.741796 [debug] [Thread-3 (]: SQL status: OK in 0.001 seconds
[0m19:33:36.742083 [debug] [Thread-1 (]: SQL status: OK in 0.001 seconds
[0m19:33:36.742543 [debug] [Thread-2 (]: Sending event: {'category': 'dbt', 'action': 'run_model', 'label': 'efdc3fd4-3d0e-4660-86e9-ad484aa7613a', 'context': [<snowplow_tracker.self_describing_json.SelfDescribingJson object at 0x111542e50>]}
[0m19:33:36.743268 [debug] [Thread-3 (]: On model.financial_twin.stg_subscriptions: Close
[0m19:33:36.743799 [debug] [Thread-1 (]: On model.financial_twin.stg_budget: Close
[0m19:33:36.744131 [info ] [Thread-2 (]: 2 of 7 OK created sql view model main.stg_customers ............................ [[32mOK[0m in 0.10s]
[0m19:33:36.744418 [debug] [Thread-3 (]: Sending event: {'category': 'dbt', 'action': 'run_model', 'label': 'efdc3fd4-3d0e-4660-86e9-ad484aa7613a', 'context': [<snowplow_tracker.self_describing_json.SelfDescribingJson object at 0x1111cc210>]}
[0m19:33:36.744666 [debug] [Thread-1 (]: Sending event: {'category': 'dbt', 'action': 'run_model', 'label': 'efdc3fd4-3d0e-4660-86e9-ad484aa7613a', 'context': [<snowplow_tracker.self_describing_json.SelfDescribingJson object at 0x11152efd0>]}
[0m19:33:36.744921 [debug] [Thread-2 (]: Finished running node model.financial_twin.stg_customers
[0m19:33:36.745181 [info ] [Thread-3 (]: 3 of 7 OK created sql view model main.stg_subscriptions ........................ [[32mOK[0m in 0.10s]
[0m19:33:36.745441 [info ] [Thread-1 (]: 1 of 7 OK created sql view model main.stg_budget ............................... [[32mOK[0m in 0.10s]
[0m19:33:36.745768 [debug] [Thread-3 (]: Finished running node model.financial_twin.stg_subscriptions
[0m19:33:36.745994 [debug] [Thread-1 (]: Finished running node model.financial_twin.stg_budget
[0m19:33:36.746274 [debug] [Thread-4 (]: Began running node model.financial_twin.int_subscription_months
[0m19:33:36.746523 [info ] [Thread-4 (]: 4 of 7 START sql table model main.int_subscription_months ...................... [RUN]
[0m19:33:36.746758 [debug] [Thread-4 (]: Acquiring new duckdb connection 'model.financial_twin.int_subscription_months'
[0m19:33:36.746914 [debug] [Thread-4 (]: Began compiling node model.financial_twin.int_subscription_months
[0m19:33:36.748499 [debug] [Thread-4 (]: Writing injected SQL for node "model.financial_twin.int_subscription_months"
[0m19:33:36.748867 [debug] [Thread-4 (]: Began executing node model.financial_twin.int_subscription_months
[0m19:33:36.759397 [debug] [Thread-4 (]: Writing runtime sql for node "model.financial_twin.int_subscription_months"
[0m19:33:36.759859 [debug] [Thread-4 (]: Using duckdb connection "model.financial_twin.int_subscription_months"
[0m19:33:36.760100 [debug] [Thread-4 (]: On model.financial_twin.int_subscription_months: BEGIN
[0m19:33:36.760282 [debug] [Thread-4 (]: Opening a new connection, currently in state init
[0m19:33:36.760706 [debug] [Thread-4 (]: SQL status: OK in 0.000 seconds
[0m19:33:36.760890 [debug] [Thread-4 (]: Using duckdb connection "model.financial_twin.int_subscription_months"
[0m19:33:36.761069 [debug] [Thread-4 (]: On model.financial_twin.int_subscription_months: /* {"app": "dbt", "dbt_version": "1.8.0", "profile_name": "financial_twin", "target_name": "dev", "node_id": "model.financial_twin.int_subscription_months"} */

  
    
    

    create  table
      "financial_model"."main"."int_subscription_months__dbt_tmp"
  
    as (
      with calendar as (
    select distinct month_end from "financial_model"."main"."dim_calendar"
    where month_end = date_trunc('month', month_end) + interval '1 month' - interval '1 day'
),
subs as (
    select * from "financial_model"."main"."stg_subscriptions"
)
select
    c.month_end,
    s.subscription_id,
    s.customer_id,
    s.mrr,
    s.currency
from calendar c
cross join subs s
where s.start_date <= c.month_end
  and (s.end_date is null or s.end_date > c.month_end)
    );
  
  
[0m19:33:36.763495 [debug] [Thread-4 (]: SQL status: OK in 0.002 seconds
[0m19:33:36.766217 [debug] [Thread-4 (]: Using duckdb connection "model.financial_twin.int_subscription_months"
[0m19:33:36.766429 [debug] [Thread-4 (]: On model.financial_twin.int_subscription_months: /* {"app": "dbt", "dbt_version": "1.8.0", "profile_name": "financial_twin", "target_name": "dev", "node_id": "model.financial_twin.int_subscription_months"} */

    SELECT index_name
    FROM duckdb_indexes()
    WHERE schema_name = 'main'
      AND table_name = 'int_subscription_months'
  
[0m19:33:36.766891 [debug] [Thread-4 (]: SQL status: OK in 0.000 seconds
[0m19:33:36.767448 [debug] [Thread-4 (]: Using duckdb connection "model.financial_twin.int_subscription_months"
[0m19:33:36.767609 [debug] [Thread-4 (]: On model.financial_twin.int_subscription_months: /* {"app": "dbt", "dbt_version": "1.8.0", "profile_name": "financial_twin", "target_name": "dev", "node_id": "model.financial_twin.int_subscription_months"} */

    SELECT COUNT(*) as remaining_indexes
    FROM duckdb_indexes()
    WHERE schema_name = 'main'
      AND table_name = 'int_subscription_months'
  
[0m19:33:36.768010 [debug] [Thread-4 (]: SQL status: OK in 0.000 seconds
[0m19:33:36.769962 [debug] [Thread-4 (]: Using duckdb connection "model.financial_twin.int_subscription_months"
[0m19:33:36.770283 [debug] [Thread-4 (]: On model.financial_twin.int_subscription_months: /* {"app": "dbt", "dbt_version": "1.8.0", "profile_name": "financial_twin", "target_name": "dev", "node_id": "model.financial_twin.int_subscription_months"} */
alter table "financial_model"."main"."int_subscription_months" rename to "int_subscription_months__dbt_backup"
[0m19:33:36.770699 [debug] [Thread-4 (]: SQL status: OK in 0.000 seconds
[0m19:33:36.772255 [debug] [Thread-4 (]: Using duckdb connection "model.financial_twin.int_subscription_months"
[0m19:33:36.772623 [debug] [Thread-4 (]: On model.financial_twin.int_subscription_months: /* {"app": "dbt", "dbt_version": "1.8.0", "profile_name": "financial_twin", "target_name": "dev", "node_id": "model.financial_twin.int_subscription_months"} */
alter table "financial_model"."main"."int_subscription_months__dbt_tmp" rename to "int_subscription_months"
[0m19:33:36.772965 [debug] [Thread-4 (]: SQL status: OK in 0.000 seconds
[0m19:33:36.775347 [debug] [Thread-4 (]: On model.financial_twin.int_subscription_months: COMMIT
[0m19:33:36.775520 [debug] [Thread-4 (]: Using duckdb connection "model.financial_twin.int_subscription_months"
[0m19:33:36.775664 [debug] [Thread-4 (]: On model.financial_twin.int_subscription_months: COMMIT
[0m19:33:36.776412 [debug] [Thread-4 (]: SQL status: OK in 0.001 seconds
[0m19:33:36.777480 [debug] [Thread-4 (]: Using duckdb connection "model.financial_twin.int_subscription_months"
[0m19:33:36.777639 [debug] [Thread-4 (]: On model.financial_twin.int_subscription_months: /* {"app": "dbt", "dbt_version": "1.8.0", "profile_name": "financial_twin", "target_name": "dev", "node_id": "model.financial_twin.int_subscription_months"} */

      drop table if exists "financial_model"."main"."int_subscription_months__dbt_backup" cascade
    
[0m19:33:36.778103 [debug] [Thread-4 (]: SQL status: OK in 0.000 seconds
[0m19:33:36.778664 [debug] [Thread-4 (]: On model.financial_twin.int_subscription_months: Close
[0m19:33:36.778902 [debug] [Thread-4 (]: Sending event: {'category': 'dbt', 'action': 'run_model', 'label': 'efdc3fd4-3d0e-4660-86e9-ad484aa7613a', 'context': [<snowplow_tracker.self_describing_json.SelfDescribingJson object at 0x110c99b10>]}
[0m19:33:36.779170 [info ] [Thread-4 (]: 4 of 7 OK created sql table model main.int_subscription_months ................. [[32mOK[0m in 0.03s]
[0m19:33:36.779425 [debug] [Thread-4 (]: Finished running node model.financial_twin.int_subscription_months
[0m19:33:36.779770 [debug] [Thread-3 (]: Began running node model.financial_twin.mart_finance_monthly
[0m19:33:36.780053 [info ] [Thread-3 (]: 5 of 7 START sql table model main.mart_finance_monthly ......................... [RUN]
[0m19:33:36.780271 [debug] [Thread-3 (]: Re-using an available connection from the pool (formerly model.financial_twin.stg_subscriptions, now model.financial_twin.mart_finance_monthly)
[0m19:33:36.780438 [debug] [Thread-3 (]: Began compiling node model.financial_twin.mart_finance_monthly
[0m19:33:36.781866 [debug] [Thread-3 (]: Writing injected SQL for node "model.financial_twin.mart_finance_monthly"
[0m19:33:36.782188 [debug] [Thread-3 (]: Began executing node model.financial_twin.mart_finance_monthly
[0m19:33:36.783690 [debug] [Thread-3 (]: Writing runtime sql for node "model.financial_twin.mart_finance_monthly"
[0m19:33:36.783981 [debug] [Thread-3 (]: Using duckdb connection "model.financial_twin.mart_finance_monthly"
[0m19:33:36.784133 [debug] [Thread-3 (]: On model.financial_twin.mart_finance_monthly: BEGIN
[0m19:33:36.784274 [debug] [Thread-3 (]: Opening a new connection, currently in state closed
[0m19:33:36.784568 [debug] [Thread-3 (]: SQL status: OK in 0.000 seconds
[0m19:33:36.784717 [debug] [Thread-3 (]: Using duckdb connection "model.financial_twin.mart_finance_monthly"
[0m19:33:36.784884 [debug] [Thread-3 (]: On model.financial_twin.mart_finance_monthly: /* {"app": "dbt", "dbt_version": "1.8.0", "profile_name": "financial_twin", "target_name": "dev", "node_id": "model.financial_twin.mart_finance_monthly"} */

  
    
    

    create  table
      "financial_model"."main"."mart_finance_monthly__dbt_tmp"
  
    as (
      with act as (
    select
        month_end,
        'ACT' as scenario,
        2 as scenario_id,
        count(distinct customer_id) as customers,
        sum(mrr) as mrr,
        sum(mrr) * 12 as arr
    from "financial_model"."main"."int_subscription_months"
    group by 1
),
bud as (
    select
        month_end,
        'BUD' as scenario,
        1 as scenario_id,
        budget_customers as customers,
        budget_mrr as mrr,
        budget_arr as arr
    from "financial_model"."main"."stg_budget"
)

select * from act
union all
select * from bud
    );
  
  
[0m19:33:36.788278 [debug] [Thread-3 (]: SQL status: OK in 0.003 seconds
[0m19:33:36.788945 [debug] [Thread-3 (]: Using duckdb connection "model.financial_twin.mart_finance_monthly"
[0m19:33:36.789122 [debug] [Thread-3 (]: On model.financial_twin.mart_finance_monthly: /* {"app": "dbt", "dbt_version": "1.8.0", "profile_name": "financial_twin", "target_name": "dev", "node_id": "model.financial_twin.mart_finance_monthly"} */

    SELECT index_name
    FROM duckdb_indexes()
    WHERE schema_name = 'main'
      AND table_name = 'mart_finance_monthly'
  
[0m19:33:36.789620 [debug] [Thread-3 (]: SQL status: OK in 0.000 seconds
[0m19:33:36.790136 [debug] [Thread-3 (]: Using duckdb connection "model.financial_twin.mart_finance_monthly"
[0m19:33:36.790292 [debug] [Thread-3 (]: On model.financial_twin.mart_finance_monthly: /* {"app": "dbt", "dbt_version": "1.8.0", "profile_name": "financial_twin", "target_name": "dev", "node_id": "model.financial_twin.mart_finance_monthly"} */

    SELECT COUNT(*) as remaining_indexes
    FROM duckdb_indexes()
    WHERE schema_name = 'main'
      AND table_name = 'mart_finance_monthly'
  
[0m19:33:36.790682 [debug] [Thread-3 (]: SQL status: OK in 0.000 seconds
[0m19:33:36.792264 [debug] [Thread-3 (]: Using duckdb connection "model.financial_twin.mart_finance_monthly"
[0m19:33:36.792456 [debug] [Thread-3 (]: On model.financial_twin.mart_finance_monthly: /* {"app": "dbt", "dbt_version": "1.8.0", "profile_name": "financial_twin", "target_name": "dev", "node_id": "model.financial_twin.mart_finance_monthly"} */
alter table "financial_model"."main"."mart_finance_monthly" rename to "mart_finance_monthly__dbt_backup"
[0m19:33:36.792794 [debug] [Thread-3 (]: SQL status: OK in 0.000 seconds
[0m19:33:36.794116 [debug] [Thread-3 (]: Using duckdb connection "model.financial_twin.mart_finance_monthly"
[0m19:33:36.794286 [debug] [Thread-3 (]: On model.financial_twin.mart_finance_monthly: /* {"app": "dbt", "dbt_version": "1.8.0", "profile_name": "financial_twin", "target_name": "dev", "node_id": "model.financial_twin.mart_finance_monthly"} */
alter table "financial_model"."main"."mart_finance_monthly__dbt_tmp" rename to "mart_finance_monthly"
[0m19:33:36.794585 [debug] [Thread-3 (]: SQL status: OK in 0.000 seconds
[0m19:33:36.795331 [debug] [Thread-3 (]: On model.financial_twin.mart_finance_monthly: COMMIT
[0m19:33:36.795488 [debug] [Thread-3 (]: Using duckdb connection "model.financial_twin.mart_finance_monthly"
[0m19:33:36.795633 [debug] [Thread-3 (]: On model.financial_twin.mart_finance_monthly: COMMIT
[0m19:33:36.796201 [debug] [Thread-3 (]: SQL status: OK in 0.000 seconds
[0m19:33:36.798286 [debug] [Thread-3 (]: Using duckdb connection "model.financial_twin.mart_finance_monthly"
[0m19:33:36.798443 [debug] [Thread-3 (]: On model.financial_twin.mart_finance_monthly: /* {"app": "dbt", "dbt_version": "1.8.0", "profile_name": "financial_twin", "target_name": "dev", "node_id": "model.financial_twin.mart_finance_monthly"} */

      drop table if exists "financial_model"."main"."mart_finance_monthly__dbt_backup" cascade
    
[0m19:33:36.798803 [debug] [Thread-3 (]: SQL status: OK in 0.000 seconds
[0m19:33:36.799337 [debug] [Thread-3 (]: On model.financial_twin.mart_finance_monthly: Close
[0m19:33:36.799558 [debug] [Thread-3 (]: Sending event: {'category': 'dbt', 'action': 'run_model', 'label': 'efdc3fd4-3d0e-4660-86e9-ad484aa7613a', 'context': [<snowplow_tracker.self_describing_json.SelfDescribingJson object at 0x111578ed0>]}
[0m19:33:36.799815 [info ] [Thread-3 (]: 5 of 7 OK created sql table model main.mart_finance_monthly .................... [[32mOK[0m in 0.02s]
[0m19:33:36.800057 [debug] [Thread-3 (]: Finished running node model.financial_twin.mart_finance_monthly
[0m19:33:36.800400 [debug] [Thread-1 (]: Began running node model.financial_twin.mart_consolidated_reporting
[0m19:33:36.800606 [debug] [Thread-4 (]: Began running node model.financial_twin.mart_forecast_input
[0m19:33:36.800859 [info ] [Thread-1 (]: 6 of 7 START sql table model main.mart_consolidated_reporting .................. [RUN]
[0m19:33:36.801109 [info ] [Thread-4 (]: 7 of 7 START sql table model main.mart_forecast_input .......................... [RUN]
[0m19:33:36.801313 [debug] [Thread-1 (]: Re-using an available connection from the pool (formerly model.financial_twin.stg_budget, now model.financial_twin.mart_consolidated_reporting)
[0m19:33:36.801498 [debug] [Thread-4 (]: Re-using an available connection from the pool (formerly model.financial_twin.int_subscription_months, now model.financial_twin.mart_forecast_input)
[0m19:33:36.801662 [debug] [Thread-1 (]: Began compiling node model.financial_twin.mart_consolidated_reporting
[0m19:33:36.801820 [debug] [Thread-4 (]: Began compiling node model.financial_twin.mart_forecast_input
[0m19:33:36.803748 [debug] [Thread-1 (]: Writing injected SQL for node "model.financial_twin.mart_consolidated_reporting"
[0m19:33:36.805182 [debug] [Thread-4 (]: Writing injected SQL for node "model.financial_twin.mart_forecast_input"
[0m19:33:36.805580 [debug] [Thread-4 (]: Began executing node model.financial_twin.mart_forecast_input
[0m19:33:36.805738 [debug] [Thread-1 (]: Began executing node model.financial_twin.mart_consolidated_reporting
[0m19:33:36.807462 [debug] [Thread-4 (]: Writing runtime sql for node "model.financial_twin.mart_forecast_input"
[0m19:33:36.809047 [debug] [Thread-1 (]: Writing runtime sql for node "model.financial_twin.mart_consolidated_reporting"
[0m19:33:36.809390 [debug] [Thread-4 (]: Using duckdb connection "model.financial_twin.mart_forecast_input"
[0m19:33:36.809562 [debug] [Thread-1 (]: Using duckdb connection "model.financial_twin.mart_consolidated_reporting"
[0m19:33:36.809733 [debug] [Thread-4 (]: On model.financial_twin.mart_forecast_input: BEGIN
[0m19:33:36.809902 [debug] [Thread-1 (]: On model.financial_twin.mart_consolidated_reporting: BEGIN
[0m19:33:36.810082 [debug] [Thread-4 (]: Opening a new connection, currently in state closed
[0m19:33:36.810235 [debug] [Thread-1 (]: Opening a new connection, currently in state closed
[0m19:33:36.810670 [debug] [Thread-4 (]: SQL status: OK in 0.001 seconds
[0m19:33:36.810818 [debug] [Thread-1 (]: SQL status: OK in 0.001 seconds
[0m19:33:36.810970 [debug] [Thread-4 (]: Using duckdb connection "model.financial_twin.mart_forecast_input"
[0m19:33:36.811119 [debug] [Thread-1 (]: Using duckdb connection "model.financial_twin.mart_consolidated_reporting"
[0m19:33:36.811282 [debug] [Thread-4 (]: On model.financial_twin.mart_forecast_input: /* {"app": "dbt", "dbt_version": "1.8.0", "profile_name": "financial_twin", "target_name": "dev", "node_id": "model.financial_twin.mart_forecast_input"} */

  
    
    

    create  table
      "financial_model"."main"."mart_forecast_input__dbt_tmp"
  
    as (
      select
    month_end as ds,
    mrr as y
from "financial_model"."main"."mart_finance_monthly"
where scenario = 'ACT'
order by ds
    );
  
  
[0m19:33:36.811473 [debug] [Thread-1 (]: On model.financial_twin.mart_consolidated_reporting: /* {"app": "dbt", "dbt_version": "1.8.0", "profile_name": "financial_twin", "target_name": "dev", "node_id": "model.financial_twin.mart_consolidated_reporting"} */

  
    
    

    create  table
      "financial_model"."main"."mart_consolidated_reporting__dbt_tmp"
  
    as (
      with act as (
    select
        month_end,
        'ACT' as scenario,
        2 as scenario_id,
        customers,
        mrr,
        arr
    from "financial_model"."main"."mart_finance_monthly"
    where scenario = 'ACT'
),
bud as (
    select
        month_end,
        'BUD' as scenario,
        1 as scenario_id,
        customers,
        mrr,
        arr
    from "financial_model"."main"."mart_finance_monthly"
    where scenario = 'BUD'
),
fct as (
    select
        month_end,
        'FCT' as scenario,
        3 as scenario_id,
        customers,
        mrr,
        arr
    from "financial_model"."main"."raw_forecast"
)

select * from act
union all
select * from bud
union all
select * from fct
    );
  
  
[0m19:33:36.812211 [debug] [Thread-4 (]: SQL status: OK in 0.001 seconds
[0m19:33:36.812750 [debug] [Thread-4 (]: Using duckdb connection "model.financial_twin.mart_forecast_input"
[0m19:33:36.812931 [debug] [Thread-4 (]: On model.financial_twin.mart_forecast_input: /* {"app": "dbt", "dbt_version": "1.8.0", "profile_name": "financial_twin", "target_name": "dev", "node_id": "model.financial_twin.mart_forecast_input"} */

    SELECT index_name
    FROM duckdb_indexes()
    WHERE schema_name = 'main'
      AND table_name = 'mart_forecast_input'
  
[0m19:33:36.813153 [debug] [Thread-1 (]: SQL status: OK in 0.001 seconds
[0m19:33:36.813616 [debug] [Thread-1 (]: Using duckdb connection "model.financial_twin.mart_consolidated_reporting"
[0m19:33:36.813777 [debug] [Thread-1 (]: On model.financial_twin.mart_consolidated_reporting: /* {"app": "dbt", "dbt_version": "1.8.0", "profile_name": "financial_twin", "target_name": "dev", "node_id": "model.financial_twin.mart_consolidated_reporting"} */

    SELECT index_name
    FROM duckdb_indexes()
    WHERE schema_name = 'main'
      AND table_name = 'mart_consolidated_reporting'
  
[0m19:33:36.813945 [debug] [Thread-4 (]: SQL status: OK in 0.001 seconds
[0m19:33:36.814536 [debug] [Thread-4 (]: Using duckdb connection "model.financial_twin.mart_forecast_input"
[0m19:33:36.814697 [debug] [Thread-4 (]: On model.financial_twin.mart_forecast_input: /* {"app": "dbt", "dbt_version": "1.8.0", "profile_name": "financial_twin", "target_name": "dev", "node_id": "model.financial_twin.mart_forecast_input"} */

    SELECT COUNT(*) as remaining_indexes
    FROM duckdb_indexes()
    WHERE schema_name = 'main'
      AND table_name = 'mart_forecast_input'
  
[0m19:33:36.814896 [debug] [Thread-1 (]: SQL status: OK in 0.001 seconds
[0m19:33:36.815425 [debug] [Thread-1 (]: Using duckdb connection "model.financial_twin.mart_consolidated_reporting"
[0m19:33:36.815590 [debug] [Thread-1 (]: On model.financial_twin.mart_consolidated_reporting: /* {"app": "dbt", "dbt_version": "1.8.0", "profile_name": "financial_twin", "target_name": "dev", "node_id": "model.financial_twin.mart_consolidated_reporting"} */

    SELECT COUNT(*) as remaining_indexes
    FROM duckdb_indexes()
    WHERE schema_name = 'main'
      AND table_name = 'mart_consolidated_reporting'
  
[0m19:33:36.815786 [debug] [Thread-4 (]: SQL status: OK in 0.001 seconds
[0m19:33:36.817277 [debug] [Thread-4 (]: Using duckdb connection "model.financial_twin.mart_forecast_input"
[0m19:33:36.817446 [debug] [Thread-4 (]: On model.financial_twin.mart_forecast_input: /* {"app": "dbt", "dbt_version": "1.8.0", "profile_name": "financial_twin", "target_name": "dev", "node_id": "model.financial_twin.mart_forecast_input"} */
alter table "financial_model"."main"."mart_forecast_input" rename to "mart_forecast_input__dbt_backup"
[0m19:33:36.817678 [debug] [Thread-1 (]: SQL status: OK in 0.002 seconds
[0m19:33:36.817876 [debug] [Thread-4 (]: SQL status: OK in 0.000 seconds
[0m19:33:36.819245 [debug] [Thread-1 (]: Using duckdb connection "model.financial_twin.mart_consolidated_reporting"
[0m19:33:36.820714 [debug] [Thread-4 (]: Using duckdb connection "model.financial_twin.mart_forecast_input"
[0m19:33:36.820916 [debug] [Thread-1 (]: On model.financial_twin.mart_consolidated_reporting: /* {"app": "dbt", "dbt_version": "1.8.0", "profile_name": "financial_twin", "target_name": "dev", "node_id": "model.financial_twin.mart_consolidated_reporting"} */
alter table "financial_model"."main"."mart_consolidated_reporting" rename to "mart_consolidated_reporting__dbt_backup"
[0m19:33:36.821099 [debug] [Thread-4 (]: On model.financial_twin.mart_forecast_input: /* {"app": "dbt", "dbt_version": "1.8.0", "profile_name": "financial_twin", "target_name": "dev", "node_id": "model.financial_twin.mart_forecast_input"} */
alter table "financial_model"."main"."mart_forecast_input__dbt_tmp" rename to "mart_forecast_input"
[0m19:33:36.821482 [debug] [Thread-1 (]: SQL status: OK in 0.000 seconds
[0m19:33:36.821631 [debug] [Thread-4 (]: SQL status: OK in 0.000 seconds
[0m19:33:36.822811 [debug] [Thread-1 (]: Using duckdb connection "model.financial_twin.mart_consolidated_reporting"
[0m19:33:36.823582 [debug] [Thread-4 (]: On model.financial_twin.mart_forecast_input: COMMIT
[0m19:33:36.823764 [debug] [Thread-1 (]: On model.financial_twin.mart_consolidated_reporting: /* {"app": "dbt", "dbt_version": "1.8.0", "profile_name": "financial_twin", "target_name": "dev", "node_id": "model.financial_twin.mart_consolidated_reporting"} */
alter table "financial_model"."main"."mart_consolidated_reporting__dbt_tmp" rename to "mart_consolidated_reporting"
[0m19:33:36.823930 [debug] [Thread-4 (]: Using duckdb connection "model.financial_twin.mart_forecast_input"
[0m19:33:36.824127 [debug] [Thread-4 (]: On model.financial_twin.mart_forecast_input: COMMIT
[0m19:33:36.824307 [debug] [Thread-1 (]: SQL status: OK in 0.000 seconds
[0m19:33:36.825042 [debug] [Thread-1 (]: On model.financial_twin.mart_consolidated_reporting: COMMIT
[0m19:33:36.825194 [debug] [Thread-1 (]: Using duckdb connection "model.financial_twin.mart_consolidated_reporting"
[0m19:33:36.825328 [debug] [Thread-4 (]: SQL status: OK in 0.001 seconds
[0m19:33:36.825474 [debug] [Thread-1 (]: On model.financial_twin.mart_consolidated_reporting: COMMIT
[0m19:33:36.826484 [debug] [Thread-4 (]: Using duckdb connection "model.financial_twin.mart_forecast_input"
[0m19:33:36.826691 [debug] [Thread-4 (]: On model.financial_twin.mart_forecast_input: /* {"app": "dbt", "dbt_version": "1.8.0", "profile_name": "financial_twin", "target_name": "dev", "node_id": "model.financial_twin.mart_forecast_input"} */

      drop table if exists "financial_model"."main"."mart_forecast_input__dbt_backup" cascade
    
[0m19:33:36.826895 [debug] [Thread-1 (]: SQL status: OK in 0.000 seconds
[0m19:33:36.827937 [debug] [Thread-1 (]: Using duckdb connection "model.financial_twin.mart_consolidated_reporting"
[0m19:33:36.828083 [debug] [Thread-4 (]: SQL status: OK in 0.001 seconds
[0m19:33:36.828244 [debug] [Thread-1 (]: On model.financial_twin.mart_consolidated_reporting: /* {"app": "dbt", "dbt_version": "1.8.0", "profile_name": "financial_twin", "target_name": "dev", "node_id": "model.financial_twin.mart_consolidated_reporting"} */

      drop table if exists "financial_model"."main"."mart_consolidated_reporting__dbt_backup" cascade
    
[0m19:33:36.828786 [debug] [Thread-4 (]: On model.financial_twin.mart_forecast_input: Close
[0m19:33:36.829087 [debug] [Thread-4 (]: Sending event: {'category': 'dbt', 'action': 'run_model', 'label': 'efdc3fd4-3d0e-4660-86e9-ad484aa7613a', 'context': [<snowplow_tracker.self_describing_json.SelfDescribingJson object at 0x1106ed050>]}
[0m19:33:36.829500 [debug] [Thread-1 (]: SQL status: OK in 0.001 seconds
[0m19:33:36.829368 [info ] [Thread-4 (]: 7 of 7 OK created sql table model main.mart_forecast_input ..................... [[32mOK[0m in 0.03s]
[0m19:33:36.830053 [debug] [Thread-1 (]: On model.financial_twin.mart_consolidated_reporting: Close
[0m19:33:36.830284 [debug] [Thread-4 (]: Finished running node model.financial_twin.mart_forecast_input
[0m19:33:36.830499 [debug] [Thread-1 (]: Sending event: {'category': 'dbt', 'action': 'run_model', 'label': 'efdc3fd4-3d0e-4660-86e9-ad484aa7613a', 'context': [<snowplow_tracker.self_describing_json.SelfDescribingJson object at 0x106946090>]}
[0m19:33:36.830814 [info ] [Thread-1 (]: 6 of 7 OK created sql table model main.mart_consolidated_reporting ............. [[32mOK[0m in 0.03s]
[0m19:33:36.831056 [debug] [Thread-1 (]: Finished running node model.financial_twin.mart_consolidated_reporting
[0m19:33:36.831610 [debug] [MainThread]: Using duckdb connection "master"
[0m19:33:36.831745 [debug] [MainThread]: On master: BEGIN
[0m19:33:36.831858 [debug] [MainThread]: Opening a new connection, currently in state closed
[0m19:33:36.832088 [debug] [MainThread]: SQL status: OK in 0.000 seconds
[0m19:33:36.832213 [debug] [MainThread]: On master: COMMIT
[0m19:33:36.832334 [debug] [MainThread]: Using duckdb connection "master"
[0m19:33:36.832447 [debug] [MainThread]: On master: COMMIT
[0m19:33:36.832630 [debug] [MainThread]: SQL status: OK in 0.000 seconds
[0m19:33:36.832752 [debug] [MainThread]: On master: Close
[0m19:33:36.832909 [debug] [MainThread]: Connection 'master' was properly closed.
[0m19:33:36.833022 [debug] [MainThread]: Connection 'model.financial_twin.mart_consolidated_reporting' was properly closed.
[0m19:33:36.833126 [debug] [MainThread]: Connection 'model.financial_twin.stg_customers' was properly closed.
[0m19:33:36.833229 [debug] [MainThread]: Connection 'model.financial_twin.mart_finance_monthly' was properly closed.
[0m19:33:36.833333 [debug] [MainThread]: Connection 'model.financial_twin.mart_forecast_input' was properly closed.
[0m19:33:36.833505 [info ] [MainThread]: 
[0m19:33:36.833650 [info ] [MainThread]: Finished running 3 view models, 4 table models in 0 hours 0 minutes and 0.25 seconds (0.25s).
[0m19:33:36.834193 [debug] [MainThread]: Command end result
[0m19:33:36.848903 [info ] [MainThread]: 
[0m19:33:36.849147 [info ] [MainThread]: [32mCompleted successfully[0m
[0m19:33:36.849292 [info ] [MainThread]: 
[0m19:33:36.849436 [info ] [MainThread]: Done. PASS=7 WARN=0 ERROR=0 SKIP=0 TOTAL=7
[0m19:33:36.850777 [debug] [MainThread]: Resource report: {"command_name": "run", "command_success": true, "command_wall_clock_time": 0.7032005, "process_user_time": 1.156564, "process_kernel_time": 0.193164, "process_mem_max_rss": "158859264", "process_in_blocks": "0", "process_out_blocks": "0"}
[0m19:33:36.851054 [debug] [MainThread]: Command `dbt run` succeeded at 19:33:36.851014 after 0.70 seconds
[0m19:33:36.851237 [debug] [MainThread]: Sending event: {'category': 'dbt', 'action': 'invocation', 'label': 'end', 'context': [<snowplow_tracker.self_describing_json.SelfDescribingJson object at 0x10046b190>, <snowplow_tracker.self_describing_json.SelfDescribingJson object at 0x1004e6150>, <snowplow_tracker.self_describing_json.SelfDescribingJson object at 0x1003dffd0>]}
[0m19:33:36.851421 [debug] [MainThread]: Flushing usage events
[0m19:34:07.354859 [debug] [MainThread]: Sending event: {'category': 'dbt', 'action': 'invocation', 'label': 'start', 'context': [<snowplow_tracker.self_describing_json.SelfDescribingJson object at 0x1181afa10>, <snowplow_tracker.self_describing_json.SelfDescribingJson object at 0x1181af090>, <snowplow_tracker.self_describing_json.SelfDescribingJson object at 0x118227050>]}


============================== 19:34:07.357347 | c4cb02de-3e0c-4b83-b36b-595d65bad7b9 ==============================
[0m19:34:07.357347 [info ] [MainThread]: Running with dbt=1.8.0
[0m19:34:07.357663 [debug] [MainThread]: running dbt with arguments {'printer_width': '80', 'indirect_selection': 'eager', 'log_cache_events': 'False', 'write_json': 'True', 'partial_parse': 'True', 'cache_selected_only': 'False', 'profiles_dir': '.', 'debug': 'False', 'fail_fast': 'False', 'log_path': '/Users/admin/Desktop/Portfolio/dbt_financial/logs', 'version_check': 'True', 'warn_error': 'None', 'use_colors': 'True', 'use_experimental_parser': 'False', 'no_print': 'None', 'quiet': 'False', 'log_format': 'default', 'static_parser': 'True', 'invocation_command': 'dbt run --profiles-dir .', 'warn_error_options': 'WarnErrorOptions(include=[], exclude=[])', 'target_path': 'None', 'introspect': 'True', 'send_anonymous_usage_stats': 'True'}
[0m19:34:07.523522 [debug] [MainThread]: Sending event: {'category': 'dbt', 'action': 'project_id', 'label': 'c4cb02de-3e0c-4b83-b36b-595d65bad7b9', 'context': [<snowplow_tracker.self_describing_json.SelfDescribingJson object at 0x118248e10>]}
[0m19:34:07.546790 [debug] [MainThread]: Sending event: {'category': 'dbt', 'action': 'adapter_info', 'label': 'c4cb02de-3e0c-4b83-b36b-595d65bad7b9', 'context': [<snowplow_tracker.self_describing_json.SelfDescribingJson object at 0x10579ae50>]}
[0m19:34:07.548285 [info ] [MainThread]: Registered adapter: duckdb=1.10.0
[0m19:34:07.608159 [debug] [MainThread]: checksum: dbb12d416fdb55e3665e4828703bbedf40c5c90ed7ca6ff39bbbfb29b12b0a92, vars: {}, profile: , target: , version: 1.8.0
[0m19:34:07.663147 [debug] [MainThread]: Partial parsing enabled: 0 files deleted, 0 files added, 0 files changed.
[0m19:34:07.663385 [debug] [MainThread]: Partial parsing enabled, no changes found, skipping parsing
[0m19:34:07.678858 [debug] [MainThread]: Sending event: {'category': 'dbt', 'action': 'load_project', 'label': 'c4cb02de-3e0c-4b83-b36b-595d65bad7b9', 'context': [<snowplow_tracker.self_describing_json.SelfDescribingJson object at 0x118a18750>]}
[0m19:34:07.719924 [debug] [MainThread]: Sending event: {'category': 'dbt', 'action': 'resource_counts', 'label': 'c4cb02de-3e0c-4b83-b36b-595d65bad7b9', 'context': [<snowplow_tracker.self_describing_json.SelfDescribingJson object at 0x1189c62d0>]}
[0m19:34:07.720222 [info ] [MainThread]: Found 7 models, 5 sources, 438 macros
[0m19:34:07.720406 [debug] [MainThread]: Sending event: {'category': 'dbt', 'action': 'runnable_timing', 'label': 'c4cb02de-3e0c-4b83-b36b-595d65bad7b9', 'context': [<snowplow_tracker.self_describing_json.SelfDescribingJson object at 0x118641510>]}
[0m19:34:07.721434 [info ] [MainThread]: 
[0m19:34:07.721728 [debug] [MainThread]: Acquiring new duckdb connection 'master'
[0m19:34:07.723992 [debug] [ThreadPool]: Acquiring new duckdb connection 'list_financial_model'
[0m19:34:07.748739 [debug] [ThreadPool]: Using duckdb connection "list_financial_model"
[0m19:34:07.748987 [debug] [ThreadPool]: On list_financial_model: /* {"app": "dbt", "dbt_version": "1.8.0", "profile_name": "financial_twin", "target_name": "dev", "connection_name": "list_financial_model"} */

    
    select schema_name
    from system.information_schema.schemata
    
    where lower(catalog_name) = '"financial_model"'
    
  
  
[0m19:34:07.749131 [debug] [ThreadPool]: Opening a new connection, currently in state init
[0m19:34:07.757413 [debug] [ThreadPool]: SQL status: OK in 0.008 seconds
[0m19:34:07.758133 [debug] [ThreadPool]: On list_financial_model: Close
[0m19:34:07.758473 [debug] [ThreadPool]: Re-using an available connection from the pool (formerly list_financial_model, now create_financial_model_main)
[0m19:34:07.758706 [debug] [ThreadPool]: Creating schema "database: "financial_model"
schema: "main"
"
[0m19:34:07.761851 [debug] [ThreadPool]: Using duckdb connection "create_financial_model_main"
[0m19:34:07.762021 [debug] [ThreadPool]: On create_financial_model_main: /* {"app": "dbt", "dbt_version": "1.8.0", "profile_name": "financial_twin", "target_name": "dev", "connection_name": "create_financial_model_main"} */

    
        select type from duckdb_databases()
        where lower(database_name)='financial_model'
        and type='sqlite'
    
  
[0m19:34:07.762157 [debug] [ThreadPool]: Opening a new connection, currently in state closed
[0m19:34:07.762602 [debug] [ThreadPool]: SQL status: OK in 0.000 seconds
[0m19:34:07.763193 [debug] [ThreadPool]: Using duckdb connection "create_financial_model_main"
[0m19:34:07.763323 [debug] [ThreadPool]: On create_financial_model_main: BEGIN
[0m19:34:07.763538 [debug] [ThreadPool]: SQL status: OK in 0.000 seconds
[0m19:34:07.763657 [debug] [ThreadPool]: Using duckdb connection "create_financial_model_main"
[0m19:34:07.763775 [debug] [ThreadPool]: On create_financial_model_main: /* {"app": "dbt", "dbt_version": "1.8.0", "profile_name": "financial_twin", "target_name": "dev", "connection_name": "create_financial_model_main"} */

    
    
        create schema if not exists "financial_model"."main"
    
[0m19:34:07.763998 [debug] [ThreadPool]: SQL status: OK in 0.000 seconds
[0m19:34:07.764327 [debug] [ThreadPool]: On create_financial_model_main: COMMIT
[0m19:34:07.764454 [debug] [ThreadPool]: Using duckdb connection "create_financial_model_main"
[0m19:34:07.764567 [debug] [ThreadPool]: On create_financial_model_main: COMMIT
[0m19:34:07.764765 [debug] [ThreadPool]: SQL status: OK in 0.000 seconds
[0m19:34:07.764885 [debug] [ThreadPool]: On create_financial_model_main: Close
[0m19:34:07.765536 [debug] [ThreadPool]: Re-using an available connection from the pool (formerly create_financial_model_main, now list_financial_model_main)
[0m19:34:07.768018 [debug] [ThreadPool]: Using duckdb connection "list_financial_model_main"
[0m19:34:07.768209 [debug] [ThreadPool]: On list_financial_model_main: BEGIN
[0m19:34:07.768361 [debug] [ThreadPool]: Opening a new connection, currently in state closed
[0m19:34:07.768659 [debug] [ThreadPool]: SQL status: OK in 0.000 seconds
[0m19:34:07.768820 [debug] [ThreadPool]: Using duckdb connection "list_financial_model_main"
[0m19:34:07.768959 [debug] [ThreadPool]: On list_financial_model_main: /* {"app": "dbt", "dbt_version": "1.8.0", "profile_name": "financial_twin", "target_name": "dev", "connection_name": "list_financial_model_main"} */
select
      'financial_model' as database,
      table_name as name,
      table_schema as schema,
      CASE table_type
        WHEN 'BASE TABLE' THEN 'table'
        WHEN 'VIEW' THEN 'view'
        WHEN 'LOCAL TEMPORARY' THEN 'table'
        END as type
    from system.information_schema.tables
    where lower(table_schema) = 'main'
    and lower(table_catalog) = 'financial_model'
  
[0m19:34:07.776183 [debug] [ThreadPool]: SQL status: OK in 0.007 seconds
[0m19:34:07.776928 [debug] [ThreadPool]: On list_financial_model_main: ROLLBACK
[0m19:34:07.777602 [debug] [ThreadPool]: Failed to rollback 'list_financial_model_main'
[0m19:34:07.777743 [debug] [ThreadPool]: On list_financial_model_main: Close
[0m19:34:07.779253 [debug] [MainThread]: Sending event: {'category': 'dbt', 'action': 'runnable_timing', 'label': 'c4cb02de-3e0c-4b83-b36b-595d65bad7b9', 'context': [<snowplow_tracker.self_describing_json.SelfDescribingJson object at 0x1181c3250>]}
[0m19:34:07.779514 [debug] [MainThread]: Using duckdb connection "master"
[0m19:34:07.779655 [debug] [MainThread]: On master: BEGIN
[0m19:34:07.779791 [debug] [MainThread]: Opening a new connection, currently in state init
[0m19:34:07.780081 [debug] [MainThread]: SQL status: OK in 0.000 seconds
[0m19:34:07.780217 [debug] [MainThread]: On master: COMMIT
[0m19:34:07.780338 [debug] [MainThread]: Using duckdb connection "master"
[0m19:34:07.780456 [debug] [MainThread]: On master: COMMIT
[0m19:34:07.780652 [debug] [MainThread]: SQL status: OK in 0.000 seconds
[0m19:34:07.780781 [debug] [MainThread]: On master: Close
[0m19:34:07.780973 [info ] [MainThread]: Concurrency: 4 threads (target='dev')
[0m19:34:07.781118 [info ] [MainThread]: 
[0m19:34:07.782361 [debug] [Thread-1 (]: Began running node model.financial_twin.stg_budget
[0m19:34:07.782532 [debug] [Thread-2 (]: Began running node model.financial_twin.stg_customers
[0m19:34:07.782702 [debug] [Thread-3 (]: Began running node model.financial_twin.stg_subscriptions
[0m19:34:07.782938 [info ] [Thread-1 (]: 1 of 7 START sql view model main.stg_budget .................................... [RUN]
[0m19:34:07.783177 [info ] [Thread-2 (]: 2 of 7 START sql view model main.stg_customers ................................. [RUN]
[0m19:34:07.783395 [info ] [Thread-3 (]: 3 of 7 START sql view model main.stg_subscriptions ............................. [RUN]
[0m19:34:07.783603 [debug] [Thread-1 (]: Re-using an available connection from the pool (formerly list_financial_model_main, now model.financial_twin.stg_budget)
[0m19:34:07.783815 [debug] [Thread-2 (]: Acquiring new duckdb connection 'model.financial_twin.stg_customers'
[0m19:34:07.784017 [debug] [Thread-3 (]: Acquiring new duckdb connection 'model.financial_twin.stg_subscriptions'
[0m19:34:07.784171 [debug] [Thread-1 (]: Began compiling node model.financial_twin.stg_budget
[0m19:34:07.784320 [debug] [Thread-2 (]: Began compiling node model.financial_twin.stg_customers
[0m19:34:07.784475 [debug] [Thread-3 (]: Began compiling node model.financial_twin.stg_subscriptions
[0m19:34:07.788604 [debug] [Thread-1 (]: Writing injected SQL for node "model.financial_twin.stg_budget"
[0m19:34:07.789849 [debug] [Thread-2 (]: Writing injected SQL for node "model.financial_twin.stg_customers"
[0m19:34:07.791029 [debug] [Thread-3 (]: Writing injected SQL for node "model.financial_twin.stg_subscriptions"
[0m19:34:07.791436 [debug] [Thread-1 (]: Began executing node model.financial_twin.stg_budget
[0m19:34:07.797936 [debug] [Thread-2 (]: Began executing node model.financial_twin.stg_customers
[0m19:34:07.807550 [debug] [Thread-2 (]: Writing runtime sql for node "model.financial_twin.stg_customers"
[0m19:34:07.808153 [debug] [Thread-1 (]: Writing runtime sql for node "model.financial_twin.stg_budget"
[0m19:34:07.808349 [debug] [Thread-3 (]: Began executing node model.financial_twin.stg_subscriptions
[0m19:34:07.811206 [debug] [Thread-3 (]: Writing runtime sql for node "model.financial_twin.stg_subscriptions"
[0m19:34:07.811848 [debug] [Thread-2 (]: Using duckdb connection "model.financial_twin.stg_customers"
[0m19:34:07.812097 [debug] [Thread-1 (]: Using duckdb connection "model.financial_twin.stg_budget"
[0m19:34:07.812391 [debug] [Thread-2 (]: On model.financial_twin.stg_customers: BEGIN
[0m19:34:07.812776 [debug] [Thread-3 (]: Using duckdb connection "model.financial_twin.stg_subscriptions"
[0m19:34:07.812988 [debug] [Thread-1 (]: On model.financial_twin.stg_budget: BEGIN
[0m19:34:07.813213 [debug] [Thread-2 (]: Opening a new connection, currently in state init
[0m19:34:07.813433 [debug] [Thread-3 (]: On model.financial_twin.stg_subscriptions: BEGIN
[0m19:34:07.813777 [debug] [Thread-1 (]: Opening a new connection, currently in state closed
[0m19:34:07.814380 [debug] [Thread-3 (]: Opening a new connection, currently in state init
[0m19:34:07.814825 [debug] [Thread-2 (]: SQL status: OK in 0.002 seconds
[0m19:34:07.815339 [debug] [Thread-2 (]: Using duckdb connection "model.financial_twin.stg_customers"
[0m19:34:07.815633 [debug] [Thread-1 (]: SQL status: OK in 0.002 seconds
[0m19:34:07.815907 [debug] [Thread-2 (]: On model.financial_twin.stg_customers: /* {"app": "dbt", "dbt_version": "1.8.0", "profile_name": "financial_twin", "target_name": "dev", "node_id": "model.financial_twin.stg_customers"} */

  
  create view "financial_model"."main"."stg_customers__dbt_tmp" as (
    with source as (
    select * from "financial_model"."main"."raw_customers"
)
select
    customer_id,
    acquisition_date::date as acquisition_date,
    segment
from source
  );

[0m19:34:07.816321 [debug] [Thread-3 (]: SQL status: OK in 0.002 seconds
[0m19:34:07.816589 [debug] [Thread-1 (]: Using duckdb connection "model.financial_twin.stg_budget"
[0m19:34:07.816966 [debug] [Thread-3 (]: Using duckdb connection "model.financial_twin.stg_subscriptions"
[0m19:34:07.817335 [debug] [Thread-1 (]: On model.financial_twin.stg_budget: /* {"app": "dbt", "dbt_version": "1.8.0", "profile_name": "financial_twin", "target_name": "dev", "node_id": "model.financial_twin.stg_budget"} */

  
  create view "financial_model"."main"."stg_budget__dbt_tmp" as (
    with source as (
    select * from "financial_model"."main"."fct_budget_monthly"
)
select
    scenario_id,
    month_end::date as month_end,
    fiscal_year,
    budget_mrr,
    budget_customers,
    budget_arr,
    ev_multiple
from source
  );

[0m19:34:07.817536 [debug] [Thread-2 (]: SQL status: OK in 0.001 seconds
[0m19:34:07.817725 [debug] [Thread-3 (]: On model.financial_twin.stg_subscriptions: /* {"app": "dbt", "dbt_version": "1.8.0", "profile_name": "financial_twin", "target_name": "dev", "node_id": "model.financial_twin.stg_subscriptions"} */

  
  create view "financial_model"."main"."stg_subscriptions__dbt_tmp" as (
    with source as (
    select * from "financial_model"."main"."raw_subscriptions"
)
select
    subscription_id,
    customer_id,
    start_date::date as start_date,
    end_date::date as end_date,
    mrr,
    currency
from source
  );

[0m19:34:07.825334 [debug] [Thread-2 (]: Using duckdb connection "model.financial_twin.stg_customers"
[0m19:34:07.825819 [debug] [Thread-1 (]: SQL status: OK in 0.008 seconds
[0m19:34:07.826409 [debug] [Thread-2 (]: On model.financial_twin.stg_customers: /* {"app": "dbt", "dbt_version": "1.8.0", "profile_name": "financial_twin", "target_name": "dev", "node_id": "model.financial_twin.stg_customers"} */
alter view "financial_model"."main"."stg_customers" rename to "stg_customers__dbt_backup"
[0m19:34:07.828403 [debug] [Thread-1 (]: Using duckdb connection "model.financial_twin.stg_budget"
[0m19:34:07.828973 [debug] [Thread-3 (]: SQL status: OK in 0.003 seconds
[0m19:34:07.829722 [debug] [Thread-1 (]: On model.financial_twin.stg_budget: /* {"app": "dbt", "dbt_version": "1.8.0", "profile_name": "financial_twin", "target_name": "dev", "node_id": "model.financial_twin.stg_budget"} */
alter view "financial_model"."main"."stg_budget" rename to "stg_budget__dbt_backup"
[0m19:34:07.835998 [debug] [Thread-2 (]: SQL status: OK in 0.006 seconds
[0m19:34:07.838089 [debug] [Thread-3 (]: Using duckdb connection "model.financial_twin.stg_subscriptions"
[0m19:34:07.839839 [debug] [Thread-1 (]: SQL status: OK in 0.000 seconds
[0m19:34:07.842978 [debug] [Thread-2 (]: Using duckdb connection "model.financial_twin.stg_customers"
[0m19:34:07.843285 [debug] [Thread-3 (]: On model.financial_twin.stg_subscriptions: /* {"app": "dbt", "dbt_version": "1.8.0", "profile_name": "financial_twin", "target_name": "dev", "node_id": "model.financial_twin.stg_subscriptions"} */
alter view "financial_model"."main"."stg_subscriptions" rename to "stg_subscriptions__dbt_backup"
[0m19:34:07.845049 [debug] [Thread-1 (]: Using duckdb connection "model.financial_twin.stg_budget"
[0m19:34:07.845332 [debug] [Thread-2 (]: On model.financial_twin.stg_customers: /* {"app": "dbt", "dbt_version": "1.8.0", "profile_name": "financial_twin", "target_name": "dev", "node_id": "model.financial_twin.stg_customers"} */
alter view "financial_model"."main"."stg_customers__dbt_tmp" rename to "stg_customers"
[0m19:34:07.845665 [debug] [Thread-1 (]: On model.financial_twin.stg_budget: /* {"app": "dbt", "dbt_version": "1.8.0", "profile_name": "financial_twin", "target_name": "dev", "node_id": "model.financial_twin.stg_budget"} */
alter view "financial_model"."main"."stg_budget__dbt_tmp" rename to "stg_budget"
[0m19:34:07.845937 [debug] [Thread-3 (]: SQL status: OK in 0.000 seconds
[0m19:34:07.846288 [debug] [Thread-2 (]: SQL status: OK in 0.000 seconds
[0m19:34:07.848403 [debug] [Thread-3 (]: Using duckdb connection "model.financial_twin.stg_subscriptions"
[0m19:34:07.848662 [debug] [Thread-1 (]: SQL status: OK in 0.003 seconds
[0m19:34:07.856445 [debug] [Thread-2 (]: On model.financial_twin.stg_customers: COMMIT
[0m19:34:07.856724 [debug] [Thread-3 (]: On model.financial_twin.stg_subscriptions: /* {"app": "dbt", "dbt_version": "1.8.0", "profile_name": "financial_twin", "target_name": "dev", "node_id": "model.financial_twin.stg_subscriptions"} */
alter view "financial_model"."main"."stg_subscriptions__dbt_tmp" rename to "stg_subscriptions"
[0m19:34:07.857610 [debug] [Thread-1 (]: On model.financial_twin.stg_budget: COMMIT
[0m19:34:07.857927 [debug] [Thread-2 (]: Using duckdb connection "model.financial_twin.stg_customers"
[0m19:34:07.858275 [debug] [Thread-1 (]: Using duckdb connection "model.financial_twin.stg_budget"
[0m19:34:07.858490 [debug] [Thread-2 (]: On model.financial_twin.stg_customers: COMMIT
[0m19:34:07.858799 [debug] [Thread-3 (]: SQL status: OK in 0.001 seconds
[0m19:34:07.858993 [debug] [Thread-1 (]: On model.financial_twin.stg_budget: COMMIT
[0m19:34:07.860087 [debug] [Thread-3 (]: On model.financial_twin.stg_subscriptions: COMMIT
[0m19:34:07.860337 [debug] [Thread-2 (]: SQL status: OK in 0.001 seconds
[0m19:34:07.860516 [debug] [Thread-3 (]: Using duckdb connection "model.financial_twin.stg_subscriptions"
[0m19:34:07.860673 [debug] [Thread-1 (]: SQL status: OK in 0.000 seconds
[0m19:34:07.863821 [debug] [Thread-2 (]: Using duckdb connection "model.financial_twin.stg_customers"
[0m19:34:07.864040 [debug] [Thread-3 (]: On model.financial_twin.stg_subscriptions: COMMIT
[0m19:34:07.865277 [debug] [Thread-1 (]: Using duckdb connection "model.financial_twin.stg_budget"
[0m19:34:07.865477 [debug] [Thread-2 (]: On model.financial_twin.stg_customers: /* {"app": "dbt", "dbt_version": "1.8.0", "profile_name": "financial_twin", "target_name": "dev", "node_id": "model.financial_twin.stg_customers"} */

      drop view if exists "financial_model"."main"."stg_customers__dbt_backup" cascade
    
[0m19:34:07.865732 [debug] [Thread-1 (]: On model.financial_twin.stg_budget: /* {"app": "dbt", "dbt_version": "1.8.0", "profile_name": "financial_twin", "target_name": "dev", "node_id": "model.financial_twin.stg_budget"} */

      drop view if exists "financial_model"."main"."stg_budget__dbt_backup" cascade
    
[0m19:34:07.865959 [debug] [Thread-3 (]: SQL status: OK in 0.000 seconds
[0m19:34:07.866175 [debug] [Thread-2 (]: SQL status: OK in 0.000 seconds
[0m19:34:07.867272 [debug] [Thread-3 (]: Using duckdb connection "model.financial_twin.stg_subscriptions"
[0m19:34:07.867420 [debug] [Thread-1 (]: SQL status: OK in 0.001 seconds
[0m19:34:07.868533 [debug] [Thread-2 (]: On model.financial_twin.stg_customers: Close
[0m19:34:07.868719 [debug] [Thread-3 (]: On model.financial_twin.stg_subscriptions: /* {"app": "dbt", "dbt_version": "1.8.0", "profile_name": "financial_twin", "target_name": "dev", "node_id": "model.financial_twin.stg_subscriptions"} */

      drop view if exists "financial_model"."main"."stg_subscriptions__dbt_backup" cascade
    
[0m19:34:07.869304 [debug] [Thread-1 (]: On model.financial_twin.stg_budget: Close
[0m19:34:07.870036 [debug] [Thread-2 (]: Sending event: {'category': 'dbt', 'action': 'run_model', 'label': 'c4cb02de-3e0c-4b83-b36b-595d65bad7b9', 'context': [<snowplow_tracker.self_describing_json.SelfDescribingJson object at 0x118b40dd0>]}
[0m19:34:07.870351 [debug] [Thread-1 (]: Sending event: {'category': 'dbt', 'action': 'run_model', 'label': 'c4cb02de-3e0c-4b83-b36b-595d65bad7b9', 'context': [<snowplow_tracker.self_describing_json.SelfDescribingJson object at 0x118fd0a50>]}
[0m19:34:07.871136 [debug] [Thread-3 (]: SQL status: OK in 0.001 seconds
[0m19:34:07.870960 [info ] [Thread-2 (]: 2 of 7 OK created sql view model main.stg_customers ............................ [[32mOK[0m in 0.09s]
[0m19:34:07.871462 [info ] [Thread-1 (]: 1 of 7 OK created sql view model main.stg_budget ............................... [[32mOK[0m in 0.09s]
[0m19:34:07.872134 [debug] [Thread-3 (]: On model.financial_twin.stg_subscriptions: Close
[0m19:34:07.872397 [debug] [Thread-2 (]: Finished running node model.financial_twin.stg_customers
[0m19:34:07.872634 [debug] [Thread-1 (]: Finished running node model.financial_twin.stg_budget
[0m19:34:07.872937 [debug] [Thread-3 (]: Sending event: {'category': 'dbt', 'action': 'run_model', 'label': 'c4cb02de-3e0c-4b83-b36b-595d65bad7b9', 'context': [<snowplow_tracker.self_describing_json.SelfDescribingJson object at 0x1189b5e50>]}
[0m19:34:07.873304 [info ] [Thread-3 (]: 3 of 7 OK created sql view model main.stg_subscriptions ........................ [[32mOK[0m in 0.09s]
[0m19:34:07.873561 [debug] [Thread-3 (]: Finished running node model.financial_twin.stg_subscriptions
[0m19:34:07.873899 [debug] [Thread-4 (]: Began running node model.financial_twin.int_subscription_months
[0m19:34:07.874144 [info ] [Thread-4 (]: 4 of 7 START sql table model main.int_subscription_months ...................... [RUN]
[0m19:34:07.874387 [debug] [Thread-4 (]: Acquiring new duckdb connection 'model.financial_twin.int_subscription_months'
[0m19:34:07.874548 [debug] [Thread-4 (]: Began compiling node model.financial_twin.int_subscription_months
[0m19:34:07.876083 [debug] [Thread-4 (]: Writing injected SQL for node "model.financial_twin.int_subscription_months"
[0m19:34:07.876514 [debug] [Thread-4 (]: Began executing node model.financial_twin.int_subscription_months
[0m19:34:07.886850 [debug] [Thread-4 (]: Writing runtime sql for node "model.financial_twin.int_subscription_months"
[0m19:34:07.887434 [debug] [Thread-4 (]: Using duckdb connection "model.financial_twin.int_subscription_months"
[0m19:34:07.887622 [debug] [Thread-4 (]: On model.financial_twin.int_subscription_months: BEGIN
[0m19:34:07.887912 [debug] [Thread-4 (]: Opening a new connection, currently in state init
[0m19:34:07.888757 [debug] [Thread-4 (]: SQL status: OK in 0.001 seconds
[0m19:34:07.889025 [debug] [Thread-4 (]: Using duckdb connection "model.financial_twin.int_subscription_months"
[0m19:34:07.889217 [debug] [Thread-4 (]: On model.financial_twin.int_subscription_months: /* {"app": "dbt", "dbt_version": "1.8.0", "profile_name": "financial_twin", "target_name": "dev", "node_id": "model.financial_twin.int_subscription_months"} */

  
    
    

    create  table
      "financial_model"."main"."int_subscription_months__dbt_tmp"
  
    as (
      with calendar as (
    select distinct month_end from "financial_model"."main"."dim_calendar"
    where month_end = date_trunc('month', month_end) + interval '1 month' - interval '1 day'
),
subs as (
    select * from "financial_model"."main"."stg_subscriptions"
)
select
    c.month_end,
    s.subscription_id,
    s.customer_id,
    s.mrr,
    s.currency
from calendar c
cross join subs s
where s.start_date <= c.month_end
  and (s.end_date is null or s.end_date > c.month_end)
    );
  
  
[0m19:34:07.892538 [debug] [Thread-4 (]: SQL status: OK in 0.003 seconds
[0m19:34:07.895308 [debug] [Thread-4 (]: Using duckdb connection "model.financial_twin.int_subscription_months"
[0m19:34:07.895507 [debug] [Thread-4 (]: On model.financial_twin.int_subscription_months: /* {"app": "dbt", "dbt_version": "1.8.0", "profile_name": "financial_twin", "target_name": "dev", "node_id": "model.financial_twin.int_subscription_months"} */

    SELECT index_name
    FROM duckdb_indexes()
    WHERE schema_name = 'main'
      AND table_name = 'int_subscription_months'
  
[0m19:34:07.896034 [debug] [Thread-4 (]: SQL status: OK in 0.000 seconds
[0m19:34:07.896679 [debug] [Thread-4 (]: Using duckdb connection "model.financial_twin.int_subscription_months"
[0m19:34:07.896955 [debug] [Thread-4 (]: On model.financial_twin.int_subscription_months: /* {"app": "dbt", "dbt_version": "1.8.0", "profile_name": "financial_twin", "target_name": "dev", "node_id": "model.financial_twin.int_subscription_months"} */

    SELECT COUNT(*) as remaining_indexes
    FROM duckdb_indexes()
    WHERE schema_name = 'main'
      AND table_name = 'int_subscription_months'
  
[0m19:34:07.897437 [debug] [Thread-4 (]: SQL status: OK in 0.000 seconds
[0m19:34:07.898920 [debug] [Thread-4 (]: Using duckdb connection "model.financial_twin.int_subscription_months"
[0m19:34:07.899107 [debug] [Thread-4 (]: On model.financial_twin.int_subscription_months: /* {"app": "dbt", "dbt_version": "1.8.0", "profile_name": "financial_twin", "target_name": "dev", "node_id": "model.financial_twin.int_subscription_months"} */
alter table "financial_model"."main"."int_subscription_months" rename to "int_subscription_months__dbt_backup"
[0m19:34:07.899436 [debug] [Thread-4 (]: SQL status: OK in 0.000 seconds
[0m19:34:07.900758 [debug] [Thread-4 (]: Using duckdb connection "model.financial_twin.int_subscription_months"
[0m19:34:07.900916 [debug] [Thread-4 (]: On model.financial_twin.int_subscription_months: /* {"app": "dbt", "dbt_version": "1.8.0", "profile_name": "financial_twin", "target_name": "dev", "node_id": "model.financial_twin.int_subscription_months"} */
alter table "financial_model"."main"."int_subscription_months__dbt_tmp" rename to "int_subscription_months"
[0m19:34:07.901186 [debug] [Thread-4 (]: SQL status: OK in 0.000 seconds
[0m19:34:07.904626 [debug] [Thread-4 (]: On model.financial_twin.int_subscription_months: COMMIT
[0m19:34:07.904894 [debug] [Thread-4 (]: Using duckdb connection "model.financial_twin.int_subscription_months"
[0m19:34:07.905064 [debug] [Thread-4 (]: On model.financial_twin.int_subscription_months: COMMIT
[0m19:34:07.905898 [debug] [Thread-4 (]: SQL status: OK in 0.001 seconds
[0m19:34:07.936826 [debug] [Thread-4 (]: Using duckdb connection "model.financial_twin.int_subscription_months"
[0m19:34:07.937096 [debug] [Thread-4 (]: On model.financial_twin.int_subscription_months: /* {"app": "dbt", "dbt_version": "1.8.0", "profile_name": "financial_twin", "target_name": "dev", "node_id": "model.financial_twin.int_subscription_months"} */

      drop table if exists "financial_model"."main"."int_subscription_months__dbt_backup" cascade
    
[0m19:34:07.937676 [debug] [Thread-4 (]: SQL status: OK in 0.000 seconds
[0m19:34:07.938315 [debug] [Thread-4 (]: On model.financial_twin.int_subscription_months: Close
[0m19:34:07.938565 [debug] [Thread-4 (]: Sending event: {'category': 'dbt', 'action': 'run_model', 'label': 'c4cb02de-3e0c-4b83-b36b-595d65bad7b9', 'context': [<snowplow_tracker.self_describing_json.SelfDescribingJson object at 0x1042af9d0>]}
[0m19:34:07.938835 [info ] [Thread-4 (]: 4 of 7 OK created sql table model main.int_subscription_months ................. [[32mOK[0m in 0.06s]
[0m19:34:07.939086 [debug] [Thread-4 (]: Finished running node model.financial_twin.int_subscription_months
[0m19:34:07.939401 [debug] [Thread-1 (]: Began running node model.financial_twin.mart_finance_monthly
[0m19:34:07.939619 [info ] [Thread-1 (]: 5 of 7 START sql table model main.mart_finance_monthly ......................... [RUN]
[0m19:34:07.939895 [debug] [Thread-1 (]: Re-using an available connection from the pool (formerly model.financial_twin.stg_budget, now model.financial_twin.mart_finance_monthly)
[0m19:34:07.940090 [debug] [Thread-1 (]: Began compiling node model.financial_twin.mart_finance_monthly
[0m19:34:07.941626 [debug] [Thread-1 (]: Writing injected SQL for node "model.financial_twin.mart_finance_monthly"
[0m19:34:07.941990 [debug] [Thread-1 (]: Began executing node model.financial_twin.mart_finance_monthly
[0m19:34:07.943568 [debug] [Thread-1 (]: Writing runtime sql for node "model.financial_twin.mart_finance_monthly"
[0m19:34:07.943854 [debug] [Thread-1 (]: Using duckdb connection "model.financial_twin.mart_finance_monthly"
[0m19:34:07.944014 [debug] [Thread-1 (]: On model.financial_twin.mart_finance_monthly: BEGIN
[0m19:34:07.944162 [debug] [Thread-1 (]: Opening a new connection, currently in state closed
[0m19:34:07.944491 [debug] [Thread-1 (]: SQL status: OK in 0.000 seconds
[0m19:34:07.944746 [debug] [Thread-1 (]: Using duckdb connection "model.financial_twin.mart_finance_monthly"
[0m19:34:07.944957 [debug] [Thread-1 (]: On model.financial_twin.mart_finance_monthly: /* {"app": "dbt", "dbt_version": "1.8.0", "profile_name": "financial_twin", "target_name": "dev", "node_id": "model.financial_twin.mart_finance_monthly"} */

  
    
    

    create  table
      "financial_model"."main"."mart_finance_monthly__dbt_tmp"
  
    as (
      with act as (
    select
        month_end,
        'ACT' as scenario,
        2 as scenario_id,
        count(distinct customer_id) as customers,
        sum(mrr) as mrr,
        sum(mrr) * 12 as arr
    from "financial_model"."main"."int_subscription_months"
    group by 1
),
bud as (
    select
        month_end,
        'BUD' as scenario,
        1 as scenario_id,
        budget_customers as customers,
        budget_mrr as mrr,
        budget_arr as arr
    from "financial_model"."main"."stg_budget"
)

select * from act
union all
select * from bud
    );
  
  
[0m19:34:07.947632 [debug] [Thread-1 (]: SQL status: OK in 0.002 seconds
[0m19:34:07.948240 [debug] [Thread-1 (]: Using duckdb connection "model.financial_twin.mart_finance_monthly"
[0m19:34:07.948430 [debug] [Thread-1 (]: On model.financial_twin.mart_finance_monthly: /* {"app": "dbt", "dbt_version": "1.8.0", "profile_name": "financial_twin", "target_name": "dev", "node_id": "model.financial_twin.mart_finance_monthly"} */

    SELECT index_name
    FROM duckdb_indexes()
    WHERE schema_name = 'main'
      AND table_name = 'mart_finance_monthly'
  
[0m19:34:07.948942 [debug] [Thread-1 (]: SQL status: OK in 0.000 seconds
[0m19:34:07.949501 [debug] [Thread-1 (]: Using duckdb connection "model.financial_twin.mart_finance_monthly"
[0m19:34:07.949665 [debug] [Thread-1 (]: On model.financial_twin.mart_finance_monthly: /* {"app": "dbt", "dbt_version": "1.8.0", "profile_name": "financial_twin", "target_name": "dev", "node_id": "model.financial_twin.mart_finance_monthly"} */

    SELECT COUNT(*) as remaining_indexes
    FROM duckdb_indexes()
    WHERE schema_name = 'main'
      AND table_name = 'mart_finance_monthly'
  
[0m19:34:07.950079 [debug] [Thread-1 (]: SQL status: OK in 0.000 seconds
[0m19:34:07.951605 [debug] [Thread-1 (]: Using duckdb connection "model.financial_twin.mart_finance_monthly"
[0m19:34:07.951772 [debug] [Thread-1 (]: On model.financial_twin.mart_finance_monthly: /* {"app": "dbt", "dbt_version": "1.8.0", "profile_name": "financial_twin", "target_name": "dev", "node_id": "model.financial_twin.mart_finance_monthly"} */
alter table "financial_model"."main"."mart_finance_monthly" rename to "mart_finance_monthly__dbt_backup"
[0m19:34:07.952071 [debug] [Thread-1 (]: SQL status: OK in 0.000 seconds
[0m19:34:07.953538 [debug] [Thread-1 (]: Using duckdb connection "model.financial_twin.mart_finance_monthly"
[0m19:34:07.953748 [debug] [Thread-1 (]: On model.financial_twin.mart_finance_monthly: /* {"app": "dbt", "dbt_version": "1.8.0", "profile_name": "financial_twin", "target_name": "dev", "node_id": "model.financial_twin.mart_finance_monthly"} */
alter table "financial_model"."main"."mart_finance_monthly__dbt_tmp" rename to "mart_finance_monthly"
[0m19:34:07.954112 [debug] [Thread-1 (]: SQL status: OK in 0.000 seconds
[0m19:34:07.954891 [debug] [Thread-1 (]: On model.financial_twin.mart_finance_monthly: COMMIT
[0m19:34:07.955052 [debug] [Thread-1 (]: Using duckdb connection "model.financial_twin.mart_finance_monthly"
[0m19:34:07.955191 [debug] [Thread-1 (]: On model.financial_twin.mart_finance_monthly: COMMIT
[0m19:34:07.955719 [debug] [Thread-1 (]: SQL status: OK in 0.000 seconds
[0m19:34:07.956793 [debug] [Thread-1 (]: Using duckdb connection "model.financial_twin.mart_finance_monthly"
[0m19:34:07.956950 [debug] [Thread-1 (]: On model.financial_twin.mart_finance_monthly: /* {"app": "dbt", "dbt_version": "1.8.0", "profile_name": "financial_twin", "target_name": "dev", "node_id": "model.financial_twin.mart_finance_monthly"} */

      drop table if exists "financial_model"."main"."mart_finance_monthly__dbt_backup" cascade
    
[0m19:34:07.957316 [debug] [Thread-1 (]: SQL status: OK in 0.000 seconds
[0m19:34:07.957909 [debug] [Thread-1 (]: On model.financial_twin.mart_finance_monthly: Close
[0m19:34:07.958177 [debug] [Thread-1 (]: Sending event: {'category': 'dbt', 'action': 'run_model', 'label': 'c4cb02de-3e0c-4b83-b36b-595d65bad7b9', 'context': [<snowplow_tracker.self_describing_json.SelfDescribingJson object at 0x118ba4c10>]}
[0m19:34:07.958462 [info ] [Thread-1 (]: 5 of 7 OK created sql table model main.mart_finance_monthly .................... [[32mOK[0m in 0.02s]
[0m19:34:07.958722 [debug] [Thread-1 (]: Finished running node model.financial_twin.mart_finance_monthly
[0m19:34:07.959101 [debug] [Thread-2 (]: Began running node model.financial_twin.mart_consolidated_reporting
[0m19:34:07.959275 [debug] [Thread-4 (]: Began running node model.financial_twin.mart_forecast_input
[0m19:34:07.959517 [info ] [Thread-2 (]: 6 of 7 START sql table model main.mart_consolidated_reporting .................. [RUN]
[0m19:34:07.959763 [info ] [Thread-4 (]: 7 of 7 START sql table model main.mart_forecast_input .......................... [RUN]
[0m19:34:07.959998 [debug] [Thread-2 (]: Re-using an available connection from the pool (formerly model.financial_twin.stg_customers, now model.financial_twin.mart_consolidated_reporting)
[0m19:34:07.960200 [debug] [Thread-4 (]: Re-using an available connection from the pool (formerly model.financial_twin.int_subscription_months, now model.financial_twin.mart_forecast_input)
[0m19:34:07.960373 [debug] [Thread-2 (]: Began compiling node model.financial_twin.mart_consolidated_reporting
[0m19:34:07.960532 [debug] [Thread-4 (]: Began compiling node model.financial_twin.mart_forecast_input
[0m19:34:07.962209 [debug] [Thread-2 (]: Writing injected SQL for node "model.financial_twin.mart_consolidated_reporting"
[0m19:34:07.963357 [debug] [Thread-4 (]: Writing injected SQL for node "model.financial_twin.mart_forecast_input"
[0m19:34:07.963930 [debug] [Thread-4 (]: Began executing node model.financial_twin.mart_forecast_input
[0m19:34:07.965743 [debug] [Thread-4 (]: Writing runtime sql for node "model.financial_twin.mart_forecast_input"
[0m19:34:07.965969 [debug] [Thread-2 (]: Began executing node model.financial_twin.mart_consolidated_reporting
[0m19:34:07.967568 [debug] [Thread-2 (]: Writing runtime sql for node "model.financial_twin.mart_consolidated_reporting"
[0m19:34:07.967866 [debug] [Thread-4 (]: Using duckdb connection "model.financial_twin.mart_forecast_input"
[0m19:34:07.968068 [debug] [Thread-4 (]: On model.financial_twin.mart_forecast_input: BEGIN
[0m19:34:07.968234 [debug] [Thread-2 (]: Using duckdb connection "model.financial_twin.mart_consolidated_reporting"
[0m19:34:07.968389 [debug] [Thread-4 (]: Opening a new connection, currently in state closed
[0m19:34:07.968544 [debug] [Thread-2 (]: On model.financial_twin.mart_consolidated_reporting: BEGIN
[0m19:34:07.968804 [debug] [Thread-2 (]: Opening a new connection, currently in state closed
[0m19:34:07.969019 [debug] [Thread-4 (]: SQL status: OK in 0.001 seconds
[0m19:34:07.969192 [debug] [Thread-4 (]: Using duckdb connection "model.financial_twin.mart_forecast_input"
[0m19:34:07.969509 [debug] [Thread-2 (]: SQL status: OK in 0.001 seconds
[0m19:34:07.969683 [debug] [Thread-4 (]: On model.financial_twin.mart_forecast_input: /* {"app": "dbt", "dbt_version": "1.8.0", "profile_name": "financial_twin", "target_name": "dev", "node_id": "model.financial_twin.mart_forecast_input"} */

  
    
    

    create  table
      "financial_model"."main"."mart_forecast_input__dbt_tmp"
  
    as (
      select
    month_end as ds,
    mrr as y
from "financial_model"."main"."mart_finance_monthly"
where scenario = 'ACT'
order by ds
    );
  
  
[0m19:34:07.986429 [debug] [Thread-4 (]: SQL status: OK in 0.016 seconds
[0m19:34:07.987292 [debug] [Thread-4 (]: Using duckdb connection "model.financial_twin.mart_forecast_input"
[0m19:34:07.987526 [debug] [Thread-4 (]: On model.financial_twin.mart_forecast_input: /* {"app": "dbt", "dbt_version": "1.8.0", "profile_name": "financial_twin", "target_name": "dev", "node_id": "model.financial_twin.mart_forecast_input"} */

    SELECT index_name
    FROM duckdb_indexes()
    WHERE schema_name = 'main'
      AND table_name = 'mart_forecast_input'
  
[0m19:34:07.988346 [debug] [Thread-4 (]: SQL status: OK in 0.000 seconds
[0m19:34:07.989092 [debug] [Thread-4 (]: Using duckdb connection "model.financial_twin.mart_forecast_input"
[0m19:34:07.993998 [debug] [Thread-4 (]: On model.financial_twin.mart_forecast_input: /* {"app": "dbt", "dbt_version": "1.8.0", "profile_name": "financial_twin", "target_name": "dev", "node_id": "model.financial_twin.mart_forecast_input"} */

    SELECT COUNT(*) as remaining_indexes
    FROM duckdb_indexes()
    WHERE schema_name = 'main'
      AND table_name = 'mart_forecast_input'
  
[0m19:34:07.995311 [debug] [Thread-4 (]: SQL status: OK in 0.001 seconds
[0m19:34:07.969884 [debug] [Thread-2 (]: Using duckdb connection "model.financial_twin.mart_consolidated_reporting"
[0m19:34:08.009143 [debug] [Thread-4 (]: Using duckdb connection "model.financial_twin.mart_forecast_input"
[0m19:34:08.009757 [debug] [Thread-2 (]: On model.financial_twin.mart_consolidated_reporting: /* {"app": "dbt", "dbt_version": "1.8.0", "profile_name": "financial_twin", "target_name": "dev", "node_id": "model.financial_twin.mart_consolidated_reporting"} */

  
    
    

    create  table
      "financial_model"."main"."mart_consolidated_reporting__dbt_tmp"
  
    as (
      with act as (
    select
        month_end,
        'ACT' as scenario,
        2 as scenario_id,
        customers,
        mrr,
        arr
    from "financial_model"."main"."mart_finance_monthly"
    where scenario = 'ACT'
),
bud as (
    select
        month_end,
        'BUD' as scenario,
        1 as scenario_id,
        customers,
        mrr,
        arr
    from "financial_model"."main"."mart_finance_monthly"
    where scenario = 'BUD'
),
fct as (
    select
        month_end,
        'FCT' as scenario,
        3 as scenario_id,
        customers,
        mrr,
        arr
    from "financial_model"."main"."raw_forecast"
)

select * from act
union all
select * from bud
union all
select * from fct
    );
  
  
[0m19:34:08.009997 [debug] [Thread-4 (]: On model.financial_twin.mart_forecast_input: /* {"app": "dbt", "dbt_version": "1.8.0", "profile_name": "financial_twin", "target_name": "dev", "node_id": "model.financial_twin.mart_forecast_input"} */
alter table "financial_model"."main"."mart_forecast_input" rename to "mart_forecast_input__dbt_backup"
[0m19:34:08.010662 [debug] [Thread-4 (]: SQL status: OK in 0.000 seconds
[0m19:34:08.014511 [debug] [Thread-4 (]: Using duckdb connection "model.financial_twin.mart_forecast_input"
[0m19:34:08.014903 [debug] [Thread-4 (]: On model.financial_twin.mart_forecast_input: /* {"app": "dbt", "dbt_version": "1.8.0", "profile_name": "financial_twin", "target_name": "dev", "node_id": "model.financial_twin.mart_forecast_input"} */
alter table "financial_model"."main"."mart_forecast_input__dbt_tmp" rename to "mart_forecast_input"
[0m19:34:08.015272 [debug] [Thread-2 (]: SQL status: OK in 0.005 seconds
[0m19:34:08.015890 [debug] [Thread-2 (]: Using duckdb connection "model.financial_twin.mart_consolidated_reporting"
[0m19:34:08.016078 [debug] [Thread-2 (]: On model.financial_twin.mart_consolidated_reporting: /* {"app": "dbt", "dbt_version": "1.8.0", "profile_name": "financial_twin", "target_name": "dev", "node_id": "model.financial_twin.mart_consolidated_reporting"} */

    SELECT index_name
    FROM duckdb_indexes()
    WHERE schema_name = 'main'
      AND table_name = 'mart_consolidated_reporting'
  
[0m19:34:08.016265 [debug] [Thread-4 (]: SQL status: OK in 0.001 seconds
[0m19:34:08.025741 [debug] [Thread-4 (]: On model.financial_twin.mart_forecast_input: COMMIT
[0m19:34:08.026214 [debug] [Thread-4 (]: Using duckdb connection "model.financial_twin.mart_forecast_input"
[0m19:34:08.026384 [debug] [Thread-4 (]: On model.financial_twin.mart_forecast_input: COMMIT
[0m19:34:08.026565 [debug] [Thread-2 (]: SQL status: OK in 0.003 seconds
[0m19:34:08.027208 [debug] [Thread-2 (]: Using duckdb connection "model.financial_twin.mart_consolidated_reporting"
[0m19:34:08.027463 [debug] [Thread-2 (]: On model.financial_twin.mart_consolidated_reporting: /* {"app": "dbt", "dbt_version": "1.8.0", "profile_name": "financial_twin", "target_name": "dev", "node_id": "model.financial_twin.mart_consolidated_reporting"} */

    SELECT COUNT(*) as remaining_indexes
    FROM duckdb_indexes()
    WHERE schema_name = 'main'
      AND table_name = 'mart_consolidated_reporting'
  
[0m19:34:08.027750 [debug] [Thread-4 (]: SQL status: OK in 0.001 seconds
[0m19:34:08.029038 [debug] [Thread-4 (]: Using duckdb connection "model.financial_twin.mart_forecast_input"
[0m19:34:08.029221 [debug] [Thread-4 (]: On model.financial_twin.mart_forecast_input: /* {"app": "dbt", "dbt_version": "1.8.0", "profile_name": "financial_twin", "target_name": "dev", "node_id": "model.financial_twin.mart_forecast_input"} */

      drop table if exists "financial_model"."main"."mart_forecast_input__dbt_backup" cascade
    
[0m19:34:08.029387 [debug] [Thread-2 (]: SQL status: OK in 0.002 seconds
[0m19:34:08.030998 [debug] [Thread-2 (]: Using duckdb connection "model.financial_twin.mart_consolidated_reporting"
[0m19:34:08.031271 [debug] [Thread-2 (]: On model.financial_twin.mart_consolidated_reporting: /* {"app": "dbt", "dbt_version": "1.8.0", "profile_name": "financial_twin", "target_name": "dev", "node_id": "model.financial_twin.mart_consolidated_reporting"} */
alter table "financial_model"."main"."mart_consolidated_reporting" rename to "mart_consolidated_reporting__dbt_backup"
[0m19:34:08.031464 [debug] [Thread-4 (]: SQL status: OK in 0.002 seconds
[0m19:34:08.032133 [debug] [Thread-4 (]: On model.financial_twin.mart_forecast_input: Close
[0m19:34:08.032376 [debug] [Thread-4 (]: Sending event: {'category': 'dbt', 'action': 'run_model', 'label': 'c4cb02de-3e0c-4b83-b36b-595d65bad7b9', 'context': [<snowplow_tracker.self_describing_json.SelfDescribingJson object at 0x119016b10>]}
[0m19:34:08.032533 [debug] [Thread-2 (]: SQL status: OK in 0.001 seconds
[0m19:34:08.034093 [debug] [Thread-2 (]: Using duckdb connection "model.financial_twin.mart_consolidated_reporting"
[0m19:34:08.034268 [debug] [Thread-2 (]: On model.financial_twin.mart_consolidated_reporting: /* {"app": "dbt", "dbt_version": "1.8.0", "profile_name": "financial_twin", "target_name": "dev", "node_id": "model.financial_twin.mart_consolidated_reporting"} */
alter table "financial_model"."main"."mart_consolidated_reporting__dbt_tmp" rename to "mart_consolidated_reporting"
[0m19:34:08.032800 [info ] [Thread-4 (]: 7 of 7 OK created sql table model main.mart_forecast_input ..................... [[32mOK[0m in 0.07s]
[0m19:34:08.034610 [debug] [Thread-4 (]: Finished running node model.financial_twin.mart_forecast_input
[0m19:34:08.034825 [debug] [Thread-2 (]: SQL status: OK in 0.000 seconds
[0m19:34:08.035533 [debug] [Thread-2 (]: On model.financial_twin.mart_consolidated_reporting: COMMIT
[0m19:34:08.035682 [debug] [Thread-2 (]: Using duckdb connection "model.financial_twin.mart_consolidated_reporting"
[0m19:34:08.035844 [debug] [Thread-2 (]: On model.financial_twin.mart_consolidated_reporting: COMMIT
[0m19:34:08.036420 [debug] [Thread-2 (]: SQL status: OK in 0.000 seconds
[0m19:34:08.037534 [debug] [Thread-2 (]: Using duckdb connection "model.financial_twin.mart_consolidated_reporting"
[0m19:34:08.037693 [debug] [Thread-2 (]: On model.financial_twin.mart_consolidated_reporting: /* {"app": "dbt", "dbt_version": "1.8.0", "profile_name": "financial_twin", "target_name": "dev", "node_id": "model.financial_twin.mart_consolidated_reporting"} */

      drop table if exists "financial_model"."main"."mart_consolidated_reporting__dbt_backup" cascade
    
[0m19:34:08.038083 [debug] [Thread-2 (]: SQL status: OK in 0.000 seconds
[0m19:34:08.038646 [debug] [Thread-2 (]: On model.financial_twin.mart_consolidated_reporting: Close
[0m19:34:08.038864 [debug] [Thread-2 (]: Sending event: {'category': 'dbt', 'action': 'run_model', 'label': 'c4cb02de-3e0c-4b83-b36b-595d65bad7b9', 'context': [<snowplow_tracker.self_describing_json.SelfDescribingJson object at 0x1181c0f10>]}
[0m19:34:08.039115 [info ] [Thread-2 (]: 6 of 7 OK created sql table model main.mart_consolidated_reporting ............. [[32mOK[0m in 0.08s]
[0m19:34:08.039386 [debug] [Thread-2 (]: Finished running node model.financial_twin.mart_consolidated_reporting
[0m19:34:08.040180 [debug] [MainThread]: Using duckdb connection "master"
[0m19:34:08.040342 [debug] [MainThread]: On master: BEGIN
[0m19:34:08.040460 [debug] [MainThread]: Opening a new connection, currently in state closed
[0m19:34:08.040745 [debug] [MainThread]: SQL status: OK in 0.000 seconds
[0m19:34:08.040881 [debug] [MainThread]: On master: COMMIT
[0m19:34:08.041001 [debug] [MainThread]: Using duckdb connection "master"
[0m19:34:08.041119 [debug] [MainThread]: On master: COMMIT
[0m19:34:08.041329 [debug] [MainThread]: SQL status: OK in 0.000 seconds
[0m19:34:08.041456 [debug] [MainThread]: On master: Close
[0m19:34:08.041614 [debug] [MainThread]: Connection 'master' was properly closed.
[0m19:34:08.041737 [debug] [MainThread]: Connection 'model.financial_twin.mart_finance_monthly' was properly closed.
[0m19:34:08.041844 [debug] [MainThread]: Connection 'model.financial_twin.mart_consolidated_reporting' was properly closed.
[0m19:34:08.041952 [debug] [MainThread]: Connection 'model.financial_twin.stg_subscriptions' was properly closed.
[0m19:34:08.042054 [debug] [MainThread]: Connection 'model.financial_twin.mart_forecast_input' was properly closed.
[0m19:34:08.042222 [info ] [MainThread]: 
[0m19:34:08.042362 [info ] [MainThread]: Finished running 3 view models, 4 table models in 0 hours 0 minutes and 0.32 seconds (0.32s).
[0m19:34:08.042921 [debug] [MainThread]: Command end result
[0m19:34:08.057808 [info ] [MainThread]: 
[0m19:34:08.058061 [info ] [MainThread]: [32mCompleted successfully[0m
[0m19:34:08.058212 [info ] [MainThread]: 
[0m19:34:08.058363 [info ] [MainThread]: Done. PASS=7 WARN=0 ERROR=0 SKIP=0 TOTAL=7
[0m19:34:08.059442 [debug] [MainThread]: Resource report: {"command_name": "run", "command_success": true, "command_wall_clock_time": 0.73333716, "process_user_time": 1.100731, "process_kernel_time": 0.19072, "process_mem_max_rss": "155090944", "process_in_blocks": "0", "process_out_blocks": "0"}
[0m19:34:08.059757 [debug] [MainThread]: Command `dbt run` succeeded at 19:34:08.059714 after 0.73 seconds
[0m19:34:08.059977 [debug] [MainThread]: Sending event: {'category': 'dbt', 'action': 'invocation', 'label': 'end', 'context': [<snowplow_tracker.self_describing_json.SelfDescribingJson object at 0x1022f7190>, <snowplow_tracker.self_describing_json.SelfDescribingJson object at 0x10226bfd0>, <snowplow_tracker.self_describing_json.SelfDescribingJson object at 0x1022cd210>]}
[0m19:34:08.060159 [debug] [MainThread]: Flushing usage events
[0m19:34:10.691847 [debug] [MainThread]: Sending event: {'category': 'dbt', 'action': 'invocation', 'label': 'start', 'context': [<snowplow_tracker.self_describing_json.SelfDescribingJson object at 0x1067e06d0>, <snowplow_tracker.self_describing_json.SelfDescribingJson object at 0x1068350d0>, <snowplow_tracker.self_describing_json.SelfDescribingJson object at 0x1067da9d0>]}


============================== 19:34:10.693998 | 2a34af1b-5ae5-4d32-8dd4-b55ec64b91f7 ==============================
[0m19:34:10.693998 [info ] [MainThread]: Running with dbt=1.8.0
[0m19:34:10.694307 [debug] [MainThread]: running dbt with arguments {'printer_width': '80', 'indirect_selection': 'eager', 'write_json': 'True', 'log_cache_events': 'False', 'partial_parse': 'True', 'cache_selected_only': 'False', 'profiles_dir': '.', 'version_check': 'True', 'debug': 'False', 'log_path': '/Users/admin/Desktop/Portfolio/dbt_financial/logs', 'warn_error': 'None', 'fail_fast': 'False', 'use_colors': 'True', 'use_experimental_parser': 'False', 'no_print': 'None', 'quiet': 'False', 'log_format': 'default', 'static_parser': 'True', 'invocation_command': 'dbt run --profiles-dir .', 'warn_error_options': 'WarnErrorOptions(include=[], exclude=[])', 'target_path': 'None', 'introspect': 'True', 'send_anonymous_usage_stats': 'True'}
[0m19:34:10.806660 [debug] [MainThread]: Sending event: {'category': 'dbt', 'action': 'project_id', 'label': '2a34af1b-5ae5-4d32-8dd4-b55ec64b91f7', 'context': [<snowplow_tracker.self_describing_json.SelfDescribingJson object at 0x106835b10>]}
[0m19:34:10.829650 [debug] [MainThread]: Sending event: {'category': 'dbt', 'action': 'adapter_info', 'label': '2a34af1b-5ae5-4d32-8dd4-b55ec64b91f7', 'context': [<snowplow_tracker.self_describing_json.SelfDescribingJson object at 0x104ceb290>]}
[0m19:34:10.830703 [info ] [MainThread]: Registered adapter: duckdb=1.10.0
[0m19:34:10.886608 [debug] [MainThread]: checksum: dbb12d416fdb55e3665e4828703bbedf40c5c90ed7ca6ff39bbbfb29b12b0a92, vars: {}, profile: , target: , version: 1.8.0
[0m19:34:10.940663 [debug] [MainThread]: Partial parsing enabled: 0 files deleted, 0 files added, 0 files changed.
[0m19:34:10.940959 [debug] [MainThread]: Partial parsing enabled, no changes found, skipping parsing
[0m19:34:10.956827 [debug] [MainThread]: Sending event: {'category': 'dbt', 'action': 'load_project', 'label': '2a34af1b-5ae5-4d32-8dd4-b55ec64b91f7', 'context': [<snowplow_tracker.self_describing_json.SelfDescribingJson object at 0x106c04c10>]}
[0m19:34:10.996828 [debug] [MainThread]: Sending event: {'category': 'dbt', 'action': 'resource_counts', 'label': '2a34af1b-5ae5-4d32-8dd4-b55ec64b91f7', 'context': [<snowplow_tracker.self_describing_json.SelfDescribingJson object at 0x106c05050>]}
[0m19:34:10.997128 [info ] [MainThread]: Found 7 models, 5 sources, 438 macros
[0m19:34:10.997308 [debug] [MainThread]: Sending event: {'category': 'dbt', 'action': 'runnable_timing', 'label': '2a34af1b-5ae5-4d32-8dd4-b55ec64b91f7', 'context': [<snowplow_tracker.self_describing_json.SelfDescribingJson object at 0x106cb6dd0>]}
[0m19:34:10.998337 [info ] [MainThread]: 
[0m19:34:10.998625 [debug] [MainThread]: Acquiring new duckdb connection 'master'
[0m19:34:11.000948 [debug] [ThreadPool]: Acquiring new duckdb connection 'list_financial_model'
[0m19:34:11.024716 [debug] [ThreadPool]: Using duckdb connection "list_financial_model"
[0m19:34:11.024972 [debug] [ThreadPool]: On list_financial_model: /* {"app": "dbt", "dbt_version": "1.8.0", "profile_name": "financial_twin", "target_name": "dev", "connection_name": "list_financial_model"} */

    
    select schema_name
    from system.information_schema.schemata
    
    where lower(catalog_name) = '"financial_model"'
    
  
  
[0m19:34:11.025120 [debug] [ThreadPool]: Opening a new connection, currently in state init
[0m19:34:11.033078 [debug] [ThreadPool]: SQL status: OK in 0.008 seconds
[0m19:34:11.033722 [debug] [ThreadPool]: On list_financial_model: Close
[0m19:34:11.034044 [debug] [ThreadPool]: Re-using an available connection from the pool (formerly list_financial_model, now create_financial_model_main)
[0m19:34:11.034247 [debug] [ThreadPool]: Creating schema "database: "financial_model"
schema: "main"
"
[0m19:34:11.037538 [debug] [ThreadPool]: Using duckdb connection "create_financial_model_main"
[0m19:34:11.037734 [debug] [ThreadPool]: On create_financial_model_main: /* {"app": "dbt", "dbt_version": "1.8.0", "profile_name": "financial_twin", "target_name": "dev", "connection_name": "create_financial_model_main"} */

    
        select type from duckdb_databases()
        where lower(database_name)='financial_model'
        and type='sqlite'
    
  
[0m19:34:11.037870 [debug] [ThreadPool]: Opening a new connection, currently in state closed
[0m19:34:11.038374 [debug] [ThreadPool]: SQL status: OK in 0.000 seconds
[0m19:34:11.038960 [debug] [ThreadPool]: Using duckdb connection "create_financial_model_main"
[0m19:34:11.039105 [debug] [ThreadPool]: On create_financial_model_main: BEGIN
[0m19:34:11.039331 [debug] [ThreadPool]: SQL status: OK in 0.000 seconds
[0m19:34:11.039454 [debug] [ThreadPool]: Using duckdb connection "create_financial_model_main"
[0m19:34:11.039580 [debug] [ThreadPool]: On create_financial_model_main: /* {"app": "dbt", "dbt_version": "1.8.0", "profile_name": "financial_twin", "target_name": "dev", "connection_name": "create_financial_model_main"} */

    
    
        create schema if not exists "financial_model"."main"
    
[0m19:34:11.039806 [debug] [ThreadPool]: SQL status: OK in 0.000 seconds
[0m19:34:11.040138 [debug] [ThreadPool]: On create_financial_model_main: COMMIT
[0m19:34:11.040267 [debug] [ThreadPool]: Using duckdb connection "create_financial_model_main"
[0m19:34:11.040381 [debug] [ThreadPool]: On create_financial_model_main: COMMIT
[0m19:34:11.040581 [debug] [ThreadPool]: SQL status: OK in 0.000 seconds
[0m19:34:11.040708 [debug] [ThreadPool]: On create_financial_model_main: Close
[0m19:34:11.041355 [debug] [ThreadPool]: Re-using an available connection from the pool (formerly create_financial_model_main, now list_financial_model_main)
[0m19:34:11.044060 [debug] [ThreadPool]: Using duckdb connection "list_financial_model_main"
[0m19:34:11.044247 [debug] [ThreadPool]: On list_financial_model_main: BEGIN
[0m19:34:11.044374 [debug] [ThreadPool]: Opening a new connection, currently in state closed
[0m19:34:11.044682 [debug] [ThreadPool]: SQL status: OK in 0.000 seconds
[0m19:34:11.044904 [debug] [ThreadPool]: Using duckdb connection "list_financial_model_main"
[0m19:34:11.045117 [debug] [ThreadPool]: On list_financial_model_main: /* {"app": "dbt", "dbt_version": "1.8.0", "profile_name": "financial_twin", "target_name": "dev", "connection_name": "list_financial_model_main"} */
select
      'financial_model' as database,
      table_name as name,
      table_schema as schema,
      CASE table_type
        WHEN 'BASE TABLE' THEN 'table'
        WHEN 'VIEW' THEN 'view'
        WHEN 'LOCAL TEMPORARY' THEN 'table'
        END as type
    from system.information_schema.tables
    where lower(table_schema) = 'main'
    and lower(table_catalog) = 'financial_model'
  
[0m19:34:11.052399 [debug] [ThreadPool]: SQL status: OK in 0.007 seconds
[0m19:34:11.053377 [debug] [ThreadPool]: On list_financial_model_main: ROLLBACK
[0m19:34:11.053823 [debug] [ThreadPool]: Failed to rollback 'list_financial_model_main'
[0m19:34:11.053979 [debug] [ThreadPool]: On list_financial_model_main: Close
[0m19:34:11.055693 [debug] [MainThread]: Sending event: {'category': 'dbt', 'action': 'runnable_timing', 'label': '2a34af1b-5ae5-4d32-8dd4-b55ec64b91f7', 'context': [<snowplow_tracker.self_describing_json.SelfDescribingJson object at 0x106b835d0>]}
[0m19:34:11.055917 [debug] [MainThread]: Using duckdb connection "master"
[0m19:34:11.056050 [debug] [MainThread]: On master: BEGIN
[0m19:34:11.056166 [debug] [MainThread]: Opening a new connection, currently in state init
[0m19:34:11.056480 [debug] [MainThread]: SQL status: OK in 0.000 seconds
[0m19:34:11.056607 [debug] [MainThread]: On master: COMMIT
[0m19:34:11.056722 [debug] [MainThread]: Using duckdb connection "master"
[0m19:34:11.056835 [debug] [MainThread]: On master: COMMIT
[0m19:34:11.057034 [debug] [MainThread]: SQL status: OK in 0.000 seconds
[0m19:34:11.057155 [debug] [MainThread]: On master: Close
[0m19:34:11.057331 [info ] [MainThread]: Concurrency: 4 threads (target='dev')
[0m19:34:11.057491 [info ] [MainThread]: 
[0m19:34:11.058660 [debug] [Thread-1 (]: Began running node model.financial_twin.stg_budget
[0m19:34:11.058889 [debug] [Thread-2 (]: Began running node model.financial_twin.stg_customers
[0m19:34:11.059128 [info ] [Thread-1 (]: 1 of 7 START sql view model main.stg_budget .................................... [RUN]
[0m19:34:11.059342 [debug] [Thread-3 (]: Began running node model.financial_twin.stg_subscriptions
[0m19:34:11.059531 [info ] [Thread-2 (]: 2 of 7 START sql view model main.stg_customers ................................. [RUN]
[0m19:34:11.059757 [debug] [Thread-1 (]: Re-using an available connection from the pool (formerly list_financial_model_main, now model.financial_twin.stg_budget)
[0m19:34:11.059961 [info ] [Thread-3 (]: 3 of 7 START sql view model main.stg_subscriptions ............................. [RUN]
[0m19:34:11.060191 [debug] [Thread-2 (]: Acquiring new duckdb connection 'model.financial_twin.stg_customers'
[0m19:34:11.060346 [debug] [Thread-1 (]: Began compiling node model.financial_twin.stg_budget
[0m19:34:11.060576 [debug] [Thread-3 (]: Acquiring new duckdb connection 'model.financial_twin.stg_subscriptions'
[0m19:34:11.060755 [debug] [Thread-2 (]: Began compiling node model.financial_twin.stg_customers
[0m19:34:11.064614 [debug] [Thread-1 (]: Writing injected SQL for node "model.financial_twin.stg_budget"
[0m19:34:11.064832 [debug] [Thread-3 (]: Began compiling node model.financial_twin.stg_subscriptions
[0m19:34:11.065952 [debug] [Thread-2 (]: Writing injected SQL for node "model.financial_twin.stg_customers"
[0m19:34:11.067282 [debug] [Thread-3 (]: Writing injected SQL for node "model.financial_twin.stg_subscriptions"
[0m19:34:11.067641 [debug] [Thread-2 (]: Began executing node model.financial_twin.stg_customers
[0m19:34:11.074211 [debug] [Thread-1 (]: Began executing node model.financial_twin.stg_budget
[0m19:34:11.074466 [debug] [Thread-3 (]: Began executing node model.financial_twin.stg_subscriptions
[0m19:34:11.083337 [debug] [Thread-2 (]: Writing runtime sql for node "model.financial_twin.stg_customers"
[0m19:34:11.085642 [debug] [Thread-1 (]: Writing runtime sql for node "model.financial_twin.stg_budget"
[0m19:34:11.088328 [debug] [Thread-3 (]: Writing runtime sql for node "model.financial_twin.stg_subscriptions"
[0m19:34:11.089000 [debug] [Thread-3 (]: Using duckdb connection "model.financial_twin.stg_subscriptions"
[0m19:34:11.089228 [debug] [Thread-2 (]: Using duckdb connection "model.financial_twin.stg_customers"
[0m19:34:11.089401 [debug] [Thread-1 (]: Using duckdb connection "model.financial_twin.stg_budget"
[0m19:34:11.089564 [debug] [Thread-3 (]: On model.financial_twin.stg_subscriptions: BEGIN
[0m19:34:11.089754 [debug] [Thread-2 (]: On model.financial_twin.stg_customers: BEGIN
[0m19:34:11.089918 [debug] [Thread-1 (]: On model.financial_twin.stg_budget: BEGIN
[0m19:34:11.090084 [debug] [Thread-3 (]: Opening a new connection, currently in state init
[0m19:34:11.090242 [debug] [Thread-2 (]: Opening a new connection, currently in state init
[0m19:34:11.090401 [debug] [Thread-1 (]: Opening a new connection, currently in state closed
[0m19:34:11.091236 [debug] [Thread-2 (]: SQL status: OK in 0.001 seconds
[0m19:34:11.091488 [debug] [Thread-3 (]: SQL status: OK in 0.001 seconds
[0m19:34:11.091675 [debug] [Thread-2 (]: Using duckdb connection "model.financial_twin.stg_customers"
[0m19:34:11.091831 [debug] [Thread-1 (]: SQL status: OK in 0.001 seconds
[0m19:34:11.092006 [debug] [Thread-3 (]: Using duckdb connection "model.financial_twin.stg_subscriptions"
[0m19:34:11.092202 [debug] [Thread-2 (]: On model.financial_twin.stg_customers: /* {"app": "dbt", "dbt_version": "1.8.0", "profile_name": "financial_twin", "target_name": "dev", "node_id": "model.financial_twin.stg_customers"} */

  
  create view "financial_model"."main"."stg_customers__dbt_tmp" as (
    with source as (
    select * from "financial_model"."main"."raw_customers"
)
select
    customer_id,
    acquisition_date::date as acquisition_date,
    segment
from source
  );

[0m19:34:11.092387 [debug] [Thread-1 (]: Using duckdb connection "model.financial_twin.stg_budget"
[0m19:34:11.092562 [debug] [Thread-3 (]: On model.financial_twin.stg_subscriptions: /* {"app": "dbt", "dbt_version": "1.8.0", "profile_name": "financial_twin", "target_name": "dev", "node_id": "model.financial_twin.stg_subscriptions"} */

  
  create view "financial_model"."main"."stg_subscriptions__dbt_tmp" as (
    with source as (
    select * from "financial_model"."main"."raw_subscriptions"
)
select
    subscription_id,
    customer_id,
    start_date::date as start_date,
    end_date::date as end_date,
    mrr,
    currency
from source
  );

[0m19:34:11.092859 [debug] [Thread-1 (]: On model.financial_twin.stg_budget: /* {"app": "dbt", "dbt_version": "1.8.0", "profile_name": "financial_twin", "target_name": "dev", "node_id": "model.financial_twin.stg_budget"} */

  
  create view "financial_model"."main"."stg_budget__dbt_tmp" as (
    with source as (
    select * from "financial_model"."main"."fct_budget_monthly"
)
select
    scenario_id,
    month_end::date as month_end,
    fiscal_year,
    budget_mrr,
    budget_customers,
    budget_arr,
    ev_multiple
from source
  );

[0m19:34:11.093142 [debug] [Thread-2 (]: SQL status: OK in 0.000 seconds
[0m19:34:11.093399 [debug] [Thread-3 (]: SQL status: OK in 0.000 seconds
[0m19:34:11.096552 [debug] [Thread-2 (]: Using duckdb connection "model.financial_twin.stg_customers"
[0m19:34:11.096742 [debug] [Thread-1 (]: SQL status: OK in 0.003 seconds
[0m19:34:11.098131 [debug] [Thread-3 (]: Using duckdb connection "model.financial_twin.stg_subscriptions"
[0m19:34:11.098309 [debug] [Thread-2 (]: On model.financial_twin.stg_customers: /* {"app": "dbt", "dbt_version": "1.8.0", "profile_name": "financial_twin", "target_name": "dev", "node_id": "model.financial_twin.stg_customers"} */
alter view "financial_model"."main"."stg_customers" rename to "stg_customers__dbt_backup"
[0m19:34:11.100204 [debug] [Thread-1 (]: Using duckdb connection "model.financial_twin.stg_budget"
[0m19:34:11.100386 [debug] [Thread-3 (]: On model.financial_twin.stg_subscriptions: /* {"app": "dbt", "dbt_version": "1.8.0", "profile_name": "financial_twin", "target_name": "dev", "node_id": "model.financial_twin.stg_subscriptions"} */
alter view "financial_model"."main"."stg_subscriptions" rename to "stg_subscriptions__dbt_backup"
[0m19:34:11.100677 [debug] [Thread-1 (]: On model.financial_twin.stg_budget: /* {"app": "dbt", "dbt_version": "1.8.0", "profile_name": "financial_twin", "target_name": "dev", "node_id": "model.financial_twin.stg_budget"} */
alter view "financial_model"."main"."stg_budget" rename to "stg_budget__dbt_backup"
[0m19:34:11.100853 [debug] [Thread-2 (]: SQL status: OK in 0.000 seconds
[0m19:34:11.101180 [debug] [Thread-3 (]: SQL status: OK in 0.000 seconds
[0m19:34:11.102480 [debug] [Thread-2 (]: Using duckdb connection "model.financial_twin.stg_customers"
[0m19:34:11.102730 [debug] [Thread-1 (]: SQL status: OK in 0.002 seconds
[0m19:34:11.104339 [debug] [Thread-3 (]: Using duckdb connection "model.financial_twin.stg_subscriptions"
[0m19:34:11.104768 [debug] [Thread-2 (]: On model.financial_twin.stg_customers: /* {"app": "dbt", "dbt_version": "1.8.0", "profile_name": "financial_twin", "target_name": "dev", "node_id": "model.financial_twin.stg_customers"} */
alter view "financial_model"."main"."stg_customers__dbt_tmp" rename to "stg_customers"
[0m19:34:11.106420 [debug] [Thread-1 (]: Using duckdb connection "model.financial_twin.stg_budget"
[0m19:34:11.106648 [debug] [Thread-3 (]: On model.financial_twin.stg_subscriptions: /* {"app": "dbt", "dbt_version": "1.8.0", "profile_name": "financial_twin", "target_name": "dev", "node_id": "model.financial_twin.stg_subscriptions"} */
alter view "financial_model"."main"."stg_subscriptions__dbt_tmp" rename to "stg_subscriptions"
[0m19:34:11.106974 [debug] [Thread-1 (]: On model.financial_twin.stg_budget: /* {"app": "dbt", "dbt_version": "1.8.0", "profile_name": "financial_twin", "target_name": "dev", "node_id": "model.financial_twin.stg_budget"} */
alter view "financial_model"."main"."stg_budget__dbt_tmp" rename to "stg_budget"
[0m19:34:11.107214 [debug] [Thread-2 (]: SQL status: OK in 0.000 seconds
[0m19:34:11.107452 [debug] [Thread-3 (]: SQL status: OK in 0.000 seconds
[0m19:34:11.113568 [debug] [Thread-2 (]: On model.financial_twin.stg_customers: COMMIT
[0m19:34:11.113862 [debug] [Thread-1 (]: SQL status: OK in 0.006 seconds
[0m19:34:11.114706 [debug] [Thread-3 (]: On model.financial_twin.stg_subscriptions: COMMIT
[0m19:34:11.114912 [debug] [Thread-2 (]: Using duckdb connection "model.financial_twin.stg_customers"
[0m19:34:11.115630 [debug] [Thread-1 (]: On model.financial_twin.stg_budget: COMMIT
[0m19:34:11.115801 [debug] [Thread-3 (]: Using duckdb connection "model.financial_twin.stg_subscriptions"
[0m19:34:11.115956 [debug] [Thread-2 (]: On model.financial_twin.stg_customers: COMMIT
[0m19:34:11.116107 [debug] [Thread-1 (]: Using duckdb connection "model.financial_twin.stg_budget"
[0m19:34:11.116254 [debug] [Thread-3 (]: On model.financial_twin.stg_subscriptions: COMMIT
[0m19:34:11.116535 [debug] [Thread-1 (]: On model.financial_twin.stg_budget: COMMIT
[0m19:34:11.116889 [debug] [Thread-2 (]: SQL status: OK in 0.000 seconds
[0m19:34:11.117076 [debug] [Thread-3 (]: SQL status: OK in 0.000 seconds
[0m19:34:11.120216 [debug] [Thread-2 (]: Using duckdb connection "model.financial_twin.stg_customers"
[0m19:34:11.120403 [debug] [Thread-1 (]: SQL status: OK in 0.004 seconds
[0m19:34:11.121729 [debug] [Thread-3 (]: Using duckdb connection "model.financial_twin.stg_subscriptions"
[0m19:34:11.121913 [debug] [Thread-2 (]: On model.financial_twin.stg_customers: /* {"app": "dbt", "dbt_version": "1.8.0", "profile_name": "financial_twin", "target_name": "dev", "node_id": "model.financial_twin.stg_customers"} */

      drop view if exists "financial_model"."main"."stg_customers__dbt_backup" cascade
    
[0m19:34:11.122975 [debug] [Thread-1 (]: Using duckdb connection "model.financial_twin.stg_budget"
[0m19:34:11.123150 [debug] [Thread-3 (]: On model.financial_twin.stg_subscriptions: /* {"app": "dbt", "dbt_version": "1.8.0", "profile_name": "financial_twin", "target_name": "dev", "node_id": "model.financial_twin.stg_subscriptions"} */

      drop view if exists "financial_model"."main"."stg_subscriptions__dbt_backup" cascade
    
[0m19:34:11.123402 [debug] [Thread-1 (]: On model.financial_twin.stg_budget: /* {"app": "dbt", "dbt_version": "1.8.0", "profile_name": "financial_twin", "target_name": "dev", "node_id": "model.financial_twin.stg_budget"} */

      drop view if exists "financial_model"."main"."stg_budget__dbt_backup" cascade
    
[0m19:34:11.123689 [debug] [Thread-2 (]: SQL status: OK in 0.000 seconds
[0m19:34:11.124884 [debug] [Thread-2 (]: On model.financial_twin.stg_customers: Close
[0m19:34:11.125078 [debug] [Thread-3 (]: SQL status: OK in 0.002 seconds
[0m19:34:11.125234 [debug] [Thread-1 (]: SQL status: OK in 0.002 seconds
[0m19:34:11.125937 [debug] [Thread-2 (]: Sending event: {'category': 'dbt', 'action': 'run_model', 'label': '2a34af1b-5ae5-4d32-8dd4-b55ec64b91f7', 'context': [<snowplow_tracker.self_describing_json.SelfDescribingJson object at 0x106883690>]}
[0m19:34:11.126544 [debug] [Thread-3 (]: On model.financial_twin.stg_subscriptions: Close
[0m19:34:11.127104 [debug] [Thread-1 (]: On model.financial_twin.stg_budget: Close
[0m19:34:11.127438 [info ] [Thread-2 (]: 2 of 7 OK created sql view model main.stg_customers ............................ [[32mOK[0m in 0.07s]
[0m19:34:11.127710 [debug] [Thread-3 (]: Sending event: {'category': 'dbt', 'action': 'run_model', 'label': '2a34af1b-5ae5-4d32-8dd4-b55ec64b91f7', 'context': [<snowplow_tracker.self_describing_json.SelfDescribingJson object at 0x10711e650>]}
[0m19:34:11.127940 [debug] [Thread-1 (]: Sending event: {'category': 'dbt', 'action': 'run_model', 'label': '2a34af1b-5ae5-4d32-8dd4-b55ec64b91f7', 'context': [<snowplow_tracker.self_describing_json.SelfDescribingJson object at 0x10710c750>]}
[0m19:34:11.128188 [debug] [Thread-2 (]: Finished running node model.financial_twin.stg_customers
[0m19:34:11.128461 [info ] [Thread-3 (]: 3 of 7 OK created sql view model main.stg_subscriptions ........................ [[32mOK[0m in 0.07s]
[0m19:34:11.128748 [info ] [Thread-1 (]: 1 of 7 OK created sql view model main.stg_budget ............................... [[32mOK[0m in 0.07s]
[0m19:34:11.129108 [debug] [Thread-3 (]: Finished running node model.financial_twin.stg_subscriptions
[0m19:34:11.129340 [debug] [Thread-1 (]: Finished running node model.financial_twin.stg_budget
[0m19:34:11.129621 [debug] [Thread-4 (]: Began running node model.financial_twin.int_subscription_months
[0m19:34:11.129880 [info ] [Thread-4 (]: 4 of 7 START sql table model main.int_subscription_months ...................... [RUN]
[0m19:34:11.130121 [debug] [Thread-4 (]: Acquiring new duckdb connection 'model.financial_twin.int_subscription_months'
[0m19:34:11.130293 [debug] [Thread-4 (]: Began compiling node model.financial_twin.int_subscription_months
[0m19:34:11.131700 [debug] [Thread-4 (]: Writing injected SQL for node "model.financial_twin.int_subscription_months"
[0m19:34:11.132037 [debug] [Thread-4 (]: Began executing node model.financial_twin.int_subscription_months
[0m19:34:11.161084 [debug] [Thread-4 (]: Writing runtime sql for node "model.financial_twin.int_subscription_months"
[0m19:34:11.163157 [debug] [Thread-4 (]: Using duckdb connection "model.financial_twin.int_subscription_months"
[0m19:34:11.163878 [debug] [Thread-4 (]: On model.financial_twin.int_subscription_months: BEGIN
[0m19:34:11.164328 [debug] [Thread-4 (]: Opening a new connection, currently in state init
[0m19:34:11.165741 [debug] [Thread-4 (]: SQL status: OK in 0.001 seconds
[0m19:34:11.166344 [debug] [Thread-4 (]: Using duckdb connection "model.financial_twin.int_subscription_months"
[0m19:34:11.166902 [debug] [Thread-4 (]: On model.financial_twin.int_subscription_months: /* {"app": "dbt", "dbt_version": "1.8.0", "profile_name": "financial_twin", "target_name": "dev", "node_id": "model.financial_twin.int_subscription_months"} */

  
    
    

    create  table
      "financial_model"."main"."int_subscription_months__dbt_tmp"
  
    as (
      with calendar as (
    select distinct month_end from "financial_model"."main"."dim_calendar"
    where month_end = date_trunc('month', month_end) + interval '1 month' - interval '1 day'
),
subs as (
    select * from "financial_model"."main"."stg_subscriptions"
)
select
    c.month_end,
    s.subscription_id,
    s.customer_id,
    s.mrr,
    s.currency
from calendar c
cross join subs s
where s.start_date <= c.month_end
  and (s.end_date is null or s.end_date > c.month_end)
    );
  
  
[0m19:34:11.169229 [debug] [Thread-4 (]: SQL status: OK in 0.002 seconds
[0m19:34:11.172285 [debug] [Thread-4 (]: Using duckdb connection "model.financial_twin.int_subscription_months"
[0m19:34:11.172598 [debug] [Thread-4 (]: On model.financial_twin.int_subscription_months: /* {"app": "dbt", "dbt_version": "1.8.0", "profile_name": "financial_twin", "target_name": "dev", "node_id": "model.financial_twin.int_subscription_months"} */

    SELECT index_name
    FROM duckdb_indexes()
    WHERE schema_name = 'main'
      AND table_name = 'int_subscription_months'
  
[0m19:34:11.173435 [debug] [Thread-4 (]: SQL status: OK in 0.001 seconds
[0m19:34:11.174168 [debug] [Thread-4 (]: Using duckdb connection "model.financial_twin.int_subscription_months"
[0m19:34:11.174489 [debug] [Thread-4 (]: On model.financial_twin.int_subscription_months: /* {"app": "dbt", "dbt_version": "1.8.0", "profile_name": "financial_twin", "target_name": "dev", "node_id": "model.financial_twin.int_subscription_months"} */

    SELECT COUNT(*) as remaining_indexes
    FROM duckdb_indexes()
    WHERE schema_name = 'main'
      AND table_name = 'int_subscription_months'
  
[0m19:34:11.175054 [debug] [Thread-4 (]: SQL status: OK in 0.000 seconds
[0m19:34:11.176671 [debug] [Thread-4 (]: Using duckdb connection "model.financial_twin.int_subscription_months"
[0m19:34:11.176862 [debug] [Thread-4 (]: On model.financial_twin.int_subscription_months: /* {"app": "dbt", "dbt_version": "1.8.0", "profile_name": "financial_twin", "target_name": "dev", "node_id": "model.financial_twin.int_subscription_months"} */
alter table "financial_model"."main"."int_subscription_months" rename to "int_subscription_months__dbt_backup"
[0m19:34:11.177218 [debug] [Thread-4 (]: SQL status: OK in 0.000 seconds
[0m19:34:11.178662 [debug] [Thread-4 (]: Using duckdb connection "model.financial_twin.int_subscription_months"
[0m19:34:11.178838 [debug] [Thread-4 (]: On model.financial_twin.int_subscription_months: /* {"app": "dbt", "dbt_version": "1.8.0", "profile_name": "financial_twin", "target_name": "dev", "node_id": "model.financial_twin.int_subscription_months"} */
alter table "financial_model"."main"."int_subscription_months__dbt_tmp" rename to "int_subscription_months"
[0m19:34:11.179207 [debug] [Thread-4 (]: SQL status: OK in 0.000 seconds
[0m19:34:11.182589 [debug] [Thread-4 (]: On model.financial_twin.int_subscription_months: COMMIT
[0m19:34:11.182818 [debug] [Thread-4 (]: Using duckdb connection "model.financial_twin.int_subscription_months"
[0m19:34:11.182976 [debug] [Thread-4 (]: On model.financial_twin.int_subscription_months: COMMIT
[0m19:34:11.183868 [debug] [Thread-4 (]: SQL status: OK in 0.001 seconds
[0m19:34:11.217241 [debug] [Thread-4 (]: Using duckdb connection "model.financial_twin.int_subscription_months"
[0m19:34:11.217534 [debug] [Thread-4 (]: On model.financial_twin.int_subscription_months: /* {"app": "dbt", "dbt_version": "1.8.0", "profile_name": "financial_twin", "target_name": "dev", "node_id": "model.financial_twin.int_subscription_months"} */

      drop table if exists "financial_model"."main"."int_subscription_months__dbt_backup" cascade
    
[0m19:34:11.218101 [debug] [Thread-4 (]: SQL status: OK in 0.000 seconds
[0m19:34:11.218873 [debug] [Thread-4 (]: On model.financial_twin.int_subscription_months: Close
[0m19:34:11.219177 [debug] [Thread-4 (]: Sending event: {'category': 'dbt', 'action': 'run_model', 'label': '2a34af1b-5ae5-4d32-8dd4-b55ec64b91f7', 'context': [<snowplow_tracker.self_describing_json.SelfDescribingJson object at 0x1072ec9d0>]}
[0m19:34:11.219500 [info ] [Thread-4 (]: 4 of 7 OK created sql table model main.int_subscription_months ................. [[32mOK[0m in 0.09s]
[0m19:34:11.219984 [debug] [Thread-4 (]: Finished running node model.financial_twin.int_subscription_months
[0m19:34:11.220362 [debug] [Thread-3 (]: Began running node model.financial_twin.mart_finance_monthly
[0m19:34:11.220677 [info ] [Thread-3 (]: 5 of 7 START sql table model main.mart_finance_monthly ......................... [RUN]
[0m19:34:11.220904 [debug] [Thread-3 (]: Re-using an available connection from the pool (formerly model.financial_twin.stg_subscriptions, now model.financial_twin.mart_finance_monthly)
[0m19:34:11.221071 [debug] [Thread-3 (]: Began compiling node model.financial_twin.mart_finance_monthly
[0m19:34:11.222630 [debug] [Thread-3 (]: Writing injected SQL for node "model.financial_twin.mart_finance_monthly"
[0m19:34:11.223050 [debug] [Thread-3 (]: Began executing node model.financial_twin.mart_finance_monthly
[0m19:34:11.224779 [debug] [Thread-3 (]: Writing runtime sql for node "model.financial_twin.mart_finance_monthly"
[0m19:34:11.225171 [debug] [Thread-3 (]: Using duckdb connection "model.financial_twin.mart_finance_monthly"
[0m19:34:11.225340 [debug] [Thread-3 (]: On model.financial_twin.mart_finance_monthly: BEGIN
[0m19:34:11.225490 [debug] [Thread-3 (]: Opening a new connection, currently in state closed
[0m19:34:11.225904 [debug] [Thread-3 (]: SQL status: OK in 0.000 seconds
[0m19:34:11.226453 [debug] [Thread-3 (]: Using duckdb connection "model.financial_twin.mart_finance_monthly"
[0m19:34:11.226760 [debug] [Thread-3 (]: On model.financial_twin.mart_finance_monthly: /* {"app": "dbt", "dbt_version": "1.8.0", "profile_name": "financial_twin", "target_name": "dev", "node_id": "model.financial_twin.mart_finance_monthly"} */

  
    
    

    create  table
      "financial_model"."main"."mart_finance_monthly__dbt_tmp"
  
    as (
      with act as (
    select
        month_end,
        'ACT' as scenario,
        2 as scenario_id,
        count(distinct customer_id) as customers,
        sum(mrr) as mrr,
        sum(mrr) * 12 as arr
    from "financial_model"."main"."int_subscription_months"
    group by 1
),
bud as (
    select
        month_end,
        'BUD' as scenario,
        1 as scenario_id,
        budget_customers as customers,
        budget_mrr as mrr,
        budget_arr as arr
    from "financial_model"."main"."stg_budget"
)

select * from act
union all
select * from bud
    );
  
  
[0m19:34:11.229701 [debug] [Thread-3 (]: SQL status: OK in 0.003 seconds
[0m19:34:11.230401 [debug] [Thread-3 (]: Using duckdb connection "model.financial_twin.mart_finance_monthly"
[0m19:34:11.230594 [debug] [Thread-3 (]: On model.financial_twin.mart_finance_monthly: /* {"app": "dbt", "dbt_version": "1.8.0", "profile_name": "financial_twin", "target_name": "dev", "node_id": "model.financial_twin.mart_finance_monthly"} */

    SELECT index_name
    FROM duckdb_indexes()
    WHERE schema_name = 'main'
      AND table_name = 'mart_finance_monthly'
  
[0m19:34:11.231113 [debug] [Thread-3 (]: SQL status: OK in 0.000 seconds
[0m19:34:11.231681 [debug] [Thread-3 (]: Using duckdb connection "model.financial_twin.mart_finance_monthly"
[0m19:34:11.231859 [debug] [Thread-3 (]: On model.financial_twin.mart_finance_monthly: /* {"app": "dbt", "dbt_version": "1.8.0", "profile_name": "financial_twin", "target_name": "dev", "node_id": "model.financial_twin.mart_finance_monthly"} */

    SELECT COUNT(*) as remaining_indexes
    FROM duckdb_indexes()
    WHERE schema_name = 'main'
      AND table_name = 'mart_finance_monthly'
  
[0m19:34:11.232340 [debug] [Thread-3 (]: SQL status: OK in 0.000 seconds
[0m19:34:11.234025 [debug] [Thread-3 (]: Using duckdb connection "model.financial_twin.mart_finance_monthly"
[0m19:34:11.234280 [debug] [Thread-3 (]: On model.financial_twin.mart_finance_monthly: /* {"app": "dbt", "dbt_version": "1.8.0", "profile_name": "financial_twin", "target_name": "dev", "node_id": "model.financial_twin.mart_finance_monthly"} */
alter table "financial_model"."main"."mart_finance_monthly" rename to "mart_finance_monthly__dbt_backup"
[0m19:34:11.235926 [debug] [Thread-3 (]: SQL status: OK in 0.000 seconds
[0m19:34:11.237717 [debug] [Thread-3 (]: Using duckdb connection "model.financial_twin.mart_finance_monthly"
[0m19:34:11.237947 [debug] [Thread-3 (]: On model.financial_twin.mart_finance_monthly: /* {"app": "dbt", "dbt_version": "1.8.0", "profile_name": "financial_twin", "target_name": "dev", "node_id": "model.financial_twin.mart_finance_monthly"} */
alter table "financial_model"."main"."mart_finance_monthly__dbt_tmp" rename to "mart_finance_monthly"
[0m19:34:11.238442 [debug] [Thread-3 (]: SQL status: OK in 0.000 seconds
[0m19:34:11.240193 [debug] [Thread-3 (]: On model.financial_twin.mart_finance_monthly: COMMIT
[0m19:34:11.240444 [debug] [Thread-3 (]: Using duckdb connection "model.financial_twin.mart_finance_monthly"
[0m19:34:11.240607 [debug] [Thread-3 (]: On model.financial_twin.mart_finance_monthly: COMMIT
[0m19:34:11.241311 [debug] [Thread-3 (]: SQL status: OK in 0.001 seconds
[0m19:34:11.242564 [debug] [Thread-3 (]: Using duckdb connection "model.financial_twin.mart_finance_monthly"
[0m19:34:11.242734 [debug] [Thread-3 (]: On model.financial_twin.mart_finance_monthly: /* {"app": "dbt", "dbt_version": "1.8.0", "profile_name": "financial_twin", "target_name": "dev", "node_id": "model.financial_twin.mart_finance_monthly"} */

      drop table if exists "financial_model"."main"."mart_finance_monthly__dbt_backup" cascade
    
[0m19:34:11.243162 [debug] [Thread-3 (]: SQL status: OK in 0.000 seconds
[0m19:34:11.243823 [debug] [Thread-3 (]: On model.financial_twin.mart_finance_monthly: Close
[0m19:34:11.244081 [debug] [Thread-3 (]: Sending event: {'category': 'dbt', 'action': 'run_model', 'label': '2a34af1b-5ae5-4d32-8dd4-b55ec64b91f7', 'context': [<snowplow_tracker.self_describing_json.SelfDescribingJson object at 0x1072f1f50>]}
[0m19:34:11.244358 [info ] [Thread-3 (]: 5 of 7 OK created sql table model main.mart_finance_monthly .................... [[32mOK[0m in 0.02s]
[0m19:34:11.244615 [debug] [Thread-3 (]: Finished running node model.financial_twin.mart_finance_monthly
[0m19:34:11.244980 [debug] [Thread-1 (]: Began running node model.financial_twin.mart_consolidated_reporting
[0m19:34:11.245152 [debug] [Thread-4 (]: Began running node model.financial_twin.mart_forecast_input
[0m19:34:11.245405 [info ] [Thread-1 (]: 6 of 7 START sql table model main.mart_consolidated_reporting .................. [RUN]
[0m19:34:11.245663 [info ] [Thread-4 (]: 7 of 7 START sql table model main.mart_forecast_input .......................... [RUN]
[0m19:34:11.245892 [debug] [Thread-1 (]: Re-using an available connection from the pool (formerly model.financial_twin.stg_budget, now model.financial_twin.mart_consolidated_reporting)
[0m19:34:11.246086 [debug] [Thread-4 (]: Re-using an available connection from the pool (formerly model.financial_twin.int_subscription_months, now model.financial_twin.mart_forecast_input)
[0m19:34:11.246256 [debug] [Thread-1 (]: Began compiling node model.financial_twin.mart_consolidated_reporting
[0m19:34:11.246414 [debug] [Thread-4 (]: Began compiling node model.financial_twin.mart_forecast_input
[0m19:34:11.248061 [debug] [Thread-1 (]: Writing injected SQL for node "model.financial_twin.mart_consolidated_reporting"
[0m19:34:11.249225 [debug] [Thread-4 (]: Writing injected SQL for node "model.financial_twin.mart_forecast_input"
[0m19:34:11.249599 [debug] [Thread-4 (]: Began executing node model.financial_twin.mart_forecast_input
[0m19:34:11.249854 [debug] [Thread-1 (]: Began executing node model.financial_twin.mart_consolidated_reporting
[0m19:34:11.251483 [debug] [Thread-4 (]: Writing runtime sql for node "model.financial_twin.mart_forecast_input"
[0m19:34:11.253115 [debug] [Thread-1 (]: Writing runtime sql for node "model.financial_twin.mart_consolidated_reporting"
[0m19:34:11.253534 [debug] [Thread-4 (]: Using duckdb connection "model.financial_twin.mart_forecast_input"
[0m19:34:11.253706 [debug] [Thread-1 (]: Using duckdb connection "model.financial_twin.mart_consolidated_reporting"
[0m19:34:11.253876 [debug] [Thread-4 (]: On model.financial_twin.mart_forecast_input: BEGIN
[0m19:34:11.254041 [debug] [Thread-1 (]: On model.financial_twin.mart_consolidated_reporting: BEGIN
[0m19:34:11.254224 [debug] [Thread-4 (]: Opening a new connection, currently in state closed
[0m19:34:11.254402 [debug] [Thread-1 (]: Opening a new connection, currently in state closed
[0m19:34:11.254808 [debug] [Thread-4 (]: SQL status: OK in 0.001 seconds
[0m19:34:11.254971 [debug] [Thread-4 (]: Using duckdb connection "model.financial_twin.mart_forecast_input"
[0m19:34:11.255119 [debug] [Thread-1 (]: SQL status: OK in 0.001 seconds
[0m19:34:11.255295 [debug] [Thread-4 (]: On model.financial_twin.mart_forecast_input: /* {"app": "dbt", "dbt_version": "1.8.0", "profile_name": "financial_twin", "target_name": "dev", "node_id": "model.financial_twin.mart_forecast_input"} */

  
    
    

    create  table
      "financial_model"."main"."mart_forecast_input__dbt_tmp"
  
    as (
      select
    month_end as ds,
    mrr as y
from "financial_model"."main"."mart_finance_monthly"
where scenario = 'ACT'
order by ds
    );
  
  
[0m19:34:11.255462 [debug] [Thread-1 (]: Using duckdb connection "model.financial_twin.mart_consolidated_reporting"
[0m19:34:11.255732 [debug] [Thread-1 (]: On model.financial_twin.mart_consolidated_reporting: /* {"app": "dbt", "dbt_version": "1.8.0", "profile_name": "financial_twin", "target_name": "dev", "node_id": "model.financial_twin.mart_consolidated_reporting"} */

  
    
    

    create  table
      "financial_model"."main"."mart_consolidated_reporting__dbt_tmp"
  
    as (
      with act as (
    select
        month_end,
        'ACT' as scenario,
        2 as scenario_id,
        customers,
        mrr,
        arr
    from "financial_model"."main"."mart_finance_monthly"
    where scenario = 'ACT'
),
bud as (
    select
        month_end,
        'BUD' as scenario,
        1 as scenario_id,
        customers,
        mrr,
        arr
    from "financial_model"."main"."mart_finance_monthly"
    where scenario = 'BUD'
),
fct as (
    select
        month_end,
        'FCT' as scenario,
        3 as scenario_id,
        customers,
        mrr,
        arr
    from "financial_model"."main"."raw_forecast"
)

select * from act
union all
select * from bud
union all
select * from fct
    );
  
  
[0m19:34:11.256273 [debug] [Thread-4 (]: SQL status: OK in 0.001 seconds
[0m19:34:11.256808 [debug] [Thread-4 (]: Using duckdb connection "model.financial_twin.mart_forecast_input"
[0m19:34:11.256987 [debug] [Thread-4 (]: On model.financial_twin.mart_forecast_input: /* {"app": "dbt", "dbt_version": "1.8.0", "profile_name": "financial_twin", "target_name": "dev", "node_id": "model.financial_twin.mart_forecast_input"} */

    SELECT index_name
    FROM duckdb_indexes()
    WHERE schema_name = 'main'
      AND table_name = 'mart_forecast_input'
  
[0m19:34:11.257197 [debug] [Thread-1 (]: SQL status: OK in 0.001 seconds
[0m19:34:11.257680 [debug] [Thread-1 (]: Using duckdb connection "model.financial_twin.mart_consolidated_reporting"
[0m19:34:11.257853 [debug] [Thread-1 (]: On model.financial_twin.mart_consolidated_reporting: /* {"app": "dbt", "dbt_version": "1.8.0", "profile_name": "financial_twin", "target_name": "dev", "node_id": "model.financial_twin.mart_consolidated_reporting"} */

    SELECT index_name
    FROM duckdb_indexes()
    WHERE schema_name = 'main'
      AND table_name = 'mart_consolidated_reporting'
  
[0m19:34:11.258015 [debug] [Thread-4 (]: SQL status: OK in 0.001 seconds
[0m19:34:11.258583 [debug] [Thread-4 (]: Using duckdb connection "model.financial_twin.mart_forecast_input"
[0m19:34:11.258750 [debug] [Thread-4 (]: On model.financial_twin.mart_forecast_input: /* {"app": "dbt", "dbt_version": "1.8.0", "profile_name": "financial_twin", "target_name": "dev", "node_id": "model.financial_twin.mart_forecast_input"} */

    SELECT COUNT(*) as remaining_indexes
    FROM duckdb_indexes()
    WHERE schema_name = 'main'
      AND table_name = 'mart_forecast_input'
  
[0m19:34:11.258947 [debug] [Thread-1 (]: SQL status: OK in 0.001 seconds
[0m19:34:11.259481 [debug] [Thread-1 (]: Using duckdb connection "model.financial_twin.mart_consolidated_reporting"
[0m19:34:11.259650 [debug] [Thread-1 (]: On model.financial_twin.mart_consolidated_reporting: /* {"app": "dbt", "dbt_version": "1.8.0", "profile_name": "financial_twin", "target_name": "dev", "node_id": "model.financial_twin.mart_consolidated_reporting"} */

    SELECT COUNT(*) as remaining_indexes
    FROM duckdb_indexes()
    WHERE schema_name = 'main'
      AND table_name = 'mart_consolidated_reporting'
  
[0m19:34:11.259848 [debug] [Thread-4 (]: SQL status: OK in 0.001 seconds
[0m19:34:11.261371 [debug] [Thread-4 (]: Using duckdb connection "model.financial_twin.mart_forecast_input"
[0m19:34:11.261544 [debug] [Thread-4 (]: On model.financial_twin.mart_forecast_input: /* {"app": "dbt", "dbt_version": "1.8.0", "profile_name": "financial_twin", "target_name": "dev", "node_id": "model.financial_twin.mart_forecast_input"} */
alter table "financial_model"."main"."mart_forecast_input" rename to "mart_forecast_input__dbt_backup"
[0m19:34:11.261717 [debug] [Thread-1 (]: SQL status: OK in 0.002 seconds
[0m19:34:11.264191 [debug] [Thread-1 (]: Using duckdb connection "model.financial_twin.mart_consolidated_reporting"
[0m19:34:11.264386 [debug] [Thread-1 (]: On model.financial_twin.mart_consolidated_reporting: /* {"app": "dbt", "dbt_version": "1.8.0", "profile_name": "financial_twin", "target_name": "dev", "node_id": "model.financial_twin.mart_consolidated_reporting"} */
alter table "financial_model"."main"."mart_consolidated_reporting" rename to "mart_consolidated_reporting__dbt_backup"
[0m19:34:11.264536 [debug] [Thread-4 (]: SQL status: OK in 0.003 seconds
[0m19:34:11.265869 [debug] [Thread-4 (]: Using duckdb connection "model.financial_twin.mart_forecast_input"
[0m19:34:11.266031 [debug] [Thread-4 (]: On model.financial_twin.mart_forecast_input: /* {"app": "dbt", "dbt_version": "1.8.0", "profile_name": "financial_twin", "target_name": "dev", "node_id": "model.financial_twin.mart_forecast_input"} */
alter table "financial_model"."main"."mart_forecast_input__dbt_tmp" rename to "mart_forecast_input"
[0m19:34:11.266243 [debug] [Thread-1 (]: SQL status: OK in 0.002 seconds
[0m19:34:11.267505 [debug] [Thread-1 (]: Using duckdb connection "model.financial_twin.mart_consolidated_reporting"
[0m19:34:11.267669 [debug] [Thread-1 (]: On model.financial_twin.mart_consolidated_reporting: /* {"app": "dbt", "dbt_version": "1.8.0", "profile_name": "financial_twin", "target_name": "dev", "node_id": "model.financial_twin.mart_consolidated_reporting"} */
alter table "financial_model"."main"."mart_consolidated_reporting__dbt_tmp" rename to "mart_consolidated_reporting"
[0m19:34:11.267876 [debug] [Thread-4 (]: SQL status: OK in 0.002 seconds
[0m19:34:11.268575 [debug] [Thread-4 (]: On model.financial_twin.mart_forecast_input: COMMIT
[0m19:34:11.268729 [debug] [Thread-4 (]: Using duckdb connection "model.financial_twin.mart_forecast_input"
[0m19:34:11.268872 [debug] [Thread-4 (]: On model.financial_twin.mart_forecast_input: COMMIT
[0m19:34:11.269098 [debug] [Thread-1 (]: SQL status: OK in 0.001 seconds
[0m19:34:11.270031 [debug] [Thread-1 (]: On model.financial_twin.mart_consolidated_reporting: COMMIT
[0m19:34:11.270224 [debug] [Thread-4 (]: SQL status: OK in 0.001 seconds
[0m19:34:11.270360 [debug] [Thread-1 (]: Using duckdb connection "model.financial_twin.mart_consolidated_reporting"
[0m19:34:11.271464 [debug] [Thread-4 (]: Using duckdb connection "model.financial_twin.mart_forecast_input"
[0m19:34:11.271642 [debug] [Thread-1 (]: On model.financial_twin.mart_consolidated_reporting: COMMIT
[0m19:34:11.271814 [debug] [Thread-4 (]: On model.financial_twin.mart_forecast_input: /* {"app": "dbt", "dbt_version": "1.8.0", "profile_name": "financial_twin", "target_name": "dev", "node_id": "model.financial_twin.mart_forecast_input"} */

      drop table if exists "financial_model"."main"."mart_forecast_input__dbt_backup" cascade
    
[0m19:34:11.272268 [debug] [Thread-1 (]: SQL status: OK in 0.000 seconds
[0m19:34:11.272417 [debug] [Thread-4 (]: SQL status: OK in 0.000 seconds
[0m19:34:11.273448 [debug] [Thread-1 (]: Using duckdb connection "model.financial_twin.mart_consolidated_reporting"
[0m19:34:11.274006 [debug] [Thread-4 (]: On model.financial_twin.mart_forecast_input: Close
[0m19:34:11.274174 [debug] [Thread-1 (]: On model.financial_twin.mart_consolidated_reporting: /* {"app": "dbt", "dbt_version": "1.8.0", "profile_name": "financial_twin", "target_name": "dev", "node_id": "model.financial_twin.mart_consolidated_reporting"} */

      drop table if exists "financial_model"."main"."mart_consolidated_reporting__dbt_backup" cascade
    
[0m19:34:11.274437 [debug] [Thread-4 (]: Sending event: {'category': 'dbt', 'action': 'run_model', 'label': '2a34af1b-5ae5-4d32-8dd4-b55ec64b91f7', 'context': [<snowplow_tracker.self_describing_json.SelfDescribingJson object at 0x1072c14d0>]}
[0m19:34:11.274770 [info ] [Thread-4 (]: 7 of 7 OK created sql table model main.mart_forecast_input ..................... [[32mOK[0m in 0.03s]
[0m19:34:11.275046 [debug] [Thread-4 (]: Finished running node model.financial_twin.mart_forecast_input
[0m19:34:11.275196 [debug] [Thread-1 (]: SQL status: OK in 0.001 seconds
[0m19:34:11.275779 [debug] [Thread-1 (]: On model.financial_twin.mart_consolidated_reporting: Close
[0m19:34:11.275973 [debug] [Thread-1 (]: Sending event: {'category': 'dbt', 'action': 'run_model', 'label': '2a34af1b-5ae5-4d32-8dd4-b55ec64b91f7', 'context': [<snowplow_tracker.self_describing_json.SelfDescribingJson object at 0x107118710>]}
[0m19:34:11.276202 [info ] [Thread-1 (]: 6 of 7 OK created sql table model main.mart_consolidated_reporting ............. [[32mOK[0m in 0.03s]
[0m19:34:11.276431 [debug] [Thread-1 (]: Finished running node model.financial_twin.mart_consolidated_reporting
[0m19:34:11.277007 [debug] [MainThread]: Using duckdb connection "master"
[0m19:34:11.277145 [debug] [MainThread]: On master: BEGIN
[0m19:34:11.277263 [debug] [MainThread]: Opening a new connection, currently in state closed
[0m19:34:11.277501 [debug] [MainThread]: SQL status: OK in 0.000 seconds
[0m19:34:11.277629 [debug] [MainThread]: On master: COMMIT
[0m19:34:11.277749 [debug] [MainThread]: Using duckdb connection "master"
[0m19:34:11.277860 [debug] [MainThread]: On master: COMMIT
[0m19:34:11.278053 [debug] [MainThread]: SQL status: OK in 0.000 seconds
[0m19:34:11.278178 [debug] [MainThread]: On master: Close
[0m19:34:11.278332 [debug] [MainThread]: Connection 'master' was properly closed.
[0m19:34:11.278450 [debug] [MainThread]: Connection 'model.financial_twin.mart_consolidated_reporting' was properly closed.
[0m19:34:11.278563 [debug] [MainThread]: Connection 'model.financial_twin.stg_customers' was properly closed.
[0m19:34:11.278668 [debug] [MainThread]: Connection 'model.financial_twin.mart_finance_monthly' was properly closed.
[0m19:34:11.278775 [debug] [MainThread]: Connection 'model.financial_twin.mart_forecast_input' was properly closed.
[0m19:34:11.278940 [info ] [MainThread]: 
[0m19:34:11.279078 [info ] [MainThread]: Finished running 3 view models, 4 table models in 0 hours 0 minutes and 0.28 seconds (0.28s).
[0m19:34:11.279636 [debug] [MainThread]: Command end result
[0m19:34:11.294120 [info ] [MainThread]: 
[0m19:34:11.294364 [info ] [MainThread]: [32mCompleted successfully[0m
[0m19:34:11.294520 [info ] [MainThread]: 
[0m19:34:11.294669 [info ] [MainThread]: Done. PASS=7 WARN=0 ERROR=0 SKIP=0 TOTAL=7
[0m19:34:11.295449 [debug] [MainThread]: Resource report: {"command_name": "run", "command_success": true, "command_wall_clock_time": 0.631431, "process_user_time": 1.065543, "process_kernel_time": 0.168916, "process_mem_max_rss": "155746304", "process_in_blocks": "0", "process_out_blocks": "0"}
[0m19:34:11.295712 [debug] [MainThread]: Command `dbt run` succeeded at 19:34:11.295675 after 0.63 seconds
[0m19:34:11.295886 [debug] [MainThread]: Sending event: {'category': 'dbt', 'action': 'invocation', 'label': 'end', 'context': [<snowplow_tracker.self_describing_json.SelfDescribingJson object at 0x102607190>, <snowplow_tracker.self_describing_json.SelfDescribingJson object at 0x10257bfd0>, <snowplow_tracker.self_describing_json.SelfDescribingJson object at 0x1025dd210>]}
[0m19:34:11.296043 [debug] [MainThread]: Flushing usage events
[0m19:34:53.261440 [debug] [MainThread]: Sending event: {'category': 'dbt', 'action': 'invocation', 'label': 'start', 'context': [<snowplow_tracker.self_describing_json.SelfDescribingJson object at 0x1052d3ad0>, <snowplow_tracker.self_describing_json.SelfDescribingJson object at 0x1052d2b10>, <snowplow_tracker.self_describing_json.SelfDescribingJson object at 0x10534a990>]}


============================== 19:34:53.263911 | 1598c953-0484-4aef-8652-9e95b894404f ==============================
[0m19:34:53.263911 [info ] [MainThread]: Running with dbt=1.8.0
[0m19:34:53.264235 [debug] [MainThread]: running dbt with arguments {'printer_width': '80', 'indirect_selection': 'eager', 'log_cache_events': 'False', 'write_json': 'True', 'partial_parse': 'True', 'cache_selected_only': 'False', 'warn_error': 'None', 'debug': 'False', 'fail_fast': 'False', 'log_path': '/Users/admin/Desktop/Portfolio/dbt_financial/logs', 'profiles_dir': '.', 'version_check': 'True', 'use_colors': 'True', 'use_experimental_parser': 'False', 'no_print': 'None', 'quiet': 'False', 'log_format': 'default', 'invocation_command': 'dbt run --profiles-dir .', 'introspect': 'True', 'warn_error_options': 'WarnErrorOptions(include=[], exclude=[])', 'target_path': 'None', 'static_parser': 'True', 'send_anonymous_usage_stats': 'True'}
[0m19:34:53.368551 [debug] [MainThread]: Sending event: {'category': 'dbt', 'action': 'project_id', 'label': '1598c953-0484-4aef-8652-9e95b894404f', 'context': [<snowplow_tracker.self_describing_json.SelfDescribingJson object at 0x105389750>]}
[0m19:34:53.395670 [debug] [MainThread]: Sending event: {'category': 'dbt', 'action': 'adapter_info', 'label': '1598c953-0484-4aef-8652-9e95b894404f', 'context': [<snowplow_tracker.self_describing_json.SelfDescribingJson object at 0x1037e2f90>]}
[0m19:34:53.397378 [info ] [MainThread]: Registered adapter: duckdb=1.10.0
[0m19:34:53.458485 [debug] [MainThread]: checksum: dbb12d416fdb55e3665e4828703bbedf40c5c90ed7ca6ff39bbbfb29b12b0a92, vars: {}, profile: , target: , version: 1.8.0
[0m19:34:53.513033 [debug] [MainThread]: Partial parsing enabled: 0 files deleted, 0 files added, 0 files changed.
[0m19:34:53.513287 [debug] [MainThread]: Partial parsing enabled, no changes found, skipping parsing
[0m19:34:53.528732 [debug] [MainThread]: Sending event: {'category': 'dbt', 'action': 'load_project', 'label': '1598c953-0484-4aef-8652-9e95b894404f', 'context': [<snowplow_tracker.self_describing_json.SelfDescribingJson object at 0x10578c590>]}
[0m19:34:53.573865 [debug] [MainThread]: Sending event: {'category': 'dbt', 'action': 'resource_counts', 'label': '1598c953-0484-4aef-8652-9e95b894404f', 'context': [<snowplow_tracker.self_describing_json.SelfDescribingJson object at 0x1057a8550>]}
[0m19:34:53.574223 [info ] [MainThread]: Found 7 models, 5 sources, 438 macros
[0m19:34:53.574398 [debug] [MainThread]: Sending event: {'category': 'dbt', 'action': 'runnable_timing', 'label': '1598c953-0484-4aef-8652-9e95b894404f', 'context': [<snowplow_tracker.self_describing_json.SelfDescribingJson object at 0x1056c00d0>]}
[0m19:34:53.575491 [info ] [MainThread]: 
[0m19:34:53.575807 [debug] [MainThread]: Acquiring new duckdb connection 'master'
[0m19:34:53.578122 [debug] [ThreadPool]: Acquiring new duckdb connection 'list_financial_model'
[0m19:34:53.604367 [debug] [ThreadPool]: Using duckdb connection "list_financial_model"
[0m19:34:53.604623 [debug] [ThreadPool]: On list_financial_model: /* {"app": "dbt", "dbt_version": "1.8.0", "profile_name": "financial_twin", "target_name": "dev", "connection_name": "list_financial_model"} */

    
    select schema_name
    from system.information_schema.schemata
    
    where lower(catalog_name) = '"financial_model"'
    
  
  
[0m19:34:53.604782 [debug] [ThreadPool]: Opening a new connection, currently in state init
[0m19:34:53.613093 [debug] [ThreadPool]: SQL status: OK in 0.008 seconds
[0m19:34:53.613770 [debug] [ThreadPool]: On list_financial_model: Close
[0m19:34:53.614130 [debug] [ThreadPool]: Re-using an available connection from the pool (formerly list_financial_model, now create_financial_model_main)
[0m19:34:53.614377 [debug] [ThreadPool]: Creating schema "database: "financial_model"
schema: "main"
"
[0m19:34:53.617523 [debug] [ThreadPool]: Using duckdb connection "create_financial_model_main"
[0m19:34:53.617689 [debug] [ThreadPool]: On create_financial_model_main: /* {"app": "dbt", "dbt_version": "1.8.0", "profile_name": "financial_twin", "target_name": "dev", "connection_name": "create_financial_model_main"} */

    
        select type from duckdb_databases()
        where lower(database_name)='financial_model'
        and type='sqlite'
    
  
[0m19:34:53.617823 [debug] [ThreadPool]: Opening a new connection, currently in state closed
[0m19:34:53.618281 [debug] [ThreadPool]: SQL status: OK in 0.000 seconds
[0m19:34:53.618973 [debug] [ThreadPool]: Using duckdb connection "create_financial_model_main"
[0m19:34:53.619135 [debug] [ThreadPool]: On create_financial_model_main: BEGIN
[0m19:34:53.619383 [debug] [ThreadPool]: SQL status: OK in 0.000 seconds
[0m19:34:53.619510 [debug] [ThreadPool]: Using duckdb connection "create_financial_model_main"
[0m19:34:53.619635 [debug] [ThreadPool]: On create_financial_model_main: /* {"app": "dbt", "dbt_version": "1.8.0", "profile_name": "financial_twin", "target_name": "dev", "connection_name": "create_financial_model_main"} */

    
    
        create schema if not exists "financial_model"."main"
    
[0m19:34:53.619873 [debug] [ThreadPool]: SQL status: OK in 0.000 seconds
[0m19:34:53.620212 [debug] [ThreadPool]: On create_financial_model_main: COMMIT
[0m19:34:53.620342 [debug] [ThreadPool]: Using duckdb connection "create_financial_model_main"
[0m19:34:53.620459 [debug] [ThreadPool]: On create_financial_model_main: COMMIT
[0m19:34:53.620657 [debug] [ThreadPool]: SQL status: OK in 0.000 seconds
[0m19:34:53.620782 [debug] [ThreadPool]: On create_financial_model_main: Close
[0m19:34:53.621425 [debug] [ThreadPool]: Re-using an available connection from the pool (formerly create_financial_model_main, now list_financial_model_main)
[0m19:34:53.623963 [debug] [ThreadPool]: Using duckdb connection "list_financial_model_main"
[0m19:34:53.624119 [debug] [ThreadPool]: On list_financial_model_main: BEGIN
[0m19:34:53.624242 [debug] [ThreadPool]: Opening a new connection, currently in state closed
[0m19:34:53.624580 [debug] [ThreadPool]: SQL status: OK in 0.000 seconds
[0m19:34:53.624708 [debug] [ThreadPool]: Using duckdb connection "list_financial_model_main"
[0m19:34:53.624839 [debug] [ThreadPool]: On list_financial_model_main: /* {"app": "dbt", "dbt_version": "1.8.0", "profile_name": "financial_twin", "target_name": "dev", "connection_name": "list_financial_model_main"} */
select
      'financial_model' as database,
      table_name as name,
      table_schema as schema,
      CASE table_type
        WHEN 'BASE TABLE' THEN 'table'
        WHEN 'VIEW' THEN 'view'
        WHEN 'LOCAL TEMPORARY' THEN 'table'
        END as type
    from system.information_schema.tables
    where lower(table_schema) = 'main'
    and lower(table_catalog) = 'financial_model'
  
[0m19:34:53.632068 [debug] [ThreadPool]: SQL status: OK in 0.007 seconds
[0m19:34:53.632809 [debug] [ThreadPool]: On list_financial_model_main: ROLLBACK
[0m19:34:53.633550 [debug] [ThreadPool]: Failed to rollback 'list_financial_model_main'
[0m19:34:53.633709 [debug] [ThreadPool]: On list_financial_model_main: Close
[0m19:34:53.635425 [debug] [MainThread]: Sending event: {'category': 'dbt', 'action': 'runnable_timing', 'label': '1598c953-0484-4aef-8652-9e95b894404f', 'context': [<snowplow_tracker.self_describing_json.SelfDescribingJson object at 0x105564450>]}
[0m19:34:53.635660 [debug] [MainThread]: Using duckdb connection "master"
[0m19:34:53.635792 [debug] [MainThread]: On master: BEGIN
[0m19:34:53.635916 [debug] [MainThread]: Opening a new connection, currently in state init
[0m19:34:53.636237 [debug] [MainThread]: SQL status: OK in 0.000 seconds
[0m19:34:53.636375 [debug] [MainThread]: On master: COMMIT
[0m19:34:53.636494 [debug] [MainThread]: Using duckdb connection "master"
[0m19:34:53.636610 [debug] [MainThread]: On master: COMMIT
[0m19:34:53.636813 [debug] [MainThread]: SQL status: OK in 0.000 seconds
[0m19:34:53.636941 [debug] [MainThread]: On master: Close
[0m19:34:53.637138 [info ] [MainThread]: Concurrency: 4 threads (target='dev')
[0m19:34:53.637288 [info ] [MainThread]: 
[0m19:34:53.638581 [debug] [Thread-1 (]: Began running node model.financial_twin.stg_budget
[0m19:34:53.638755 [debug] [Thread-2 (]: Began running node model.financial_twin.stg_customers
[0m19:34:53.638927 [debug] [Thread-3 (]: Began running node model.financial_twin.stg_subscriptions
[0m19:34:53.639164 [info ] [Thread-1 (]: 1 of 7 START sql view model main.stg_budget .................................... [RUN]
[0m19:34:53.639420 [info ] [Thread-2 (]: 2 of 7 START sql view model main.stg_customers ................................. [RUN]
[0m19:34:53.639666 [info ] [Thread-3 (]: 3 of 7 START sql view model main.stg_subscriptions ............................. [RUN]
[0m19:34:53.639876 [debug] [Thread-1 (]: Re-using an available connection from the pool (formerly list_financial_model_main, now model.financial_twin.stg_budget)
[0m19:34:53.640090 [debug] [Thread-2 (]: Acquiring new duckdb connection 'model.financial_twin.stg_customers'
[0m19:34:53.640289 [debug] [Thread-3 (]: Acquiring new duckdb connection 'model.financial_twin.stg_subscriptions'
[0m19:34:53.640455 [debug] [Thread-1 (]: Began compiling node model.financial_twin.stg_budget
[0m19:34:53.640606 [debug] [Thread-2 (]: Began compiling node model.financial_twin.stg_customers
[0m19:34:53.640752 [debug] [Thread-3 (]: Began compiling node model.financial_twin.stg_subscriptions
[0m19:34:53.644751 [debug] [Thread-1 (]: Writing injected SQL for node "model.financial_twin.stg_budget"
[0m19:34:53.646050 [debug] [Thread-2 (]: Writing injected SQL for node "model.financial_twin.stg_customers"
[0m19:34:53.647280 [debug] [Thread-3 (]: Writing injected SQL for node "model.financial_twin.stg_subscriptions"
[0m19:34:53.647683 [debug] [Thread-2 (]: Began executing node model.financial_twin.stg_customers
[0m19:34:53.653212 [debug] [Thread-1 (]: Began executing node model.financial_twin.stg_budget
[0m19:34:53.653395 [debug] [Thread-3 (]: Began executing node model.financial_twin.stg_subscriptions
[0m19:34:53.662274 [debug] [Thread-2 (]: Writing runtime sql for node "model.financial_twin.stg_customers"
[0m19:34:53.664078 [debug] [Thread-1 (]: Writing runtime sql for node "model.financial_twin.stg_budget"
[0m19:34:53.665626 [debug] [Thread-3 (]: Writing runtime sql for node "model.financial_twin.stg_subscriptions"
[0m19:34:53.666058 [debug] [Thread-2 (]: Using duckdb connection "model.financial_twin.stg_customers"
[0m19:34:53.666256 [debug] [Thread-1 (]: Using duckdb connection "model.financial_twin.stg_budget"
[0m19:34:53.666397 [debug] [Thread-2 (]: On model.financial_twin.stg_customers: BEGIN
[0m19:34:53.666546 [debug] [Thread-3 (]: Using duckdb connection "model.financial_twin.stg_subscriptions"
[0m19:34:53.666699 [debug] [Thread-1 (]: On model.financial_twin.stg_budget: BEGIN
[0m19:34:53.666849 [debug] [Thread-2 (]: Opening a new connection, currently in state init
[0m19:34:53.666996 [debug] [Thread-3 (]: On model.financial_twin.stg_subscriptions: BEGIN
[0m19:34:53.667134 [debug] [Thread-1 (]: Opening a new connection, currently in state closed
[0m19:34:53.667426 [debug] [Thread-3 (]: Opening a new connection, currently in state init
[0m19:34:53.667629 [debug] [Thread-2 (]: SQL status: OK in 0.001 seconds
[0m19:34:53.667946 [debug] [Thread-2 (]: Using duckdb connection "model.financial_twin.stg_customers"
[0m19:34:53.668113 [debug] [Thread-2 (]: On model.financial_twin.stg_customers: /* {"app": "dbt", "dbt_version": "1.8.0", "profile_name": "financial_twin", "target_name": "dev", "node_id": "model.financial_twin.stg_customers"} */

  
  create view "financial_model"."main"."stg_customers__dbt_tmp" as (
    with source as (
    select * from "financial_model"."main"."raw_customers"
)
select
    customer_id,
    acquisition_date::date as acquisition_date,
    segment
from source
  );

[0m19:34:53.668462 [debug] [Thread-1 (]: SQL status: OK in 0.001 seconds
[0m19:34:53.668680 [debug] [Thread-3 (]: SQL status: OK in 0.001 seconds
[0m19:34:53.668971 [debug] [Thread-1 (]: Using duckdb connection "model.financial_twin.stg_budget"
[0m19:34:53.669173 [debug] [Thread-2 (]: SQL status: OK in 0.000 seconds
[0m19:34:53.669320 [debug] [Thread-3 (]: Using duckdb connection "model.financial_twin.stg_subscriptions"
[0m19:34:53.669490 [debug] [Thread-1 (]: On model.financial_twin.stg_budget: /* {"app": "dbt", "dbt_version": "1.8.0", "profile_name": "financial_twin", "target_name": "dev", "node_id": "model.financial_twin.stg_budget"} */

  
  create view "financial_model"."main"."stg_budget__dbt_tmp" as (
    with source as (
    select * from "financial_model"."main"."fct_budget_monthly"
)
select
    scenario_id,
    month_end::date as month_end,
    fiscal_year,
    budget_mrr,
    budget_customers,
    budget_arr,
    ev_multiple
from source
  );

[0m19:34:53.672857 [debug] [Thread-2 (]: Using duckdb connection "model.financial_twin.stg_customers"
[0m19:34:53.673128 [debug] [Thread-3 (]: On model.financial_twin.stg_subscriptions: /* {"app": "dbt", "dbt_version": "1.8.0", "profile_name": "financial_twin", "target_name": "dev", "node_id": "model.financial_twin.stg_subscriptions"} */

  
  create view "financial_model"."main"."stg_subscriptions__dbt_tmp" as (
    with source as (
    select * from "financial_model"."main"."raw_subscriptions"
)
select
    subscription_id,
    customer_id,
    start_date::date as start_date,
    end_date::date as end_date,
    mrr,
    currency
from source
  );

[0m19:34:53.673488 [debug] [Thread-2 (]: On model.financial_twin.stg_customers: /* {"app": "dbt", "dbt_version": "1.8.0", "profile_name": "financial_twin", "target_name": "dev", "node_id": "model.financial_twin.stg_customers"} */
alter view "financial_model"."main"."stg_customers" rename to "stg_customers__dbt_backup"
[0m19:34:53.673777 [debug] [Thread-1 (]: SQL status: OK in 0.000 seconds
[0m19:34:53.674000 [debug] [Thread-3 (]: SQL status: OK in 0.000 seconds
[0m19:34:53.675663 [debug] [Thread-1 (]: Using duckdb connection "model.financial_twin.stg_budget"
[0m19:34:53.675863 [debug] [Thread-2 (]: SQL status: OK in 0.002 seconds
[0m19:34:53.677987 [debug] [Thread-3 (]: Using duckdb connection "model.financial_twin.stg_subscriptions"
[0m19:34:53.678227 [debug] [Thread-1 (]: On model.financial_twin.stg_budget: /* {"app": "dbt", "dbt_version": "1.8.0", "profile_name": "financial_twin", "target_name": "dev", "node_id": "model.financial_twin.stg_budget"} */
alter view "financial_model"."main"."stg_budget" rename to "stg_budget__dbt_backup"
[0m19:34:53.679617 [debug] [Thread-2 (]: Using duckdb connection "model.financial_twin.stg_customers"
[0m19:34:53.679809 [debug] [Thread-3 (]: On model.financial_twin.stg_subscriptions: /* {"app": "dbt", "dbt_version": "1.8.0", "profile_name": "financial_twin", "target_name": "dev", "node_id": "model.financial_twin.stg_subscriptions"} */
alter view "financial_model"."main"."stg_subscriptions" rename to "stg_subscriptions__dbt_backup"
[0m19:34:53.680135 [debug] [Thread-2 (]: On model.financial_twin.stg_customers: /* {"app": "dbt", "dbt_version": "1.8.0", "profile_name": "financial_twin", "target_name": "dev", "node_id": "model.financial_twin.stg_customers"} */
alter view "financial_model"."main"."stg_customers__dbt_tmp" rename to "stg_customers"
[0m19:34:53.680422 [debug] [Thread-1 (]: SQL status: OK in 0.000 seconds
[0m19:34:53.681779 [debug] [Thread-1 (]: Using duckdb connection "model.financial_twin.stg_budget"
[0m19:34:53.681983 [debug] [Thread-1 (]: On model.financial_twin.stg_budget: /* {"app": "dbt", "dbt_version": "1.8.0", "profile_name": "financial_twin", "target_name": "dev", "node_id": "model.financial_twin.stg_budget"} */
alter view "financial_model"."main"."stg_budget__dbt_tmp" rename to "stg_budget"
[0m19:34:53.682275 [debug] [Thread-3 (]: SQL status: OK in 0.002 seconds
[0m19:34:53.683591 [debug] [Thread-3 (]: Using duckdb connection "model.financial_twin.stg_subscriptions"
[0m19:34:53.683778 [debug] [Thread-3 (]: On model.financial_twin.stg_subscriptions: /* {"app": "dbt", "dbt_version": "1.8.0", "profile_name": "financial_twin", "target_name": "dev", "node_id": "model.financial_twin.stg_subscriptions"} */
alter view "financial_model"."main"."stg_subscriptions__dbt_tmp" rename to "stg_subscriptions"
[0m19:34:53.683986 [debug] [Thread-2 (]: SQL status: OK in 0.004 seconds
[0m19:34:53.689750 [debug] [Thread-1 (]: SQL status: OK in 0.008 seconds
[0m19:34:53.690780 [debug] [Thread-2 (]: On model.financial_twin.stg_customers: COMMIT
[0m19:34:53.691528 [debug] [Thread-1 (]: On model.financial_twin.stg_budget: COMMIT
[0m19:34:53.691688 [debug] [Thread-3 (]: SQL status: OK in 0.008 seconds
[0m19:34:53.691872 [debug] [Thread-2 (]: Using duckdb connection "model.financial_twin.stg_customers"
[0m19:34:53.692021 [debug] [Thread-1 (]: Using duckdb connection "model.financial_twin.stg_budget"
[0m19:34:53.692721 [debug] [Thread-3 (]: On model.financial_twin.stg_subscriptions: COMMIT
[0m19:34:53.692881 [debug] [Thread-2 (]: On model.financial_twin.stg_customers: COMMIT
[0m19:34:53.693026 [debug] [Thread-1 (]: On model.financial_twin.stg_budget: COMMIT
[0m19:34:53.693171 [debug] [Thread-3 (]: Using duckdb connection "model.financial_twin.stg_subscriptions"
[0m19:34:53.693518 [debug] [Thread-3 (]: On model.financial_twin.stg_subscriptions: COMMIT
[0m19:34:53.693830 [debug] [Thread-2 (]: SQL status: OK in 0.000 seconds
[0m19:34:53.696542 [debug] [Thread-2 (]: Using duckdb connection "model.financial_twin.stg_customers"
[0m19:34:53.696746 [debug] [Thread-2 (]: On model.financial_twin.stg_customers: /* {"app": "dbt", "dbt_version": "1.8.0", "profile_name": "financial_twin", "target_name": "dev", "node_id": "model.financial_twin.stg_customers"} */

      drop view if exists "financial_model"."main"."stg_customers__dbt_backup" cascade
    
[0m19:34:53.697002 [debug] [Thread-1 (]: SQL status: OK in 0.004 seconds
[0m19:34:53.697206 [debug] [Thread-3 (]: SQL status: OK in 0.003 seconds
[0m19:34:53.698297 [debug] [Thread-1 (]: Using duckdb connection "model.financial_twin.stg_budget"
[0m19:34:53.699340 [debug] [Thread-3 (]: Using duckdb connection "model.financial_twin.stg_subscriptions"
[0m19:34:53.699515 [debug] [Thread-1 (]: On model.financial_twin.stg_budget: /* {"app": "dbt", "dbt_version": "1.8.0", "profile_name": "financial_twin", "target_name": "dev", "node_id": "model.financial_twin.stg_budget"} */

      drop view if exists "financial_model"."main"."stg_budget__dbt_backup" cascade
    
[0m19:34:53.699668 [debug] [Thread-2 (]: SQL status: OK in 0.003 seconds
[0m19:34:53.699841 [debug] [Thread-3 (]: On model.financial_twin.stg_subscriptions: /* {"app": "dbt", "dbt_version": "1.8.0", "profile_name": "financial_twin", "target_name": "dev", "node_id": "model.financial_twin.stg_subscriptions"} */

      drop view if exists "financial_model"."main"."stg_subscriptions__dbt_backup" cascade
    
[0m19:34:53.701009 [debug] [Thread-2 (]: On model.financial_twin.stg_customers: Close
[0m19:34:53.701574 [debug] [Thread-1 (]: SQL status: OK in 0.002 seconds
[0m19:34:53.701840 [debug] [Thread-3 (]: SQL status: OK in 0.001 seconds
[0m19:34:53.702141 [debug] [Thread-2 (]: Sending event: {'category': 'dbt', 'action': 'run_model', 'label': '1598c953-0484-4aef-8652-9e95b894404f', 'context': [<snowplow_tracker.self_describing_json.SelfDescribingJson object at 0x105d0ba90>]}
[0m19:34:53.702803 [debug] [Thread-1 (]: On model.financial_twin.stg_budget: Close
[0m19:34:53.703417 [debug] [Thread-3 (]: On model.financial_twin.stg_subscriptions: Close
[0m19:34:53.703755 [info ] [Thread-2 (]: 2 of 7 OK created sql view model main.stg_customers ............................ [[32mOK[0m in 0.06s]
[0m19:34:53.704069 [debug] [Thread-1 (]: Sending event: {'category': 'dbt', 'action': 'run_model', 'label': '1598c953-0484-4aef-8652-9e95b894404f', 'context': [<snowplow_tracker.self_describing_json.SelfDescribingJson object at 0x105b1f4d0>]}
[0m19:34:53.704305 [debug] [Thread-3 (]: Sending event: {'category': 'dbt', 'action': 'run_model', 'label': '1598c953-0484-4aef-8652-9e95b894404f', 'context': [<snowplow_tracker.self_describing_json.SelfDescribingJson object at 0x105c45690>]}
[0m19:34:53.704616 [debug] [Thread-2 (]: Finished running node model.financial_twin.stg_customers
[0m19:34:53.704944 [info ] [Thread-1 (]: 1 of 7 OK created sql view model main.stg_budget ............................... [[32mOK[0m in 0.06s]
[0m19:34:53.705263 [info ] [Thread-3 (]: 3 of 7 OK created sql view model main.stg_subscriptions ........................ [[32mOK[0m in 0.06s]
[0m19:34:53.705617 [debug] [Thread-1 (]: Finished running node model.financial_twin.stg_budget
[0m19:34:53.705860 [debug] [Thread-3 (]: Finished running node model.financial_twin.stg_subscriptions
[0m19:34:53.706279 [debug] [Thread-4 (]: Began running node model.financial_twin.int_subscription_months
[0m19:34:53.706530 [info ] [Thread-4 (]: 4 of 7 START sql table model main.int_subscription_months ...................... [RUN]
[0m19:34:53.706864 [debug] [Thread-4 (]: Acquiring new duckdb connection 'model.financial_twin.int_subscription_months'
[0m19:34:53.707036 [debug] [Thread-4 (]: Began compiling node model.financial_twin.int_subscription_months
[0m19:34:53.708626 [debug] [Thread-4 (]: Writing injected SQL for node "model.financial_twin.int_subscription_months"
[0m19:34:53.709030 [debug] [Thread-4 (]: Began executing node model.financial_twin.int_subscription_months
[0m19:34:53.718332 [debug] [Thread-4 (]: Writing runtime sql for node "model.financial_twin.int_subscription_months"
[0m19:34:53.718917 [debug] [Thread-4 (]: Using duckdb connection "model.financial_twin.int_subscription_months"
[0m19:34:53.719118 [debug] [Thread-4 (]: On model.financial_twin.int_subscription_months: BEGIN
[0m19:34:53.719281 [debug] [Thread-4 (]: Opening a new connection, currently in state init
[0m19:34:53.719660 [debug] [Thread-4 (]: SQL status: OK in 0.000 seconds
[0m19:34:53.719831 [debug] [Thread-4 (]: Using duckdb connection "model.financial_twin.int_subscription_months"
[0m19:34:53.720010 [debug] [Thread-4 (]: On model.financial_twin.int_subscription_months: /* {"app": "dbt", "dbt_version": "1.8.0", "profile_name": "financial_twin", "target_name": "dev", "node_id": "model.financial_twin.int_subscription_months"} */

  
    
    

    create  table
      "financial_model"."main"."int_subscription_months__dbt_tmp"
  
    as (
      with calendar as (
    select distinct month_end from "financial_model"."main"."dim_calendar"
    where month_end = date_trunc('month', month_end) + interval '1 month' - interval '1 day'
),
subs as (
    select * from "financial_model"."main"."stg_subscriptions"
)
select
    c.month_end,
    s.subscription_id,
    s.customer_id,
    s.mrr,
    s.currency
from calendar c
cross join subs s
where s.start_date <= c.month_end
  and (s.end_date is null or s.end_date > c.month_end)
    );
  
  
[0m19:34:53.722342 [debug] [Thread-4 (]: SQL status: OK in 0.002 seconds
[0m19:34:53.725116 [debug] [Thread-4 (]: Using duckdb connection "model.financial_twin.int_subscription_months"
[0m19:34:53.725355 [debug] [Thread-4 (]: On model.financial_twin.int_subscription_months: /* {"app": "dbt", "dbt_version": "1.8.0", "profile_name": "financial_twin", "target_name": "dev", "node_id": "model.financial_twin.int_subscription_months"} */

    SELECT index_name
    FROM duckdb_indexes()
    WHERE schema_name = 'main'
      AND table_name = 'int_subscription_months'
  
[0m19:34:53.725965 [debug] [Thread-4 (]: SQL status: OK in 0.000 seconds
[0m19:34:53.726580 [debug] [Thread-4 (]: Using duckdb connection "model.financial_twin.int_subscription_months"
[0m19:34:53.726855 [debug] [Thread-4 (]: On model.financial_twin.int_subscription_months: /* {"app": "dbt", "dbt_version": "1.8.0", "profile_name": "financial_twin", "target_name": "dev", "node_id": "model.financial_twin.int_subscription_months"} */

    SELECT COUNT(*) as remaining_indexes
    FROM duckdb_indexes()
    WHERE schema_name = 'main'
      AND table_name = 'int_subscription_months'
  
[0m19:34:53.727353 [debug] [Thread-4 (]: SQL status: OK in 0.000 seconds
[0m19:34:53.728975 [debug] [Thread-4 (]: Using duckdb connection "model.financial_twin.int_subscription_months"
[0m19:34:53.729184 [debug] [Thread-4 (]: On model.financial_twin.int_subscription_months: /* {"app": "dbt", "dbt_version": "1.8.0", "profile_name": "financial_twin", "target_name": "dev", "node_id": "model.financial_twin.int_subscription_months"} */
alter table "financial_model"."main"."int_subscription_months" rename to "int_subscription_months__dbt_backup"
[0m19:34:53.729576 [debug] [Thread-4 (]: SQL status: OK in 0.000 seconds
[0m19:34:53.731047 [debug] [Thread-4 (]: Using duckdb connection "model.financial_twin.int_subscription_months"
[0m19:34:53.731240 [debug] [Thread-4 (]: On model.financial_twin.int_subscription_months: /* {"app": "dbt", "dbt_version": "1.8.0", "profile_name": "financial_twin", "target_name": "dev", "node_id": "model.financial_twin.int_subscription_months"} */
alter table "financial_model"."main"."int_subscription_months__dbt_tmp" rename to "int_subscription_months"
[0m19:34:53.731580 [debug] [Thread-4 (]: SQL status: OK in 0.000 seconds
[0m19:34:53.736364 [debug] [Thread-4 (]: On model.financial_twin.int_subscription_months: COMMIT
[0m19:34:53.736633 [debug] [Thread-4 (]: Using duckdb connection "model.financial_twin.int_subscription_months"
[0m19:34:53.736793 [debug] [Thread-4 (]: On model.financial_twin.int_subscription_months: COMMIT
[0m19:34:53.737645 [debug] [Thread-4 (]: SQL status: OK in 0.001 seconds
[0m19:34:53.770587 [debug] [Thread-4 (]: Using duckdb connection "model.financial_twin.int_subscription_months"
[0m19:34:53.770860 [debug] [Thread-4 (]: On model.financial_twin.int_subscription_months: /* {"app": "dbt", "dbt_version": "1.8.0", "profile_name": "financial_twin", "target_name": "dev", "node_id": "model.financial_twin.int_subscription_months"} */

      drop table if exists "financial_model"."main"."int_subscription_months__dbt_backup" cascade
    
[0m19:34:53.771469 [debug] [Thread-4 (]: SQL status: OK in 0.000 seconds
[0m19:34:53.772133 [debug] [Thread-4 (]: On model.financial_twin.int_subscription_months: Close
[0m19:34:53.772391 [debug] [Thread-4 (]: Sending event: {'category': 'dbt', 'action': 'run_model', 'label': '1598c953-0484-4aef-8652-9e95b894404f', 'context': [<snowplow_tracker.self_describing_json.SelfDescribingJson object at 0x105dc9c10>]}
[0m19:34:53.772670 [info ] [Thread-4 (]: 4 of 7 OK created sql table model main.int_subscription_months ................. [[32mOK[0m in 0.07s]
[0m19:34:53.772931 [debug] [Thread-4 (]: Finished running node model.financial_twin.int_subscription_months
[0m19:34:53.773269 [debug] [Thread-1 (]: Began running node model.financial_twin.mart_finance_monthly
[0m19:34:53.773560 [info ] [Thread-1 (]: 5 of 7 START sql table model main.mart_finance_monthly ......................... [RUN]
[0m19:34:53.773774 [debug] [Thread-1 (]: Re-using an available connection from the pool (formerly model.financial_twin.stg_budget, now model.financial_twin.mart_finance_monthly)
[0m19:34:53.773942 [debug] [Thread-1 (]: Began compiling node model.financial_twin.mart_finance_monthly
[0m19:34:53.775396 [debug] [Thread-1 (]: Writing injected SQL for node "model.financial_twin.mart_finance_monthly"
[0m19:34:53.775740 [debug] [Thread-1 (]: Began executing node model.financial_twin.mart_finance_monthly
[0m19:34:53.777297 [debug] [Thread-1 (]: Writing runtime sql for node "model.financial_twin.mart_finance_monthly"
[0m19:34:53.777577 [debug] [Thread-1 (]: Using duckdb connection "model.financial_twin.mart_finance_monthly"
[0m19:34:53.777731 [debug] [Thread-1 (]: On model.financial_twin.mart_finance_monthly: BEGIN
[0m19:34:53.777874 [debug] [Thread-1 (]: Opening a new connection, currently in state closed
[0m19:34:53.778181 [debug] [Thread-1 (]: SQL status: OK in 0.000 seconds
[0m19:34:53.778331 [debug] [Thread-1 (]: Using duckdb connection "model.financial_twin.mart_finance_monthly"
[0m19:34:53.778499 [debug] [Thread-1 (]: On model.financial_twin.mart_finance_monthly: /* {"app": "dbt", "dbt_version": "1.8.0", "profile_name": "financial_twin", "target_name": "dev", "node_id": "model.financial_twin.mart_finance_monthly"} */

  
    
    

    create  table
      "financial_model"."main"."mart_finance_monthly__dbt_tmp"
  
    as (
      with act as (
    select
        month_end,
        'ACT' as scenario,
        2 as scenario_id,
        count(distinct customer_id) as customers,
        sum(mrr) as mrr,
        sum(mrr) * 12 as arr
    from "financial_model"."main"."int_subscription_months"
    group by 1
),
bud as (
    select
        month_end,
        'BUD' as scenario,
        1 as scenario_id,
        budget_customers as customers,
        budget_mrr as mrr,
        budget_arr as arr
    from "financial_model"."main"."stg_budget"
)

select * from act
union all
select * from bud
    );
  
  
[0m19:34:53.781295 [debug] [Thread-1 (]: SQL status: OK in 0.003 seconds
[0m19:34:53.781901 [debug] [Thread-1 (]: Using duckdb connection "model.financial_twin.mart_finance_monthly"
[0m19:34:53.782067 [debug] [Thread-1 (]: On model.financial_twin.mart_finance_monthly: /* {"app": "dbt", "dbt_version": "1.8.0", "profile_name": "financial_twin", "target_name": "dev", "node_id": "model.financial_twin.mart_finance_monthly"} */

    SELECT index_name
    FROM duckdb_indexes()
    WHERE schema_name = 'main'
      AND table_name = 'mart_finance_monthly'
  
[0m19:34:53.782507 [debug] [Thread-1 (]: SQL status: OK in 0.000 seconds
[0m19:34:53.783036 [debug] [Thread-1 (]: Using duckdb connection "model.financial_twin.mart_finance_monthly"
[0m19:34:53.783204 [debug] [Thread-1 (]: On model.financial_twin.mart_finance_monthly: /* {"app": "dbt", "dbt_version": "1.8.0", "profile_name": "financial_twin", "target_name": "dev", "node_id": "model.financial_twin.mart_finance_monthly"} */

    SELECT COUNT(*) as remaining_indexes
    FROM duckdb_indexes()
    WHERE schema_name = 'main'
      AND table_name = 'mart_finance_monthly'
  
[0m19:34:53.783627 [debug] [Thread-1 (]: SQL status: OK in 0.000 seconds
[0m19:34:53.785474 [debug] [Thread-1 (]: Using duckdb connection "model.financial_twin.mart_finance_monthly"
[0m19:34:53.785685 [debug] [Thread-1 (]: On model.financial_twin.mart_finance_monthly: /* {"app": "dbt", "dbt_version": "1.8.0", "profile_name": "financial_twin", "target_name": "dev", "node_id": "model.financial_twin.mart_finance_monthly"} */
alter table "financial_model"."main"."mart_finance_monthly" rename to "mart_finance_monthly__dbt_backup"
[0m19:34:53.786048 [debug] [Thread-1 (]: SQL status: OK in 0.000 seconds
[0m19:34:53.787446 [debug] [Thread-1 (]: Using duckdb connection "model.financial_twin.mart_finance_monthly"
[0m19:34:53.787608 [debug] [Thread-1 (]: On model.financial_twin.mart_finance_monthly: /* {"app": "dbt", "dbt_version": "1.8.0", "profile_name": "financial_twin", "target_name": "dev", "node_id": "model.financial_twin.mart_finance_monthly"} */
alter table "financial_model"."main"."mart_finance_monthly__dbt_tmp" rename to "mart_finance_monthly"
[0m19:34:53.787913 [debug] [Thread-1 (]: SQL status: OK in 0.000 seconds
[0m19:34:53.788681 [debug] [Thread-1 (]: On model.financial_twin.mart_finance_monthly: COMMIT
[0m19:34:53.788846 [debug] [Thread-1 (]: Using duckdb connection "model.financial_twin.mart_finance_monthly"
[0m19:34:53.788997 [debug] [Thread-1 (]: On model.financial_twin.mart_finance_monthly: COMMIT
[0m19:34:53.789522 [debug] [Thread-1 (]: SQL status: OK in 0.000 seconds
[0m19:34:53.790587 [debug] [Thread-1 (]: Using duckdb connection "model.financial_twin.mart_finance_monthly"
[0m19:34:53.790743 [debug] [Thread-1 (]: On model.financial_twin.mart_finance_monthly: /* {"app": "dbt", "dbt_version": "1.8.0", "profile_name": "financial_twin", "target_name": "dev", "node_id": "model.financial_twin.mart_finance_monthly"} */

      drop table if exists "financial_model"."main"."mart_finance_monthly__dbt_backup" cascade
    
[0m19:34:53.791094 [debug] [Thread-1 (]: SQL status: OK in 0.000 seconds
[0m19:34:53.791666 [debug] [Thread-1 (]: On model.financial_twin.mart_finance_monthly: Close
[0m19:34:53.791913 [debug] [Thread-1 (]: Sending event: {'category': 'dbt', 'action': 'run_model', 'label': '1598c953-0484-4aef-8652-9e95b894404f', 'context': [<snowplow_tracker.self_describing_json.SelfDescribingJson object at 0x105467410>]}
[0m19:34:53.792178 [info ] [Thread-1 (]: 5 of 7 OK created sql table model main.mart_finance_monthly .................... [[32mOK[0m in 0.02s]
[0m19:34:53.792427 [debug] [Thread-1 (]: Finished running node model.financial_twin.mart_finance_monthly
[0m19:34:53.792776 [debug] [Thread-2 (]: Began running node model.financial_twin.mart_consolidated_reporting
[0m19:34:53.792967 [debug] [Thread-4 (]: Began running node model.financial_twin.mart_forecast_input
[0m19:34:53.793214 [info ] [Thread-2 (]: 6 of 7 START sql table model main.mart_consolidated_reporting .................. [RUN]
[0m19:34:53.793466 [info ] [Thread-4 (]: 7 of 7 START sql table model main.mart_forecast_input .......................... [RUN]
[0m19:34:53.793678 [debug] [Thread-2 (]: Re-using an available connection from the pool (formerly model.financial_twin.stg_customers, now model.financial_twin.mart_consolidated_reporting)
[0m19:34:53.793860 [debug] [Thread-4 (]: Re-using an available connection from the pool (formerly model.financial_twin.int_subscription_months, now model.financial_twin.mart_forecast_input)
[0m19:34:53.794027 [debug] [Thread-2 (]: Began compiling node model.financial_twin.mart_consolidated_reporting
[0m19:34:53.794178 [debug] [Thread-4 (]: Began compiling node model.financial_twin.mart_forecast_input
[0m19:34:53.795786 [debug] [Thread-2 (]: Writing injected SQL for node "model.financial_twin.mart_consolidated_reporting"
[0m19:34:53.796942 [debug] [Thread-4 (]: Writing injected SQL for node "model.financial_twin.mart_forecast_input"
[0m19:34:53.797307 [debug] [Thread-4 (]: Began executing node model.financial_twin.mart_forecast_input
[0m19:34:53.797458 [debug] [Thread-2 (]: Began executing node model.financial_twin.mart_consolidated_reporting
[0m19:34:53.799192 [debug] [Thread-4 (]: Writing runtime sql for node "model.financial_twin.mart_forecast_input"
[0m19:34:53.800748 [debug] [Thread-2 (]: Writing runtime sql for node "model.financial_twin.mart_consolidated_reporting"
[0m19:34:53.801091 [debug] [Thread-4 (]: Using duckdb connection "model.financial_twin.mart_forecast_input"
[0m19:34:53.801259 [debug] [Thread-2 (]: Using duckdb connection "model.financial_twin.mart_consolidated_reporting"
[0m19:34:53.801421 [debug] [Thread-4 (]: On model.financial_twin.mart_forecast_input: BEGIN
[0m19:34:53.801579 [debug] [Thread-2 (]: On model.financial_twin.mart_consolidated_reporting: BEGIN
[0m19:34:53.801821 [debug] [Thread-4 (]: Opening a new connection, currently in state closed
[0m19:34:53.802008 [debug] [Thread-2 (]: Opening a new connection, currently in state closed
[0m19:34:53.802395 [debug] [Thread-4 (]: SQL status: OK in 0.001 seconds
[0m19:34:53.802561 [debug] [Thread-4 (]: Using duckdb connection "model.financial_twin.mart_forecast_input"
[0m19:34:53.802707 [debug] [Thread-2 (]: SQL status: OK in 0.001 seconds
[0m19:34:53.802884 [debug] [Thread-4 (]: On model.financial_twin.mart_forecast_input: /* {"app": "dbt", "dbt_version": "1.8.0", "profile_name": "financial_twin", "target_name": "dev", "node_id": "model.financial_twin.mart_forecast_input"} */

  
    
    

    create  table
      "financial_model"."main"."mart_forecast_input__dbt_tmp"
  
    as (
      select
    month_end as ds,
    mrr as y
from "financial_model"."main"."mart_finance_monthly"
where scenario = 'ACT'
order by ds
    );
  
  
[0m19:34:53.803059 [debug] [Thread-2 (]: Using duckdb connection "model.financial_twin.mart_consolidated_reporting"
[0m19:34:53.803319 [debug] [Thread-2 (]: On model.financial_twin.mart_consolidated_reporting: /* {"app": "dbt", "dbt_version": "1.8.0", "profile_name": "financial_twin", "target_name": "dev", "node_id": "model.financial_twin.mart_consolidated_reporting"} */

  
    
    

    create  table
      "financial_model"."main"."mart_consolidated_reporting__dbt_tmp"
  
    as (
      with act as (
    select
        month_end,
        'ACT' as scenario,
        2 as scenario_id,
        customers,
        mrr,
        arr
    from "financial_model"."main"."mart_finance_monthly"
    where scenario = 'ACT'
),
bud as (
    select
        month_end,
        'BUD' as scenario,
        1 as scenario_id,
        customers,
        mrr,
        arr
    from "financial_model"."main"."mart_finance_monthly"
    where scenario = 'BUD'
),
fct as (
    select
        month_end,
        'FCT' as scenario,
        3 as scenario_id,
        customers,
        mrr,
        arr
    from "financial_model"."main"."raw_forecast"
)

select * from act
union all
select * from bud
union all
select * from fct
    );
  
  
[0m19:34:53.803780 [debug] [Thread-4 (]: SQL status: OK in 0.001 seconds
[0m19:34:53.804289 [debug] [Thread-4 (]: Using duckdb connection "model.financial_twin.mart_forecast_input"
[0m19:34:53.804497 [debug] [Thread-4 (]: On model.financial_twin.mart_forecast_input: /* {"app": "dbt", "dbt_version": "1.8.0", "profile_name": "financial_twin", "target_name": "dev", "node_id": "model.financial_twin.mart_forecast_input"} */

    SELECT index_name
    FROM duckdb_indexes()
    WHERE schema_name = 'main'
      AND table_name = 'mart_forecast_input'
  
[0m19:34:53.804702 [debug] [Thread-2 (]: SQL status: OK in 0.001 seconds
[0m19:34:53.805119 [debug] [Thread-2 (]: Using duckdb connection "model.financial_twin.mart_consolidated_reporting"
[0m19:34:53.805299 [debug] [Thread-2 (]: On model.financial_twin.mart_consolidated_reporting: /* {"app": "dbt", "dbt_version": "1.8.0", "profile_name": "financial_twin", "target_name": "dev", "node_id": "model.financial_twin.mart_consolidated_reporting"} */

    SELECT index_name
    FROM duckdb_indexes()
    WHERE schema_name = 'main'
      AND table_name = 'mart_consolidated_reporting'
  
[0m19:34:53.805481 [debug] [Thread-4 (]: SQL status: OK in 0.001 seconds
[0m19:34:53.806127 [debug] [Thread-4 (]: Using duckdb connection "model.financial_twin.mart_forecast_input"
[0m19:34:53.806299 [debug] [Thread-4 (]: On model.financial_twin.mart_forecast_input: /* {"app": "dbt", "dbt_version": "1.8.0", "profile_name": "financial_twin", "target_name": "dev", "node_id": "model.financial_twin.mart_forecast_input"} */

    SELECT COUNT(*) as remaining_indexes
    FROM duckdb_indexes()
    WHERE schema_name = 'main'
      AND table_name = 'mart_forecast_input'
  
[0m19:34:53.806500 [debug] [Thread-2 (]: SQL status: OK in 0.001 seconds
[0m19:34:53.807037 [debug] [Thread-2 (]: Using duckdb connection "model.financial_twin.mart_consolidated_reporting"
[0m19:34:53.807212 [debug] [Thread-2 (]: On model.financial_twin.mart_consolidated_reporting: /* {"app": "dbt", "dbt_version": "1.8.0", "profile_name": "financial_twin", "target_name": "dev", "node_id": "model.financial_twin.mart_consolidated_reporting"} */

    SELECT COUNT(*) as remaining_indexes
    FROM duckdb_indexes()
    WHERE schema_name = 'main'
      AND table_name = 'mart_consolidated_reporting'
  
[0m19:34:53.807370 [debug] [Thread-4 (]: SQL status: OK in 0.001 seconds
[0m19:34:53.809086 [debug] [Thread-4 (]: Using duckdb connection "model.financial_twin.mart_forecast_input"
[0m19:34:53.809279 [debug] [Thread-4 (]: On model.financial_twin.mart_forecast_input: /* {"app": "dbt", "dbt_version": "1.8.0", "profile_name": "financial_twin", "target_name": "dev", "node_id": "model.financial_twin.mart_forecast_input"} */
alter table "financial_model"."main"."mart_forecast_input" rename to "mart_forecast_input__dbt_backup"
[0m19:34:53.809439 [debug] [Thread-2 (]: SQL status: OK in 0.002 seconds
[0m19:34:53.811878 [debug] [Thread-2 (]: Using duckdb connection "model.financial_twin.mart_consolidated_reporting"
[0m19:34:53.812080 [debug] [Thread-2 (]: On model.financial_twin.mart_consolidated_reporting: /* {"app": "dbt", "dbt_version": "1.8.0", "profile_name": "financial_twin", "target_name": "dev", "node_id": "model.financial_twin.mart_consolidated_reporting"} */
alter table "financial_model"."main"."mart_consolidated_reporting" rename to "mart_consolidated_reporting__dbt_backup"
[0m19:34:53.812228 [debug] [Thread-4 (]: SQL status: OK in 0.003 seconds
[0m19:34:53.813540 [debug] [Thread-4 (]: Using duckdb connection "model.financial_twin.mart_forecast_input"
[0m19:34:53.813702 [debug] [Thread-4 (]: On model.financial_twin.mart_forecast_input: /* {"app": "dbt", "dbt_version": "1.8.0", "profile_name": "financial_twin", "target_name": "dev", "node_id": "model.financial_twin.mart_forecast_input"} */
alter table "financial_model"."main"."mart_forecast_input__dbt_tmp" rename to "mart_forecast_input"
[0m19:34:53.813887 [debug] [Thread-2 (]: SQL status: OK in 0.001 seconds
[0m19:34:53.815202 [debug] [Thread-2 (]: Using duckdb connection "model.financial_twin.mart_consolidated_reporting"
[0m19:34:53.815371 [debug] [Thread-2 (]: On model.financial_twin.mart_consolidated_reporting: /* {"app": "dbt", "dbt_version": "1.8.0", "profile_name": "financial_twin", "target_name": "dev", "node_id": "model.financial_twin.mart_consolidated_reporting"} */
alter table "financial_model"."main"."mart_consolidated_reporting__dbt_tmp" rename to "mart_consolidated_reporting"
[0m19:34:53.815513 [debug] [Thread-4 (]: SQL status: OK in 0.002 seconds
[0m19:34:53.816285 [debug] [Thread-4 (]: On model.financial_twin.mart_forecast_input: COMMIT
[0m19:34:53.816440 [debug] [Thread-4 (]: Using duckdb connection "model.financial_twin.mart_forecast_input"
[0m19:34:53.816583 [debug] [Thread-4 (]: On model.financial_twin.mart_forecast_input: COMMIT
[0m19:34:53.816808 [debug] [Thread-2 (]: SQL status: OK in 0.001 seconds
[0m19:34:53.817494 [debug] [Thread-2 (]: On model.financial_twin.mart_consolidated_reporting: COMMIT
[0m19:34:53.817649 [debug] [Thread-2 (]: Using duckdb connection "model.financial_twin.mart_consolidated_reporting"
[0m19:34:53.817790 [debug] [Thread-2 (]: On model.financial_twin.mart_consolidated_reporting: COMMIT
[0m19:34:53.818016 [debug] [Thread-4 (]: SQL status: OK in 0.001 seconds
[0m19:34:53.819284 [debug] [Thread-4 (]: Using duckdb connection "model.financial_twin.mart_forecast_input"
[0m19:34:53.819480 [debug] [Thread-2 (]: SQL status: OK in 0.002 seconds
[0m19:34:53.819647 [debug] [Thread-4 (]: On model.financial_twin.mart_forecast_input: /* {"app": "dbt", "dbt_version": "1.8.0", "profile_name": "financial_twin", "target_name": "dev", "node_id": "model.financial_twin.mart_forecast_input"} */

      drop table if exists "financial_model"."main"."mart_forecast_input__dbt_backup" cascade
    
[0m19:34:53.820871 [debug] [Thread-2 (]: Using duckdb connection "model.financial_twin.mart_consolidated_reporting"
[0m19:34:53.821350 [debug] [Thread-2 (]: On model.financial_twin.mart_consolidated_reporting: /* {"app": "dbt", "dbt_version": "1.8.0", "profile_name": "financial_twin", "target_name": "dev", "node_id": "model.financial_twin.mart_consolidated_reporting"} */

      drop table if exists "financial_model"."main"."mart_consolidated_reporting__dbt_backup" cascade
    
[0m19:34:53.821528 [debug] [Thread-4 (]: SQL status: OK in 0.000 seconds
[0m19:34:53.822245 [debug] [Thread-4 (]: On model.financial_twin.mart_forecast_input: Close
[0m19:34:53.822526 [debug] [Thread-4 (]: Sending event: {'category': 'dbt', 'action': 'run_model', 'label': '1598c953-0484-4aef-8652-9e95b894404f', 'context': [<snowplow_tracker.self_describing_json.SelfDescribingJson object at 0x1053813d0>]}
[0m19:34:53.822694 [debug] [Thread-2 (]: SQL status: OK in 0.001 seconds
[0m19:34:53.822982 [info ] [Thread-4 (]: 7 of 7 OK created sql table model main.mart_forecast_input ..................... [[32mOK[0m in 0.03s]
[0m19:34:53.823618 [debug] [Thread-2 (]: On model.financial_twin.mart_consolidated_reporting: Close
[0m19:34:53.823870 [debug] [Thread-4 (]: Finished running node model.financial_twin.mart_forecast_input
[0m19:34:53.824097 [debug] [Thread-2 (]: Sending event: {'category': 'dbt', 'action': 'run_model', 'label': '1598c953-0484-4aef-8652-9e95b894404f', 'context': [<snowplow_tracker.self_describing_json.SelfDescribingJson object at 0x105435bd0>]}
[0m19:34:53.824447 [info ] [Thread-2 (]: 6 of 7 OK created sql table model main.mart_consolidated_reporting ............. [[32mOK[0m in 0.03s]
[0m19:34:53.824709 [debug] [Thread-2 (]: Finished running node model.financial_twin.mart_consolidated_reporting
[0m19:34:53.825373 [debug] [MainThread]: Using duckdb connection "master"
[0m19:34:53.825543 [debug] [MainThread]: On master: BEGIN
[0m19:34:53.825663 [debug] [MainThread]: Opening a new connection, currently in state closed
[0m19:34:53.826006 [debug] [MainThread]: SQL status: OK in 0.000 seconds
[0m19:34:53.826156 [debug] [MainThread]: On master: COMMIT
[0m19:34:53.826278 [debug] [MainThread]: Using duckdb connection "master"
[0m19:34:53.826395 [debug] [MainThread]: On master: COMMIT
[0m19:34:53.826618 [debug] [MainThread]: SQL status: OK in 0.000 seconds
[0m19:34:53.826751 [debug] [MainThread]: On master: Close
[0m19:34:53.826921 [debug] [MainThread]: Connection 'master' was properly closed.
[0m19:34:53.827043 [debug] [MainThread]: Connection 'model.financial_twin.mart_finance_monthly' was properly closed.
[0m19:34:53.827157 [debug] [MainThread]: Connection 'model.financial_twin.mart_consolidated_reporting' was properly closed.
[0m19:34:53.827268 [debug] [MainThread]: Connection 'model.financial_twin.stg_subscriptions' was properly closed.
[0m19:34:53.827375 [debug] [MainThread]: Connection 'model.financial_twin.mart_forecast_input' was properly closed.
[0m19:34:53.827557 [info ] [MainThread]: 
[0m19:34:53.827706 [info ] [MainThread]: Finished running 3 view models, 4 table models in 0 hours 0 minutes and 0.25 seconds (0.25s).
[0m19:34:53.828269 [debug] [MainThread]: Command end result
[0m19:34:53.844480 [info ] [MainThread]: 
[0m19:34:53.844751 [info ] [MainThread]: [32mCompleted successfully[0m
[0m19:34:53.844908 [info ] [MainThread]: 
[0m19:34:53.845072 [info ] [MainThread]: Done. PASS=7 WARN=0 ERROR=0 SKIP=0 TOTAL=7
[0m19:34:53.846383 [debug] [MainThread]: Resource report: {"command_name": "run", "command_success": true, "command_wall_clock_time": 0.6127797, "process_user_time": 1.07075, "process_kernel_time": 0.179649, "process_mem_max_rss": "156368896", "process_in_blocks": "0", "process_out_blocks": "0"}
[0m19:34:53.846663 [debug] [MainThread]: Command `dbt run` succeeded at 19:34:53.846623 after 0.61 seconds
[0m19:34:53.846852 [debug] [MainThread]: Sending event: {'category': 'dbt', 'action': 'invocation', 'label': 'end', 'context': [<snowplow_tracker.self_describing_json.SelfDescribingJson object at 0x10506d190>, <snowplow_tracker.self_describing_json.SelfDescribingJson object at 0x1010ff190>, <snowplow_tracker.self_describing_json.SelfDescribingJson object at 0x101073fd0>]}
[0m19:34:53.847025 [debug] [MainThread]: Flushing usage events
